2001-09-03,113.67
2001-09-04,115.68
2001-09-05,115.6
2001-09-06,114.97
2001-09-07,114.05
2001-09-10,114.57
2001-09-17,112.01
2001-09-18,111.92
2001-09-19,111.61
2001-09-20,111.87
2001-09-21,113.04
2001-09-24,112.84
2001-09-25,112.28
2001-09-26,112.29
2001-09-27,112.98
2001-09-28,113.48
2001-10-01,113
2001-10-02,113.01
2001-10-03,113.4
2001-10-04,113.16
2001-10-05,112.91
2001-10-08,112.59
2001-10-09,113.35
2001-10-10,113.7
2001-10-11,114.44
2001-10-12,113.89
2001-10-15,113.82
2001-10-16,113.92
2001-10-17,114.38
2001-10-18,114.35
2001-10-19,114.86
2001-10-22,115.75
2001-10-23,115.85
2001-10-24,115.6
2001-10-25,115.55
2001-10-26,115.65
2001-10-29,114.44
2001-10-30,114.35
2001-10-31,114.86
2001-11-01,114.46
2001-11-02,114.54
2001-11-05,114.54
2001-11-06,114.81
2001-11-07,114.98
2001-11-08,115.13
2001-11-09,115.09
2001-11-12,115.34
2001-11-13,116.4
2001-11-14,116.2
2001-11-15,116.51
2001-11-16,116.41
2001-11-19,116.93
2001-11-20,116.62
2001-11-21,117.15
2001-11-22,117.3
2001-11-23,117.33
2001-11-26,117.11
2001-11-27,116.89
2001-11-28,116.17
2001-11-29,116.13
2001-11-30,116.13
2001-12-03,115.96
2001-12-04,116.08
2001-12-05,116.41
2001-12-06,115.63
2001-12-07,116.15
2001-12-10,116.26
2001-12-11,116.05
2001-12-12,115.33
2001-12-13,115.8
2001-12-14,114.93
2001-12-17,114.93
2001-12-18,115.15
2001-12-19,115.48
2001-12-20,115.59
2001-12-21,116.98
2001-12-24,117.94
2001-12-26,117.85
2001-12-27,117.57
2001-12-28,117.26
2001-12-31,116.75
2002-01-02,115.79
2002-01-03,116.11
2002-01-04,116.33
2002-01-07,116.33
2002-01-08,116.83
2002-01-09,117.01
2002-01-10,116.88
2002-01-11,116.64
2002-01-14,116.64
2002-01-15,117.29
2002-01-16,117.59
2002-01-17,117.85
2002-01-18,117.51
2002-01-21,117.66
2002-01-22,117.75
2002-01-23,118.47
2002-01-24,118.64
2002-01-25,119.85
2002-01-28,120.04
2002-01-29,119.62
2002-01-30,119.73
2002-01-31,120.24
2002-02-01,119.79
2002-02-04,118.9
2002-02-05,119.4
2002-02-06,119.3
2002-02-07,119.07
2002-02-08,118.98
2002-02-11,118.44
2002-02-12,118.25
2002-02-13,118.8
2002-02-14,118.43
2002-02-15,118.6
2002-02-18,118.76
2002-02-19,118.36
2002-02-20,118.93
2002-02-21,119.16
2002-02-22,118.48
2002-02-25,119.13
2002-02-26,119.82
2002-02-27,119.57
2002-02-28,119.16
2002-03-01,119.4
2002-03-04,118.81
2002-03-05,118.57
2002-03-06,117.96
2002-03-07,116.8
2002-03-08,117.99
2002-03-11,117.73
2002-03-12,117.8
2002-03-13,117.96
2002-03-14,117.29
2002-03-15,117.22
2002-03-18,117.5
2002-03-19,117.5
2002-03-20,117.22
2002-03-21,117.52
2002-03-22,118.05
2002-03-25,118.1
2002-03-26,118.14
2002-03-27,118.54
2002-03-28,118.62
2002-04-01,117.77
2002-04-02,117.92
2002-04-03,117.68
2002-04-04,117.94
2002-04-05,117.69
2002-04-08,118.2
2002-04-09,117.59
2002-04-10,117.51
2002-04-11,117.37
2002-04-12,117.74
2002-04-15,117.64
2002-04-16,117.37
2002-04-17,116.6
2002-04-18,116.39
2002-04-19,116.29
2002-04-22,116.43
2002-04-23,116.57
2002-04-24,116.15
2002-04-25,115.45
2002-04-26,115.04
2002-04-29,114.89
2002-04-30,115.19
2002-05-01,114.54
2002-05-02,114.87
2002-05-03,113.59
2002-05-06,113.66
2002-05-07,113.92
2002-05-08,114.91
2002-05-09,114.52
2002-05-10,113.95
2002-05-13,114.15
2002-05-14,115.09
2002-05-15,114.12
2002-05-16,114.13
2002-05-17,113
2002-05-20,112.82
2002-05-21,112.8
2002-05-22,112.33
2002-05-23,112.79
2002-05-24,112.8
2002-05-27,113
2002-05-28,112.1
2002-05-29,111.49
2002-05-30,111.17
2002-05-31,111.81
2002-06-03,111.3
2002-06-04,111.09
2002-06-05,111.34
2002-06-06,110.83
2002-06-07,110.99
2002-06-10,111.1
2002-06-11,110.78
2002-06-12,111
2002-06-13,111.15
2002-06-14,110.76
2002-06-17,110.85
2002-06-18,110.2
2002-06-19,109.67
2002-06-20,108.94
2002-06-21,108.19
2002-06-24,108.21
2002-06-25,107.57
2002-06-26,106.56
2002-06-27,106.37
2002-06-28,106.11
2002-07-01,106.51
2002-07-02,106.8
2002-07-03,107.05
2002-07-04,107.34
2002-07-05,107.67
2002-07-08,106.3
2002-07-09,105.65
2002-07-10,106.01
2002-07-11,105.72
2002-07-12,105.89
2002-07-15,104.67
2002-07-16,104.49
2002-07-17,104.42
2002-07-18,104.47
2002-07-19,104.06
2002-07-22,104.75
2002-07-23,106.66
2002-07-24,105.52
2002-07-25,105.12
2002-07-26,106.61
2002-07-29,107.1
2002-07-30,106.8
2002-07-31,107.41
2002-08-01,107.02
2002-08-02,106.67
2002-08-05,107.27
2002-08-06,108.69
2002-08-07,107.85
2002-08-08,108.66
2002-08-09,108.21
2002-08-12,107.41
2002-08-13,107.11
2002-08-14,106.79
2002-08-15,106.72
2002-08-16,106.72
2002-08-19,107.52
2002-08-20,107.31
2002-08-21,107.14
2002-08-22,108.13
2002-08-23,107.97
2002-08-26,107.86
2002-08-27,106.77
2002-08-28,107.08
2002-08-29,106.7
2002-08-30,106.98
2002-09-03,105.57
2002-09-04,106.1
2002-09-05,105.98
2002-09-06,106.84
2002-09-09,107.1
2002-09-10,107.52
2002-09-11,107.62
2002-09-12,107.16
2002-09-13,108.06
2002-09-16,108.24
2002-09-17,108.33
2002-09-18,107.76
2002-09-19,107
2002-09-20,107.53
2002-09-23,107.86
2002-09-24,107.52
2002-09-25,107.79
2002-09-26,107.68
2002-09-27,107.53
2002-09-30,106.87
2002-10-01,107.07
2002-10-02,107.16
2002-10-03,106.97
2002-10-04,107.6
2002-10-07,107.55
2002-10-08,108.07
2002-10-09,106.94
2002-10-10,107.2
2002-10-11,107.25
2002-10-14,107.15
2002-10-15,107.78
2002-10-16,107.63
2002-10-17,108.37
2002-10-18,108.52
2002-10-21,108.23
2002-10-22,107.94
2002-10-23,108
2002-10-24,107.91
2002-10-25,107.92
2002-10-28,107.16
2002-10-29,107.07
2002-10-30,107.07
2002-10-31,106.64
2002-11-01,106.08
2002-11-04,106.12
2002-11-05,105.87
2002-11-06,105.6
2002-11-07,104.97
2002-11-08,104.5
2002-11-11,104.57
2002-11-12,104.66
2002-11-13,105.1
2002-11-14,105.21
2002-11-15,105.04
2002-11-18,105.2
2002-11-19,105.67
2002-11-20,105.87
2002-11-21,105.81
2002-11-22,106.12
2002-11-25,106.54
2002-11-26,106.53
2002-11-27,106.77
2002-11-28,106.54
2002-11-29,106.41
2002-12-02,106.35
2002-12-03,106.37
2002-12-04,106.14
2002-12-05,106.1
2002-12-06,105.36
2002-12-09,105.24
2002-12-10,105.37
2002-12-11,105.35
2002-12-12,104.51
2002-12-13,103.98
2002-12-16,104.06
2002-12-17,103.51
2002-12-18,103.63
2002-12-19,103.48
2002-12-20,103.46
2002-12-23,103.64
2002-12-24,103.25
2002-12-26,102.82
2002-12-27,102.41
2002-12-30,102.01
2002-12-31,101.85
2003-01-02,102.98
2003-01-03,102.47
2003-01-06,101.97
2003-01-07,102.57
2003-01-08,101.87
2003-01-09,101.94
2003-01-10,101.23
2003-01-13,101.47
2003-01-14,101.21
2003-01-15,101.34
2003-01-16,100.79
2003-01-17,100.55
2003-01-21,100.23
2003-01-22,100.23
2003-01-23,99.86
2003-01-24,99.22
2003-01-27,99.26
2003-01-28,99.48
2003-01-29,99.28
2003-01-30,99.52
2003-01-31,99.91
2003-02-03,99.9
2003-02-04,99.14
2003-02-05,99.65
2003-02-06,99.46
2003-02-07,99.57
2003-02-10,100.27
2003-02-11,100.39
2003-02-12,100.51
2003-02-13,99.59
2003-02-14,100.04
2003-02-18,100.53
2003-02-19,100
2003-02-20,99.55
2003-02-21,100.09
2003-02-24,99.66
2003-02-25,99.83
2003-02-26,99.62
2003-02-27,99.81
2003-02-28,99.71
2003-03-03,99.1
2003-03-04,99.13
2003-03-05,98.28
2003-03-06,98.31
2003-03-07,98.04
2003-03-10,97.85
2003-03-11,97.99
2003-03-12,98.16
2003-03-13,99.55
2003-03-14,99.99
2003-03-17,100.74
2003-03-18,100.86
2003-03-19,101.58
2003-03-20,101.15
2003-03-21,101.92
2003-03-24,100.98
2003-03-25,100.87
2003-03-26,100.61
2003-03-27,100.64
2003-03-28,99.96
2003-03-31,99.06
2003-04-01,99.15
2003-04-02,100.08
2003-04-03,100.34
2003-04-04,100.45
2003-04-07,101.04
2003-04-08,100.53
2003-04-09,100.16
2003-04-10,99.82
2003-04-11,100.18
2003-04-14,99.96
2003-04-15,99.76
2003-04-16,99.06
2003-04-17,99.3
2003-04-21,99.59
2003-04-22,98.73
2003-04-23,98.78
2003-04-24,98.33
2003-04-25,98.36
2003-04-28,98.67
2003-04-29,98.02
2003-04-30,97.19
2003-05-01,96.7
2003-05-02,96.76
2003-05-05,96.37
2003-05-06,95.34
2003-05-07,95.58
2003-05-08,94.93
2003-05-09,94.98
2003-05-12,94.55
2003-05-13,94.72
2003-05-14,94.58
2003-05-15,95.22
2003-05-16,94.08
2003-05-19,93.78
2003-05-20,93.26
2003-05-21,93.54
2003-05-22,93.56
2003-05-23,93.05
2003-05-27,92.72
2003-05-28,93.45
2003-05-29,92.71
2003-05-30,93.27
2003-06-02,93.34
2003-06-03,93.53
2003-06-04,93.73
2003-06-05,92.52
2003-06-06,93.48
2003-06-09,93.3
2003-06-10,93.56
2003-06-11,92.97
2003-06-12,92.9
2003-06-13,92.22
2003-06-16,92.4
2003-06-17,92.61
2003-06-18,93.17
2003-06-19,93.16
2003-06-20,94.04
2003-06-23,94.08
2003-06-24,94.39
2003-06-25,94.12
2003-06-26,94.97
2003-06-27,95.15
2003-06-30,94.73
2003-07-01,94.3
2003-07-02,94.12
2003-07-03,94.41
2003-07-04,94.55
2003-07-07,95.51
2003-07-08,95.82
2003-07-09,95.59
2003-07-10,95.39
2003-07-11,95.8
2003-07-14,96.07
2003-07-15,96.07
2003-07-16,96.72
2003-07-17,96.86
2003-07-18,96.86
2003-07-21,96.11
2003-07-22,96.38
2003-07-23,95.44
2003-07-24,95.34
2003-07-25,94.96
2003-07-28,95.06
2003-07-29,95.33
2003-07-30,96.07
2003-07-31,96.89
2003-08-01,96.66
2003-08-04,96.18
2003-08-05,96.16
2003-08-06,96.23
2003-08-07,95.83
2003-08-08,96.36
2003-08-11,95.87
2003-08-12,96.15
2003-08-13,96.18
2003-08-14,96.68
2003-08-15,96.65
2003-08-18,97.35
2003-08-19,97.31
2003-08-20,97.37
2003-08-21,98.61
2003-08-22,98.83
2003-08-25,98.83
2003-08-26,98.76
2003-08-27,98.86
2003-08-28,98.83
2003-08-29,98.1
2003-09-01,98
2003-09-02,98.95
2003-09-03,98.71
2003-09-04,98.2
2003-09-05,97.09
2003-09-08,97.16
2003-09-09,96.44
2003-09-10,96.5
2003-09-11,96.56
2003-09-12,96.01
2003-09-15,95.98
2003-09-16,96.67
2003-09-17,95.74
2003-09-18,95.95
2003-09-19,94.96
2003-09-22,93.85
2003-09-23,93.99
2003-09-24,93.7
2003-09-25,93.76
2003-09-26,93.87
2003-09-29,93.08
2003-09-30,92.85
2003-10-01,92.39
2003-10-02,92.42
2003-10-03,93.23
2003-10-06,92.41
2003-10-07,91.89
2003-10-08,91.73
2003-10-09,91.99
2003-10-10,91.52
2003-10-13,91.89
2003-10-14,91.83
2003-10-15,92.42
2003-10-16,92.61
2003-10-17,92.29
2003-10-20,92.43
2003-10-21,92.37
2003-10-22,91.27
2003-10-23,91.51
2003-10-24,91.28
2003-10-27,91.61
2003-10-28,91.86
2003-10-29,91.86
2003-10-30,92.21
2003-10-31,92.73
2003-11-03,93.66
2003-11-04,93.23
2003-11-05,93.63
2003-11-06,93.89
2003-11-07,93.02
2003-11-10,93.05
2003-11-11,93.1
2003-11-12,92.31
2003-11-13,91.61
2003-11-14,91.44
2003-11-17,91.53
2003-11-18,90.33
2003-11-19,90.9
2003-11-20,90.66
2003-11-21,90.6
2003-11-24,91.59
2003-11-25,91.46
2003-11-26,90.6
2003-11-28,90.21
2003-12-01,90.35
2003-12-02,89.64
2003-12-03,89.5
2003-12-04,89.6
2003-12-05,89.14
2003-12-08,88.75
2003-12-09,88.61
2003-12-10,88.85
2003-12-11,88.88
2003-12-12,88.49
2003-12-15,88.46
2003-12-16,88.31
2003-12-17,87.94
2003-12-18,87.85
2003-12-19,88.11
2003-12-22,87.99
2003-12-23,87.99
2003-12-24,87.54
2003-12-26,87.63
2003-12-29,87.35
2003-12-30,87
2003-12-31,86.92
2004-01-02,86.92
2004-01-05,86.07
2004-01-06,85.63
2004-01-07,86.2
2004-01-08,85.57
2004-01-09,85.11
2004-01-12,85.55
2004-01-13,85.51
2004-01-14,86.03
2004-01-15,86.56
2004-01-16,87.73
2004-01-19,87.66
2004-01-20,86.71
2004-01-21,86.36
2004-01-22,85.82
2004-01-23,86.56
2004-01-26,87.25
2004-01-27,86.28
2004-01-28,86.97
2004-01-29,87.58
2004-01-30,87.2
2004-02-02,87.53
2004-02-03,86.79
2004-02-04,86.84
2004-02-05,86.9
2004-02-06,86.02
2004-02-09,86
2004-02-10,85.84
2004-02-11,85.2
2004-02-12,85.29
2004-02-13,85.56
2004-02-16,85.47
2004-02-17,85.02
2004-02-18,85.88
2004-02-19,85.95
2004-02-20,87.24
2004-02-23,87.04
2004-02-24,86.14
2004-02-25,87.25
2004-02-26,87.68
2004-02-27,87.31
2004-03-01,87.52
2004-03-02,88.83
2004-03-03,89.03
2004-03-04,89.14
2004-03-05,88.18
2004-03-08,88
2004-03-09,88.29
2004-03-10,88.95
2004-03-11,88.51
2004-03-12,89.12
2004-03-15,88.81
2004-03-16,88.59
2004-03-17,88.65
2004-03-18,87.7
2004-03-19,88.16
2004-03-22,87.81
2004-03-23,87.85
2004-03-24,88.93
2004-03-25,88.9
2004-03-26,88.89
2004-03-29,88.63
2004-03-30,88.43
2004-03-31,87.61
2004-04-01,87.21
2004-04-02,88.51
2004-04-05,89.22
2004-04-06,88.75
2004-04-07,88.27
2004-04-08,89.02
2004-04-12,88.95
2004-04-13,89.83
2004-04-14,90.24
2004-04-15,90.06
2004-04-16,89.94
2004-04-19,89.8
2004-04-20,90.49
2004-04-21,91.12
2004-04-22,90.82
2004-04-23,91.08
2004-04-26,90.62
2004-04-27,90.41
2004-04-28,91.17
2004-04-29,90.57
2004-04-30,90.48
2004-05-03,90.76
2004-05-04,89.81
2004-05-05,89.31
2004-05-06,89.88
2004-05-07,91.13
2004-05-10,91.56
2004-05-11,91.66
2004-05-12,91.29
2004-05-13,91.96
2004-05-14,91.66
2004-05-17,91
2004-05-18,91.25
2004-05-19,90.53
2004-05-20,91.03
2004-05-21,90.49
2004-05-24,90.48
2004-05-25,89.84
2004-05-26,89.72
2004-05-27,88.67
2004-05-28,88.95
2004-06-01,88.88
2004-06-02,88.84
2004-06-03,88.95
2004-06-04,88.54
2004-06-07,88.25
2004-06-08,88.51
2004-06-09,89.73
2004-06-10,89.25
2004-06-11,90.01
2004-06-14,89.94
2004-06-15,89.09
2004-06-16,90.04
2004-06-17,89.6
2004-06-18,89.08
2004-06-21,89.29
2004-06-22,89.43
2004-06-23,89.42
2004-06-24,88.75
2004-06-25,88.88
2004-06-28,88.72
2004-06-29,89.41
2004-06-30,88.8
2004-07-01,88.79
2004-07-02,87.97
2004-07-05,88.23
2004-07-06,88.12
2004-07-07,87.65
2004-07-08,87.54
2004-07-09,87.42
2004-07-12,87.39
2004-07-13,87.82
2004-07-14,87.58
2004-07-15,87.99
2004-07-16,87.14
2004-07-19,87.18
2004-07-20,87.83
2004-07-21,88.56
2004-07-22,88.45
2004-07-23,89.26
2004-07-26,89.03
2004-07-27,89.79
2004-07-28,89.75
2004-07-29,89.95
2004-07-30,89.96
2004-08-02,89.75
2004-08-03,89.57
2004-08-04,89.68
2004-08-05,89.64
2004-08-06,88.36
2004-08-09,88.39
2004-08-10,88.79
2004-08-11,88.85
2004-08-12,88.69
2004-08-13,87.9
2004-08-16,87.96
2004-08-17,88.06
2004-08-18,88.08
2004-08-19,87.79
2004-08-20,88.12
2004-08-23,89.06
2004-08-24,89.46
2004-08-25,89.42
2004-08-26,89.3
2004-08-27,89.77
2004-08-30,89.69
2004-08-31,88.94
2004-09-01,88.87
2004-09-02,88.98
2004-09-03,89.63
2004-09-06,89.53
2004-09-07,89.23
2004-09-08,88.77
2004-09-09,88.83
2004-09-10,88.39
2004-09-13,88.55
2004-09-14,88.46
2004-09-15,89.15
2004-09-16,88.79
2004-09-17,88.91
2004-09-20,88.99
2004-09-21,88.13
2004-09-22,88.51
2004-09-23,88.44
2004-09-24,88.4
2004-09-27,88.29
2004-09-28,88.11
2004-09-29,88.1
2004-09-30,87.36
2004-10-01,87.63
2004-10-04,88.38
2004-10-05,88.17
2004-10-06,88.48
2004-10-07,88.34
2004-10-08,87.45
2004-10-11,87.54
2004-10-12,88.02
2004-10-13,87.88
2004-10-14,87.55
2004-10-15,87.09
2004-10-18,87.02
2004-10-19,86.84
2004-10-20,86.35
2004-10-21,86.02
2004-10-22,85.87
2004-10-25,84.97
2004-10-26,85.21
2004-10-27,85.44
2004-10-28,85.28
2004-10-29,84.91
2004-11-01,85.2
2004-11-02,85.47
2004-11-03,84.7
2004-11-04,84.54
2004-11-05,84.01
2004-11-08,84.09
2004-11-09,84.29
2004-11-10,84.43
2004-11-11,84.37
2004-11-12,83.69
2004-11-15,84
2004-11-16,83.8
2004-11-17,83.29
2004-11-18,83.69
2004-11-19,83.31
2004-11-22,83.19
2004-11-23,82.97
2004-11-24,82.41
2004-11-25,82.18
2004-11-26,81.78
2004-11-29,81.93
2004-11-30,81.82
2004-12-01,81.56
2004-12-02,81.95
2004-12-03,80.98
2004-12-06,81.28
2004-12-07,81.24
2004-12-08,81.9
2004-12-09,82.03
2004-12-10,82.55
2004-12-13,82.1
2004-12-14,82.32
2004-12-15,81.63
2004-12-16,82.5
2004-12-17,82.16
2004-12-20,81.67
2004-12-21,81.94
2004-12-22,81.93
2004-12-23,81.34
2004-12-24,81.22
2004-12-27,80.72
2004-12-28,80.72
2004-12-29,80.97
2004-12-30,80.53
2004-12-31,80.85
2005-01-03,81.3
2005-01-04,82.57
2005-01-05,82.54
2005-01-06,83.15
2005-01-07,83.61
2005-01-10,83.29
2005-01-11,83.02
2005-01-12,82.14
2005-01-13,82.51
2005-01-14,83.06
2005-01-17,83.06
2005-01-18,83.36
2005-01-19,83.6
2005-01-20,83.84
2005-01-21,83.26
2005-01-24,83.24
2005-01-25,83.99
2005-01-26,83.3
2005-01-27,83.43
2005-01-28,83.48
2005-01-31,83.6
2005-02-01,83.45
2005-02-02,83.52
2005-02-03,83.97
2005-02-04,84.39
2005-02-07,85.04
2005-02-08,85.1
2005-02-09,85.02
2005-02-10,84.54
2005-02-11,84.57
2005-02-14,83.96
2005-02-15,83.59
2005-02-16,83.67
2005-02-17,83.47
2005-02-18,83.49
2005-02-21,83.55
2005-02-22,82.41
2005-02-23,82.68
2005-02-24,82.88
2005-02-25,82.66
2005-02-28,82.51
2005-03-01,82.77
2005-03-02,83.08
2005-03-03,83.28
2005-03-04,82.54
2005-03-07,82.79
2005-03-08,81.98
2005-03-09,81.63
2005-03-10,81.57
2005-03-11,81.42
2005-03-14,81.97
2005-03-15,82.12
2005-03-16,81.62
2005-03-17,81.84
2005-03-18,82.13
2005-03-21,82.88
2005-03-22,83.36
2005-03-23,84
2005-03-24,84.13
2005-03-28,84.62
2005-03-29,84.32
2005-03-30,84.29
2005-03-31,84.06
2005-04-01,84.43
2005-04-04,84.78
2005-04-05,84.66
2005-04-06,84.68
2005-04-07,84.87
2005-04-08,84.47
2005-04-11,84.16
2005-04-12,84.42
2005-04-13,84.42
2005-04-14,85
2005-04-15,84.56
2005-04-18,84
2005-04-19,83.76
2005-04-20,83.52
2005-04-21,83.7
2005-04-22,83.5
2005-04-25,83.82
2005-04-26,83.96
2005-04-27,84.12
2005-04-28,84.35
2005-04-29,84.43
2005-05-02,84.49
2005-05-03,84.51
2005-05-04,84
2005-05-05,83.94
2005-05-06,84.61
2005-05-09,84.64
2005-05-10,84.45
2005-05-11,84.94
2005-05-12,85.49
2005-05-13,86.1
2005-05-16,86.12
2005-05-17,86.21
2005-05-18,85.82
2005-05-19,86.09
2005-05-20,86.63
2005-05-23,86.4
2005-05-24,86.37
2005-05-25,86.35
2005-05-26,86.85
2005-05-27,86.42
2005-05-31,87.76
2005-06-01,88.11
2005-06-02,87.75
2005-06-03,88.04
2005-06-06,87.6
2005-06-07,87.49
2005-06-08,87.88
2005-06-09,88.07
2005-06-10,88.69
2005-06-13,88.95
2005-06-14,89.26
2005-06-15,88.65
2005-06-16,88.72
2005-06-17,87.73
2005-06-20,88.49
2005-06-21,88.18
2005-06-22,88.56
2005-06-23,89.12
2005-06-24,88.78
2005-06-27,88.45
2005-06-28,88.99
2005-06-29,89.11
2005-06-30,89.11
2005-07-01,90.13
2005-07-04,90.43
2005-07-05,90.44
2005-07-06,90.38
2005-07-07,90.28
2005-07-08,90.25
2005-07-11,89.46
2005-07-12,88.41
2005-07-13,89.31
2005-07-14,89.4
2005-07-15,89.72
2005-07-18,89.64
2005-07-19,89.85
2005-07-20,89.34
2005-07-21,88.93
2005-07-22,89.64
2005-07-25,89.6
2005-07-26,90
2005-07-27,89.73
2005-07-28,89.34
2005-07-29,89.35
2005-08-01,88.8
2005-08-02,88.76
2005-08-03,87.99
2005-08-04,87.8
2005-08-05,88.06
2005-08-08,87.92
2005-08-09,87.89
2005-08-10,87.61
2005-08-11,87.1
2005-08-12,86.98
2005-08-15,87.32
2005-08-16,87.43
2005-08-17,88
2005-08-18,88.59
2005-08-19,88.58
2005-08-22,88.14
2005-08-23,88.08
2005-08-24,87.91
2005-08-25,87.64
2005-08-26,87.86
2005-08-29,88.25
2005-08-30,88.35
2005-08-31,87.58
2005-09-01,86.55
2005-09-02,86.3
2005-09-06,86.57
2005-09-07,86.97
2005-09-08,87.04
2005-09-09,86.89
2005-09-12,87.71
2005-09-13,87.75
2005-09-14,87.67
2005-09-15,88.13
2005-09-16,88.05
2005-09-19,88.44
2005-09-20,88.6
2005-09-21,88.14
2005-09-22,88.56
2005-09-23,89.21
2005-09-26,89.11
2005-09-27,89.6
2005-09-28,89.47
2005-09-29,89.4
2005-09-30,89.52
2005-10-03,90.13
2005-10-04,90.1
2005-10-05,89.98
2005-10-06,88.66
2005-10-07,89.17
2005-10-10,89.46
2005-10-11,89.97
2005-10-12,89.63
2005-10-13,89.81
2005-10-14,89.35
2005-10-17,89.8
2005-10-18,90.29
2005-10-19,89.99
2005-10-20,89.91
2005-10-21,90.31
2005-10-24,90.11
2005-10-25,89.24
2005-10-26,89.49
2005-10-27,89.1
2005-10-28,89.59
2005-10-31,90.07
2005-11-01,90.08
2005-11-02,89.72
2005-11-03,90.44
2005-11-04,91.26
2005-11-07,91.29
2005-11-08,91.37
2005-11-09,91.5
2005-11-10,92.08
2005-11-11,91.98
2005-11-14,92.13
2005-11-15,92.09
2005-11-16,92.33
2005-11-17,91.88
2005-11-18,91.93
2005-11-21,92.03
2005-11-22,91.5
2005-11-23,91.51
2005-11-25,92.04
2005-11-28,90.98
2005-11-29,91.62
2005-11-30,91.57
2005-12-01,91.82
2005-12-02,91.95
2005-12-05,91.48
2005-12-06,91.44
2005-12-07,91.89
2005-12-08,91.26
2005-12-09,91.25
2005-12-12,90.35
2005-12-13,90.38
2005-12-14,89.83
2005-12-15,90.02
2005-12-16,89.7
2005-12-19,89.87
2005-12-20,90.78
2005-12-21,90.94
2005-12-22,90.72
2005-12-23,90.84
2005-12-27,91.19
2005-12-28,91.26
2005-12-29,91.1
2005-12-30,91.17
2006-01-03,89.84
2006-01-04,89.14
2006-01-05,89.33
2006-01-06,88.85
2006-01-09,89.25
2006-01-10,89.33
2006-01-11,88.99
2006-01-12,89.44
2006-01-13,88.89
2006-01-17,89.3
2006-01-18,89.26
2006-01-19,89.39
2006-01-20,88.95
2006-01-23,87.95
2006-01-24,88.06
2006-01-25,88.33
2006-01-26,88.62
2006-01-27,89.32
2006-01-30,89.42
2006-01-31,88.96
2006-02-01,89.51
2006-02-02,89.37
2006-02-03,89.89
2006-02-06,90.29
2006-02-07,90.24
2006-02-08,90.43
2006-02-09,90.29
2006-02-10,90.55
2006-02-13,90.54
2006-02-14,90.54
2006-02-15,90.72
2006-02-16,90.73
2006-02-17,90.64
2006-02-21,90.55
2006-02-22,90.67
2006-02-23,90.39
2006-02-24,90.61
2006-02-27,90.63
2006-02-28,90.11
2006-03-01,90.22
2006-03-02,89.56
2006-03-03,89.66
2006-03-06,89.89
2006-03-07,90.77
2006-03-08,90.62
2006-03-09,90.75
2006-03-10,90.85
2006-03-13,90.54
2006-03-14,90
2006-03-15,89.7
2006-03-16,89.07
2006-03-17,88.92
2006-03-20,89.13
2006-03-21,89.62
2006-03-22,89.72
2006-03-23,90.46
2006-03-24,90.07
2006-03-27,90.07
2006-03-28,90.25
2006-03-29,90.25
2006-03-30,89.39
2006-03-31,89.73
2006-04-03,89.63
2006-04-04,88.83
2006-04-05,88.63
2006-04-06,88.96
2006-04-07,89.63
2006-04-10,89.72
2006-04-11,89.44
2006-04-12,89.62
2006-04-13,89.62
2006-04-17,88.64
2006-04-18,88.24
2006-04-19,87.79
2006-04-20,88.25
2006-04-21,88.05
2006-04-24,87.45
2006-04-25,87.32
2006-04-26,87.22
2006-04-27,86.63
2006-04-28,86.11
2006-05-01,85.97
2006-05-02,85.79
2006-05-03,85.84
2006-05-04,85.84
2006-05-05,85.12
2006-05-08,85.23
2006-05-09,84.83
2006-05-10,84.5
2006-05-11,84.27
2006-05-12,83.96
2006-05-15,84.54
2006-05-16,84.17
2006-05-17,84.85
2006-05-18,84.51
2006-05-19,84.88
2006-05-22,84.35
2006-05-23,84.35
2006-05-24,84.95
2006-05-25,84.65
2006-05-26,85.26
2006-05-30,84.28
2006-05-31,84.72
2006-06-01,84.79
2006-06-02,84.05
2006-06-05,84.14
2006-06-06,84.73
2006-06-07,84.99
2006-06-08,85.91
2006-06-09,85.72
2006-06-12,85.85
2006-06-13,86.43
2006-06-14,86.14
2006-06-15,86.02
2006-06-16,85.92
2006-06-19,86.31
2006-06-20,86.18
2006-06-21,85.78
2006-06-22,86.39
2006-06-23,86.82
2006-06-26,86.49
2006-06-27,86.47
2006-06-28,86.63
2006-06-29,85.87
2006-06-30,85.22
2006-07-03,85.18
2006-07-05,85.6
2006-07-06,85.35
2006-07-07,84.98
2006-07-10,85.5
2006-07-11,85.36
2006-07-12,85.91
2006-07-13,85.79
2006-07-14,86.09
2006-07-17,86.96
2006-07-18,87.01
2006-07-19,86.46
2006-07-20,86.22
2006-07-21,85.93
2006-07-24,86.34
2006-07-25,86.64
2006-07-26,85.93
2006-07-27,85.87
2006-07-28,85.44
2006-07-31,85.3
2006-08-01,85.05
2006-08-02,85.05
2006-08-03,85.02
2006-08-04,84.57
2006-08-07,84.75
2006-08-08,84.66
2006-08-09,84.71
2006-08-10,85.08
2006-08-11,85.52
2006-08-14,85.64
2006-08-15,85.22
2006-08-16,84.88
2006-08-17,85.04
2006-08-18,85.09
2006-08-21,84.63
2006-08-22,85.18
2006-08-23,85.13
2006-08-24,85.28
2006-08-25,85.38
2006-08-28,85.23
2006-08-29,84.91
2006-08-30,84.97
2006-08-31,85.05
2006-09-01,84.94
2006-09-05,85
2006-09-06,85.1
2006-09-07,85.53
2006-09-08,85.95
2006-09-11,85.92
2006-09-12,85.92
2006-09-13,85.87
2006-09-14,85.66
2006-09-15,85.99
2006-09-18,85.81
2006-09-19,85.94
2006-09-20,85.81
2006-09-21,85.18
2006-09-22,85.2
2006-09-25,85.29
2006-09-26,85.63
2006-09-27,85.66
2006-09-28,85.72
2006-09-29,85.97
2006-10-02,85.59
2006-10-03,85.71
2006-10-04,85.84
2006-10-05,85.92
2006-10-06,86.44
2006-10-09,86.52
2006-10-10,87.02
2006-10-11,87.12
2006-10-12,86.92
2006-10-13,87.12
2006-10-16,87
2006-10-17,86.87
2006-10-18,86.88
2006-10-19,86.24
2006-10-20,86.27
2006-10-23,86.71
2006-10-24,86.63
2006-10-25,86.38
2006-10-26,85.89
2006-10-27,85.56
2006-10-30,85.59
2006-10-31,85.32
2006-11-01,85.32
2006-11-02,85.34
2006-11-03,85.71
2006-11-06,85.75
2006-11-07,85.43
2006-11-08,85.41
2006-11-09,85.18
2006-11-10,85.05
2006-11-13,85.36
2006-11-14,85.24
2006-11-15,85.34
2006-11-16,85.5
2006-11-17,85.37
2006-11-20,85.42
2006-11-21,85.24
2006-11-22,84.65
2006-11-23,84.48
2006-11-24,83.71
2006-11-27,83.51
2006-11-28,83.21
2006-11-29,83.44
2006-11-30,82.92
2006-12-01,82.48
2006-12-04,82.49
2006-12-05,82.45
2006-12-06,82.77
2006-12-07,82.8
2006-12-08,83.33
2006-12-11,83.12
2006-12-12,82.97
2006-12-13,82.97
2006-12-14,83.65
2006-12-15,84.06
2006-12-18,83.98
2006-12-19,83.46
2006-12-20,83.52
2006-12-21,83.57
2006-12-22,83.94
2006-12-26,84.07
2006-12-27,83.94
2006-12-28,83.82
2006-12-29,83.72
2007-01-02,83.2
2007-01-03,83.92
2007-01-04,84.32
2007-01-05,84.63
2007-01-08,84.6
2007-01-09,84.74
2007-01-10,85.08
2007-01-11,85.31
2007-01-12,85.03
2007-01-16,85.05
2007-01-17,84.98
2007-01-18,84.91
2007-01-19,84.86
2007-01-22,85.02
2007-01-23,84.67
2007-01-24,84.94
2007-01-25,85.11
2007-01-26,85.28
2007-01-29,85.1
2007-01-30,85.03
2007-01-31,84.61
2007-02-01,84.63
2007-02-02,84.96
2007-02-05,85.08
2007-02-06,84.78
2007-02-07,84.75
2007-02-08,84.7
2007-02-09,84.87
2007-02-12,85.15
2007-02-13,84.73
2007-02-14,84.2
2007-02-15,84.01
2007-02-16,84.09
2007-02-20,84.19
2007-02-21,84.21
2007-02-22,84.32
2007-02-23,84.07
2007-02-26,83.93
2007-02-27,83.48
2007-02-28,83.57
2007-03-01,83.68
2007-03-02,83.74
2007-03-05,84.15
2007-03-06,84.07
2007-03-07,83.78
2007-03-08,84.1
2007-03-09,84.24
2007-03-12,83.86
2007-03-13,83.73
2007-03-14,83.61
2007-03-15,83.68
2007-03-16,83.23
2007-03-19,83.39
2007-03-20,83.11
2007-03-21,82.77
2007-03-22,83.09
2007-03-23,83.28
2007-03-26,83.08
2007-03-27,83.01
2007-03-28,83.03
2007-03-29,83.09
2007-03-30,82.93
2007-04-02,82.87
2007-04-03,83.15
2007-04-04,82.96
2007-04-05,82.68
2007-04-06,82.99
2007-04-09,83.1
2007-04-10,82.7
2007-04-11,82.67
2007-04-12,82.37
2007-04-13,82.13
2007-04-16,82.07
2007-04-17,81.83
2007-04-18,81.74
2007-04-19,81.64
2007-04-20,81.64
2007-04-23,81.74
2007-04-24,81.55
2007-04-25,81.43
2007-04-26,81.75
2007-04-27,81.53
2007-04-30,81.45
2007-05-01,81.59
2007-05-02,81.74
2007-05-03,81.95
2007-05-04,81.74
2007-05-07,81.68
2007-05-08,81.94
2007-05-09,82.02
2007-05-10,82.29
2007-05-11,82.12
2007-05-14,82.07
2007-05-15,81.75
2007-05-16,82.16
2007-05-17,82.32
2007-05-18,82.2
2007-05-21,82.36
2007-05-22,82.39
2007-05-23,82.31
2007-05-24,82.41
2007-05-25,82.33
2007-05-29,82.31
2007-05-30,82.43
2007-05-31,82.3
2007-06-01,82.32
2007-06-04,82.06
2007-06-05,81.89
2007-06-06,81.9
2007-06-07,82.29
2007-06-08,82.69
2007-06-11,82.71
2007-06-12,82.89
2007-06-13,83.03
2007-06-14,83.13
2007-06-15,82.85
2007-06-18,82.72
2007-06-19,82.54
2007-06-20,82.52
2007-06-21,82.73
2007-06-22,82.34
2007-06-25,82.33
2007-06-26,82.3
2007-06-27,82.32
2007-06-28,82.33
2007-06-29,81.92
2007-07-02,81.39
2007-07-03,81.44
2007-07-05,81.54
2007-07-06,81.47
2007-07-09,81.43
2007-07-10,80.86
2007-07-11,80.73
2007-07-12,80.64
2007-07-13,80.58
2007-07-16,80.52
2007-07-17,80.54
2007-07-18,80.42
2007-07-19,80.42
2007-07-20,80.29
2007-07-23,80.35
2007-07-24,80.08
2007-07-25,80.65
2007-07-26,80.45
2007-07-27,80.95
2007-07-30,80.85
2007-07-31,80.77
2007-08-01,80.87
2007-08-02,80.71
2007-08-03,80.18
2007-08-06,80.25
2007-08-07,80.48
2007-08-08,80.34
2007-08-09,80.74
2007-08-10,80.68
2007-08-13,81.05
2007-08-14,81.49
2007-08-15,81.82
2007-08-16,81.73
2007-08-17,81.43
2007-08-20,81.4
2007-08-21,81.49
2007-08-22,81.25
2007-08-23,81.14
2007-08-24,80.67
2007-08-27,80.74
2007-08-28,80.76
2007-08-29,80.7
2007-08-30,80.79
2007-08-31,80.79
2007-09-04,80.88
2007-09-05,80.62
2007-09-06,80.47
2007-09-07,79.96
2007-09-10,79.82
2007-09-11,79.7
2007-09-12,79.36
2007-09-13,79.51
2007-09-14,79.62
2007-09-17,79.72
2007-09-18,79.21
2007-09-19,79.3
2007-09-20,78.58
2007-09-21,78.6
2007-09-24,78.53
2007-09-25,78.31
2007-09-26,78.49
2007-09-27,78.34
2007-09-28,77.72
2007-10-01,77.9
2007-10-02,78.3
2007-10-03,78.57
2007-10-04,78.48
2007-10-05,78.31
2007-10-08,78.67
2007-10-09,78.53
2007-10-10,78.38
2007-10-11,78.08
2007-10-12,78.22
2007-10-15,78.09
2007-10-16,78.25
2007-10-17,78.12
2007-10-18,77.59
2007-10-19,77.41
2007-10-22,78.06
2007-10-23,77.59
2007-10-24,77.55
2007-10-25,77.28
2007-10-26,77.03
2007-10-29,76.84
2007-10-30,76.77
2007-10-31,76.48
2007-11-01,76.59
2007-11-02,76.34
2007-11-05,76.42
2007-11-06,76.04
2007-11-07,75.41
2007-11-08,75.46
2007-11-09,75.4
2007-11-12,75.9
2007-11-13,75.88
2007-11-14,75.81
2007-11-15,76.07
2007-11-16,75.83
2007-11-19,75.78
2007-11-20,75.2
2007-11-21,75.07
2007-11-23,75.05
2007-11-26,74.86
2007-11-27,75.1
2007-11-28,75.08
2007-11-29,75.59
2007-11-30,76.15
2007-12-03,75.94
2007-12-04,75.69
2007-12-05,76.41
2007-12-06,76.38
2007-12-07,76.29
2007-12-10,76.06
2007-12-11,76.22
2007-12-12,76.14
2007-12-13,76.56
2007-12-14,77.44
2007-12-17,77.4
2007-12-18,77.41
2007-12-19,77.59
2007-12-20,77.79
2007-12-21,77.72
2007-12-24,77.57
2007-12-26,77.15
2007-12-27,76.61
2007-12-28,76.22
2007-12-31,76.69
2008-01-02,75.97
2008-01-03,75.89
2008-01-04,75.79
2008-01-07,76.17
2008-01-08,76.11
2008-01-09,76.42
2008-01-10,75.93
2008-01-11,75.98
2008-01-14,75.61
2008-01-15,75.57
2008-01-16,76.26
2008-01-17,76.17
2008-01-18,76.38
2008-01-21,76.87
2008-01-22,76.35
2008-01-23,76.4
2008-01-24,75.69
2008-01-25,75.97
2008-01-28,75.58
2008-01-29,75.55
2008-01-30,75.03
2008-01-31,75.18
2008-02-01,75.44
2008-02-04,75.37
2008-02-05,76.12
2008-02-06,76.14
2008-02-07,76.94
2008-02-08,76.67
2008-02-11,76.58
2008-02-12,76.31
2008-02-13,76.4
2008-02-14,76.16
2008-02-15,76.1
2008-02-18,76.26
2008-02-19,76
2008-02-20,76.12
2008-02-21,75.6
2008-02-22,75.52
2008-02-25,75.53
2008-02-26,74.76
2008-02-27,74.21
2008-02-28,73.72
2008-02-29,73.71
2008-03-03,73.7
2008-03-04,73.66
2008-03-05,73.48
2008-03-06,73
2008-03-07,73.03
2008-03-10,72.99
2008-03-11,73.28
2008-03-12,72.4
2008-03-13,72.07
2008-03-14,71.66
2008-03-17,71.46
2008-03-18,71.57
2008-03-19,72.14
2008-03-20,72.75
2008-03-24,72.95
2008-03-25,72.28
2008-03-26,71.51
2008-03-27,71.66
2008-03-28,71.68
2008-03-31,71.8
2008-04-01,72.56
2008-04-02,72.26
2008-04-03,72.22
2008-04-04,72.02
2008-04-07,72.2
2008-04-08,72.23
2008-04-09,71.83
2008-04-10,72.12
2008-04-11,71.81
2008-04-14,71.88
2008-04-15,72.02
2008-04-16,71.41
2008-04-17,71.68
2008-04-18,72.01
2008-04-21,71.65
2008-04-22,71.33
2008-04-23,71.82
2008-04-24,72.53
2008-04-25,72.79
2008-04-28,72.79
2008-04-29,72.89
2008-04-30,72.51
2008-05-01,73.28
2008-05-02,73.5
2008-05-05,73.19
2008-05-06,73
2008-05-07,73.51
2008-05-08,73.48
2008-05-09,73.05
2008-05-12,72.95
2008-05-13,73.27
2008-05-14,73.4
2008-05-15,73.35
2008-05-16,72.84
2008-05-19,73.05
2008-05-20,72.41
2008-05-21,71.94
2008-05-22,72.28
2008-05-23,71.89
2008-05-26,71.89
2008-05-27,72.34
2008-05-28,72.55
2008-05-29,73.02
2008-05-30,72.88
2008-06-02,72.93
2008-06-03,73.24
2008-06-04,73.42
2008-06-05,73.04
2008-06-06,72.39
2008-06-09,72.85
2008-06-10,73.7
2008-06-11,73.21
2008-06-12,73.86
2008-06-13,74.15
2008-06-16,73.61
2008-06-17,73.51
2008-06-18,73.44
2008-06-19,73.48
2008-06-20,73.03
2008-06-23,73.43
2008-06-24,73.24
2008-06-25,72.93
2008-06-26,72.49
2008-06-27,72.36
2008-06-30,72.46
2008-07-01,72.37
2008-07-02,72.03
2008-07-03,72.74
2008-07-04,72.73
2008-07-07,72.67
2008-07-08,73.01
2008-07-09,72.58
2008-07-10,72.49
2008-07-11,72.1
2008-07-14,71.92
2008-07-15,71.87
2008-07-16,72.06
2008-07-17,72.24
2008-07-18,72.19
2008-07-21,71.99
2008-07-22,72.45
2008-07-23,72.81
2008-07-24,72.93
2008-07-25,72.86
2008-07-28,72.65
2008-07-29,73.31
2008-07-30,73.32
2008-07-31,73.23
2008-08-01,73.42
2008-08-04,73.46
2008-08-05,73.88
2008-08-06,74.24
2008-08-07,74.55
2008-08-08,75.84
2008-08-11,76.12
2008-08-12,76.15
2008-08-13,76.21
2008-08-14,76.67
2008-08-15,77.18
2008-08-18,77.12
2008-08-19,76.84
2008-08-20,76.96
2008-08-21,76.2
2008-08-22,76.81
2008-08-25,76.79
2008-08-26,77.25
2008-08-27,77.05
2008-08-28,77.15
2008-08-29,77.38
2008-09-02,78.06
2008-09-03,78.09
2008-09-04,78.61
2008-09-05,78.93
2008-09-08,79.59
2008-09-09,79.25
2008-09-10,79.84
2008-09-11,80.15
2008-09-12,78.97
2008-09-15,78.91
2008-09-16,79.07
2008-09-17,78.09
2008-09-18,78.02
2008-09-19,77.68
2008-09-22,76.15
2008-09-23,76.47
2008-09-24,76.79
2008-09-25,76.99
2008-09-26,76.95
2008-09-29,77.47
2008-09-30,79.45
2008-10-01,79.46
2008-10-02,80.44
2008-10-03,80.31
2008-10-06,81.67
2008-10-07,80.97
2008-10-08,80.91
2008-10-09,81.16
2008-10-10,83
2008-10-13,81.88
2008-10-14,81.36
2008-10-15,82.05
2008-10-16,82.45
2008-10-17,82.41
2008-10-20,83.1
2008-10-21,83.99
2008-10-22,85.37
2008-10-23,85.36
2008-10-24,86.44
2008-10-27,86.93
2008-10-28,87.03
2008-10-29,85.07
2008-10-30,84.56
2008-10-31,85.63
2008-11-03,86.35
2008-11-04,84.78
2008-11-05,84.61
2008-11-06,85.89
2008-11-07,85.91
2008-11-10,85.91
2008-11-11,87.08
2008-11-12,87.47
2008-11-13,86.94
2008-11-14,86.36
2008-11-17,86.81
2008-11-18,87.37
2008-11-19,87.31
2008-11-20,87.97
2008-11-21,88.19
2008-11-24,86.08
2008-11-25,85
2008-11-26,85.67
2008-11-27,85.61
2008-11-28,86.52
2008-12-01,86.72
2008-12-02,86.7
2008-12-03,87.03
2008-12-04,86.44
2008-12-05,87.12
2008-12-08,85.56
2008-12-09,85.8
2008-12-10,85.47
2008-12-11,83.66
2008-12-12,83.71
2008-12-15,82.1
2008-12-16,80.2
2008-12-17,78.58
2008-12-18,79.7
2008-12-19,81.07
2008-12-22,81.19
2008-12-23,81.44
2008-12-24,81
2008-12-25,80.72
2008-12-26,80.97
2008-12-29,81.43
2008-12-30,80.63
2008-12-31,81.15
2009-01-01,81.1
2009-01-02,81.5
2009-01-05,82.58
2009-01-06,82.83
2009-01-07,82.1
2009-01-08,81.57
2009-01-09,82.48
2009-01-12,83.25
2009-01-13,84.26
2009-01-14,84.36
2009-01-15,84.53
2009-01-16,84.05
2009-01-19,85.14
2009-01-20,86.38
2009-01-21,85.32
2009-01-22,85.48
2009-01-23,85.58
2009-01-26,84.39
2009-01-27,84.4
2009-01-28,84.59
2009-01-29,85.49
2009-01-30,85.83
2009-02-02,86.11
2009-02-03,85
2009-02-04,85.77
2009-02-05,86.06
2009-02-06,85.29
2009-02-09,84.88
2009-02-10,85.57
2009-02-11,85.84
2009-02-12,85.94
2009-02-13,86.09
2009-02-16,86.53
2009-02-17,87.77
2009-02-18,88.03
2009-02-19,87.44
2009-02-20,86.59
2009-02-23,87.26
2009-02-24,86.78
2009-02-25,87.84
2009-02-26,87.84
2009-02-27,88.17
2009-03-02,89.03
2009-03-03,89.19
2009-03-04,88.49
2009-03-05,89.08
2009-03-06,88.55
2009-03-09,89.29
2009-03-10,88.52
2009-03-11,87.67
2009-03-12,87.48
2009-03-13,87.25
2009-03-16,86.97
2009-03-17,86.81
2009-03-18,84.19
2009-03-19,83.07
2009-03-20,83.71
2009-03-23,83.47
2009-03-24,84.1
2009-03-25,83.7
2009-03-26,84.08
2009-03-27,85.14
2009-03-30,85.75
2009-03-31,85.51
2009-04-01,85.42
2009-04-02,84.32
2009-04-03,84.18
2009-04-06,84.75
2009-04-07,85.22
2009-04-08,85.23
2009-04-09,85.64
2009-04-10,85.54
2009-04-13,84.61
2009-04-14,84.8
2009-04-15,84.93
2009-04-16,85.2
2009-04-17,85.9
2009-04-20,86.66
2009-04-21,86.5
2009-04-22,86.3
2009-04-23,85.4
2009-04-24,84.72
2009-04-27,85.67
2009-04-28,85.17
2009-04-29,84.64
2009-04-30,84.82
2009-05-01,84.54
2009-05-04,83.66
2009-05-05,84.14
2009-05-06,84
2009-05-07,83.88
2009-05-08,82.44
2009-05-11,82.84
2009-05-12,82.3
2009-05-13,82.57
2009-05-14,82.44
2009-05-15,82.95
2009-05-18,82.54
2009-05-19,82.1
2009-05-20,81.19
2009-05-21,80.47
2009-05-22,80.04
2009-05-25,80.02
2009-05-26,80.09
2009-05-27,80.76
2009-05-28,80.53
2009-05-29,79.23
2009-06-01,79.18
2009-06-02,78.48
2009-06-03,79.49
2009-06-04,79.47
2009-06-05,80.67
2009-06-08,80.83
2009-06-09,79.84
2009-06-10,80.27
2009-06-11,79.56
2009-06-12,80.13
2009-06-15,81.16
2009-06-16,80.74
2009-06-17,80.26
2009-06-18,80.57
2009-06-19,80.33
2009-06-22,80.84
2009-06-23,79.85
2009-06-24,80.54
2009-06-25,80.37
2009-06-26,79.9
2009-06-29,79.91
2009-06-30,80.16
2009-07-01,79.67
2009-07-02,80.15
2009-07-03,80.45
2009-07-06,80.38
2009-07-07,80.7
2009-07-08,80.63
2009-07-09,79.86
2009-07-10,80.23
2009-07-13,80.13
2009-07-14,80.18
2009-07-15,79.32
2009-07-16,79.22
2009-07-17,79.35
2009-07-20,78.91
2009-07-21,78.93
2009-07-22,78.71
2009-07-23,78.8
2009-07-24,78.75
2009-07-27,78.63
2009-07-28,78.85
2009-07-29,79.63
2009-07-30,79.28
2009-07-31,78.35
2009-08-03,77.64
2009-08-04,77.77
2009-08-05,77.52
2009-08-06,78.06
2009-08-07,78.97
2009-08-10,79.26
2009-08-11,79.18
2009-08-12,78.79
2009-08-13,78.49
2009-08-14,78.89
2009-08-17,79.29
2009-08-18,78.94
2009-08-19,78.47
2009-08-20,78.38
2009-08-21,78.04
2009-08-24,78.27
2009-08-25,78.24
2009-08-26,78.66
2009-08-27,78.01
2009-08-28,78.37
2009-08-31,78.17
2009-09-01,78.76
2009-09-02,78.38
2009-09-03,78.47
2009-09-04,78.14
2009-09-07,78.02
2009-09-08,77.32
2009-09-09,77.09
2009-09-10,76.82
2009-09-11,76.61
2009-09-14,76.69
2009-09-15,76.54
2009-09-16,76.24
2009-09-17,76.19
2009-09-18,76.42
2009-09-21,76.78
2009-09-22,76.12
2009-09-23,76.05
2009-09-24,76.9
2009-09-25,76.81
2009-09-28,77.05
2009-09-29,77.12
2009-09-30,76.65
2009-10-01,77.19
2009-10-02,77
2009-10-05,76.64
2009-10-06,76.33
2009-10-07,76.49
2009-10-08,75.97
2009-10-09,76.43
2009-10-12,76.13
2009-10-13,75.98
2009-10-14,75.55
2009-10-15,75.48
2009-10-16,75.6
2009-10-19,75.51
2009-10-20,75.56
2009-10-21,74.97
2009-10-22,75.09
2009-10-23,75.47
2009-10-26,76.06
2009-10-27,76.14
2009-10-28,76.42
2009-10-29,75.92
2009-10-30,76.3
2009-11-02,76.29
2009-11-03,76.39
2009-11-04,75.64
2009-11-05,75.74
2009-11-06,75.82
2009-11-09,75.03
2009-11-10,75.02
2009-11-11,75.16
2009-11-12,75.6
2009-11-13,75.33
2009-11-16,74.91
2009-11-17,75.37
2009-11-18,75.19
2009-11-19,75.29
2009-11-20,75.66
2009-11-23,75.08
2009-11-24,75.07
2009-11-25,74.27
2009-11-26,74.83
2009-11-27,75
2009-11-30,74.78
2009-12-01,74.36
2009-12-02,74.67
2009-12-03,74.63
2009-12-04,75.91
2009-12-07,75.77
2009-12-08,76.31
2009-12-09,76.04
2009-12-10,76.05
2009-12-11,76.57
2009-12-14,76.35
2009-12-15,76.96
2009-12-16,77
2009-12-17,77.69
2009-12-18,77.82
2009-12-21,78.04
2009-12-22,78.25
2009-12-23,77.9
2009-12-24,77.84
2009-12-25,77.64
2009-12-28,77.63
2009-12-29,77.83
2009-12-30,77.91
2009-12-31,77.86
2010-01-04,77.53
2010-01-05,77.62
2010-01-06,77.49
2010-01-07,77.91
2010-01-08,77.47
2010-01-11,77
2010-01-12,76.95
2010-01-13,76.85
2010-01-14,76.73
2010-01-15,77.32
2010-01-18,77.06
2010-01-19,77.5
2010-01-20,78.34
2010-01-21,78.32
2010-01-22,78.28
2010-01-25,78.19
2010-01-26,78.43
2010-01-27,78.67
2010-01-28,78.9
2010-01-29,79.46
2010-02-01,79.24
2010-02-02,79.01
2010-02-03,79.37
2010-02-04,79.92
2010-02-05,80.44
2010-02-08,80.3
2010-02-09,79.86
2010-02-10,80.03
2010-02-11,79.99
2010-02-12,80.32
2010-02-15,80.33
2010-02-16,79.7
2010-02-17,80.38
2010-02-18,80.4
2010-02-19,80.64
2010-02-22,80.51
2010-02-23,80.85
2010-02-24,80.85
2010-02-25,80.79
2010-02-26,80.36
2010-03-01,80.66
2010-03-02,80.52
2010-03-03,79.98
2010-03-04,80.56
2010-03-05,80.43
2010-03-08,80.43
2010-03-09,80.59
2010-03-10,80.44
2010-03-11,80.32
2010-03-12,79.83
2010-03-15,80.25
2010-03-16,79.75
2010-03-17,79.64
2010-03-18,80.22
2010-03-19,80.72
2010-03-22,80.65
2010-03-23,80.9
2010-03-24,81.84
2010-03-25,82.12
2010-03-26,81.68
2010-03-29,81.36
2010-03-30,81.47
2010-03-31,81.07
2010-04-01,80.78
2010-04-02,81.29
2010-04-05,81.09
2010-04-06,81.39
2010-04-07,81.44
2010-04-08,81.53
2010-04-09,81.09
2010-04-12,80.56
2010-04-13,80.51
2010-04-14,80.19
2010-04-15,80.48
2010-04-16,80.82
2010-04-19,81
2010-04-20,81.05
2010-04-21,81.16
2010-04-22,81.57
2010-04-23,81.35
2010-04-26,81.48
2010-04-27,82.15
2010-04-28,82.38
2010-04-29,82
2010-04-30,81.87
2010-05-03,82.27
2010-05-04,83.3
2010-05-05,84.08
2010-05-06,84.89
2010-05-07,84.45
2010-05-10,84.16
2010-05-11,84.47
2010-05-12,84.83
2010-05-13,85.21
2010-05-14,86.09
2010-05-17,86.2
2010-05-18,87.16
2010-05-19,86.39
2010-05-20,85.56
2010-05-21,85.37
2010-05-24,86.21
2010-05-25,86.78
2010-05-26,87.12
2010-05-27,86.19
2010-05-28,86.48
2010-05-31,86.59
2010-06-01,86.64
2010-06-02,86.79
2010-06-03,87.14
2010-06-04,88.23
2010-06-07,88.41
2010-06-08,88.39
2010-06-09,87.9
2010-06-10,87.17
2010-06-11,87.51
2010-06-14,86.51
2010-06-15,85.98
2010-06-16,86.08
2010-06-17,85.69
2010-06-18,85.7
2010-06-21,85.93
2010-06-22,86.11
2010-06-23,85.74
2010-06-24,85.73
2010-06-25,85.31
2010-06-28,85.65
2010-06-29,86.03
2010-06-30,86.02
2010-07-01,84.72
2010-07-02,84.43
2010-07-05,84.61
2010-07-06,84.08
2010-07-07,83.82
2010-07-08,83.82
2010-07-09,83.95
2010-07-12,84.2
2010-07-13,83.64
2010-07-14,83.43
2010-07-15,82.56
2010-07-16,82.49
2010-07-19,82.51
2010-07-20,82.75
2010-07-21,83.39
2010-07-22,82.59
2010-07-23,82.46
2010-07-26,82.09
2010-07-27,82.19
2010-07-28,82.18
2010-07-29,81.64
2010-07-30,81.54
2010-08-02,80.94
2010-08-03,80.6
2010-08-04,80.89
2010-08-05,80.83
2010-08-06,80.41
2010-08-09,80.71
2010-08-10,80.8
2010-08-11,82.29
2010-08-12,82.64
2010-08-13,82.95
2010-08-16,82.53
2010-08-17,82.23
2010-08-18,82.22
2010-08-19,82.45
2010-08-20,83.06
2010-08-23,83.12
2010-08-24,83.15
2010-08-25,83.26
2010-08-26,82.93
2010-08-27,82.92
2010-08-30,83.16
2010-08-31,83.2
2010-09-01,82.52
2010-09-02,82.46
2010-09-03,82.1
2010-09-06,82.04
2010-09-07,82.82
2010-09-08,82.58
2010-09-09,82.67
2010-09-10,82.7
2010-09-13,81.91
2010-09-14,81.08
2010-09-15,81.49
2010-09-16,81.24
2010-09-17,81.4
2010-09-20,81.33
2010-09-21,80.44
2010-09-22,79.83
2010-09-23,80.01
2010-09-24,79.39
2010-09-27,79.34
2010-09-28,79.01
2010-09-29,78.69
2010-09-30,78.72
2010-10-01,78.09
2010-10-04,78.45
2010-10-05,77.75
2010-10-06,77.39
2010-10-07,77.39
2010-10-08,77.33
2010-10-11,77.44
2010-10-12,77.36
2010-10-13,77.07
2010-10-14,76.65
2010-10-15,77.04
2010-10-18,76.93
2010-10-19,78.18
2010-10-20,77.17
2010-10-21,77.42
2010-10-22,77.47
2010-10-25,77.1
2010-10-26,77.71
2010-10-27,78.15
2010-10-28,77.31
2010-10-29,77.27
2010-11-01,77.3
2010-11-02,76.72
2010-11-03,76.48
2010-11-04,75.88
2010-11-05,76.55
2010-11-08,77.03
2010-11-09,77.44
2010-11-10,77.63
2010-11-11,78.22
2010-11-12,78.08
2010-11-15,78.52
2010-11-16,79.21
2010-11-17,79.08
2010-11-18,78.62
2010-11-19,78.5
2010-11-22,78.68
2010-11-23,79.68
2010-11-24,79.87
2010-11-25,79.87
2010-11-26,80.36
2010-11-29,80.83
2010-11-30,81.19
2010-12-01,80.71
2010-12-02,80.3
2010-12-03,79.38
2010-12-06,79.57
2010-12-07,79.86
2010-12-08,80
2010-12-09,80.07
2010-12-10,80.07
2010-12-13,79.28
2010-12-14,79.37
2010-12-15,80.26
2010-12-16,80.18
2010-12-17,80.37
2010-12-20,80.63
2010-12-21,80.72
2010-12-22,80.73
2010-12-23,80.5
2010-12-24,80.5
2010-12-27,80.37
2010-12-28,80.36
2010-12-29,79.8
2010-12-30,79.52
2010-12-31,79.03
2011-01-03,79.13
2011-01-04,79.44
2011-01-05,80.26
2011-01-06,80.79
2011-01-07,81.01
2011-01-10,80.88
2011-01-11,80.85
2011-01-12,80.03
2011-01-13,79.19
2011-01-14,79.16
2011-01-17,79.34
2011-01-18,78.96
2011-01-19,78.64
2011-01-20,78.82
2011-01-21,78.21
2011-01-24,78.05
2011-01-25,78
2011-01-26,77.9
2011-01-27,77.73
2011-01-28,78.13
2011-01-31,77.73
2011-02-01,77.07
2011-02-02,77.16
2011-02-03,77.75
2011-02-04,78.04
2011-02-07,78.03
2011-02-08,78
2011-02-09,77.64
2011-02-10,78.25
2011-02-11,78.46
2011-02-14,78.61
2011-02-15,78.57
2011-02-16,78.22
2011-02-17,78
2011-02-18,77.66
2011-02-21,77.69
2011-02-22,77.77
2011-02-23,77.41
2011-02-24,77.06
2011-02-25,77.28
2011-02-28,76.89
2011-03-01,77.05
2011-03-02,76.67
2011-03-03,76.48
2011-03-04,76.4
2011-03-07,76.5
2011-03-08,76.8
2011-03-09,76.72
2011-03-10,77.28
2011-03-11,76.78
2011-03-14,76.35
2011-03-15,76.33
2011-03-16,76.68
2011-03-17,76.04
2011-03-18,75.72
2011-03-21,75.4
2011-03-22,75.41
2011-03-23,75.79
2011-03-24,75.66
2011-03-25,76.22
2011-03-28,76.13
2011-03-29,76.25
2011-03-30,76.12
2011-03-31,75.86
2011-04-01,75.83
2011-04-04,75.91
2011-04-05,75.88
2011-04-06,75.51
2011-04-07,75.58
2011-04-08,75.07
2011-04-11,75.06
2011-04-12,74.85
2011-04-13,74.98
2011-04-14,74.69
2011-04-15,74.83
2011-04-18,75.5
2011-04-19,75.03
2011-04-20,74.37
2011-04-21,74
2011-04-22,74
2011-04-25,73.99
2011-04-26,73.84
2011-04-27,73.52
2011-04-28,73.12
2011-04-29,72.93
2011-05-02,72.95
2011-05-03,73.14
2011-05-04,73.03
2011-05-05,74.19
2011-05-06,74.84
2011-05-09,74.74
2011-05-10,74.61
2011-05-11,75.33
2011-05-12,75.24
2011-05-13,75.76
2011-05-16,75.47
2011-05-17,75.4
2011-05-18,75.47
2011-05-19,75.12
2011-05-20,75.44
2011-05-23,76.1
2011-05-24,75.88
2011-05-25,75.93
2011-05-26,75.55
2011-05-27,74.95
2011-05-30,74.96
2011-05-31,74.64
2011-06-01,74.68
2011-06-02,74.33
2011-06-03,73.78
2011-06-06,73.95
2011-06-07,73.52
2011-06-08,73.93
2011-06-09,74.19
2011-06-10,74.8
2011-06-13,74.51
2011-06-14,74.33
2011-06-15,75.6
2011-06-16,75.75
2011-06-17,74.99
2011-06-20,75.03
2011-06-21,74.54
2011-06-22,74.78
2011-06-23,75.45
2011-06-24,75.67
2011-06-27,75.39
2011-06-28,75.06
2011-06-29,74.69
2011-06-30,74.3
2011-07-01,74.35
2011-07-04,74.28
2011-07-05,74.69
2011-07-06,75.12
2011-07-07,74.96
2011-07-08,75.18
2011-07-11,75.99
2011-07-12,75.81
2011-07-13,75.21
2011-07-14,75.25
2011-07-15,75.13
2011-07-18,75.48
2011-07-19,75.22
2011-07-20,74.79
2011-07-21,74.02
2011-07-22,74.2
2011-07-25,74.06
2011-07-26,73.47
2011-07-27,74.09
2011-07-28,74.22
2011-07-29,73.9
2011-08-01,74.26
2011-08-02,74.51
2011-08-03,74.04
2011-08-04,75.12
2011-08-05,74.6
2011-08-08,74.79
2011-08-09,74.61
2011-08-10,74.64
2011-08-11,74.68
2011-08-12,74.61
2011-08-15,73.84
2011-08-16,74.01
2011-08-17,73.67
2011-08-18,74.24
2011-08-19,74.01
2011-08-22,74.07
2011-08-23,73.89
2011-08-24,74.01
2011-08-25,74.28
2011-08-26,73.81
2011-08-29,73.72
2011-08-30,73.95
2011-08-31,74.12
2011-09-01,74.48
2011-09-02,74.76
2011-09-05,75.11
2011-09-06,75.95
2011-09-07,75.47
2011-09-08,76.25
2011-09-09,77.19
2011-09-12,77.58
2011-09-13,76.92
2011-09-14,76.83
2011-09-15,76.24
2011-09-16,76.6
2011-09-19,77.15
2011-09-20,77.02
2011-09-21,77.34
2011-09-22,78.45
2011-09-23,78.5
2011-09-26,78.36
2011-09-27,77.51
2011-09-28,77.85
2011-09-29,78.03
2011-09-30,78.55
2011-10-03,79.43
2011-10-04,79.6
2011-10-05,78.92
2011-10-06,78.63
2011-10-07,78.73
2011-10-10,77.49
2011-10-11,77.58
2011-10-12,76.99
2011-10-13,77
2011-10-14,76.62
2011-10-17,77.15
2011-10-18,77.14
2011-10-19,77.11
2011-10-20,76.97
2011-10-21,76.39
2011-10-24,76.03
2011-10-25,76.12
2011-10-26,76.25
2011-10-27,74.88
2011-10-28,75.07
2011-10-31,76.17
2011-11-01,77.26
2011-11-02,77.02
2011-11-03,76.67
2011-11-04,76.96
2011-11-07,76.96
2011-11-08,76.59
2011-11-09,77.93
2011-11-10,77.74
2011-11-11,76.94
2011-11-14,77.57
2011-11-15,77.87
2011-11-16,78.02
2011-11-17,78.28
2011-11-18,78.06
2011-11-21,78.3
2011-11-22,78.27
2011-11-23,79.14
2011-11-24,79.14
2011-11-25,79.69
2011-11-28,79.26
2011-11-29,79.01
2011-11-30,78.38
2011-12-01,78.33
2011-12-02,78.62
2011-12-05,78.57
2011-12-06,78.5
2011-12-07,78.48
2011-12-08,78.83
2011-12-09,78.63
2011-12-12,79.53
2011-12-13,80.24
2011-12-14,80.59
2011-12-15,80.32
2011-12-16,80.26
2011-12-19,80.25
2011-12-20,79.88
2011-12-21,80.02
2011-12-22,79.96
2011-12-23,79.93
2011-12-26,79.93
2011-12-27,79.8
2011-12-28,80.5
2011-12-29,80.49
2011-12-30,80.18
2012-01-02,80.18
2012-01-03,79.61
2012-01-04,80.13
2012-01-05,80.94
2012-01-06,81.25
2012-01-09,81.05
2012-01-10,80.81
2012-01-11,81.35
2012-01-12,80.77
2012-01-13,81.52
2012-01-16,81.52
2012-01-17,81.18
2012-01-18,80.61
2012-01-19,80.22
2012-01-20,80.22
2012-01-23,79.78
2012-01-24,79.87
2012-01-25,79.58
2012-01-26,79.39
2012-01-27,78.9
2012-01-30,79.17
2012-01-31,79.29
2012-02-01,78.92
2012-02-02,78.99
2012-02-03,78.92
2012-02-06,79.07
2012-02-07,78.58
2012-02-08,78.64
2012-02-09,78.57
2012-02-10,79.11
2012-02-13,78.95
2012-02-14,79.58
2012-02-15,79.67
2012-02-16,79.35
2012-02-17,79.33
2012-02-20,79.33
2012-02-21,79.04
2012-02-22,79.21
2012-02-23,78.82
2012-02-24,78.35
2012-02-27,78.57
2012-02-28,78.27
2012-02-29,78.74
2012-03-01,78.79
2012-03-02,79.4
2012-03-05,79.3
2012-03-06,79.87
2012-03-07,79.71
2012-03-08,79.14
2012-03-09,80.04
2012-03-12,79.89
2012-03-13,80.19
2012-03-14,80.56
2012-03-15,80.15
2012-03-16,79.79
2012-03-19,79.79
2012-03-20,79.59
2012-03-21,79.66
2012-03-22,79.74
2012-03-23,79.34
2012-03-26,78.98
2012-03-27,79.05
2012-03-28,79.13
2012-03-29,79.19
2012-03-30,79
2012-04-02,78.82
2012-04-03,79.48
2012-04-04,79.78
2012-04-05,80.08
2012-04-06,79.89
2012-04-09,79.73
2012-04-10,79.89
2012-04-11,79.8
2012-04-12,79.28
2012-04-13,79.89
2012-04-16,79.56
2012-04-17,79.48
2012-04-18,79.54
2012-04-19,79.56
2012-04-20,79.19
2012-04-23,79.42
2012-04-24,79.22
2012-04-25,79.01
2012-04-26,78.92
2012-04-27,78.71
2012-04-30,78.78
2012-05-01,78.86
2012-05-02,79.13
2012-05-03,79.22
2012-05-04,79.5
2012-05-07,79.6
2012-05-08,79.74
2012-05-09,80.08
2012-05-10,80.11
2012-05-11,80.26
2012-05-14,80.61
2012-05-15,81.22
2012-05-16,81.37
2012-05-17,81.38
2012-05-18,81.29
2012-05-21,81.08
2012-05-22,81.49
2012-05-23,82.09
2012-05-24,82.35
2012-05-25,82.4
2012-05-28,82.4
2012-05-29,82.48
2012-05-30,83.02
2012-05-31,83.04
2012-06-01,82.89
2012-06-04,82.56
2012-06-05,82.83
2012-06-06,82.32
2012-06-07,82.05
2012-06-08,82.51
2012-06-11,82.52
2012-06-12,82.42
2012-06-13,82.06
2012-06-14,81.99
2012-06-15,81.63
2012-06-18,81.95
2012-06-19,81.38
2012-06-20,81.58
2012-06-21,82.29
2012-06-22,82.26
2012-06-25,82.5
2012-06-26,82.37
2012-06-27,82.62
2012-06-28,82.81
2012-06-29,81.63
2012-07-02,81.87
2012-07-03,81.78
2012-07-04,81.78
2012-07-05,82.81
2012-07-06,83.38
2012-07-09,83.16
2012-07-10,83.4
2012-07-11,83.57
2012-07-12,83.66
2012-07-13,83.35
2012-07-16,83.1
2012-07-17,83.03
2012-07-18,83.07
2012-07-19,82.88
2012-07-20,83.48
2012-07-23,83.71
2012-07-24,84
2012-07-25,83.52
2012-07-26,82.81
2012-07-27,82.71
2012-07-30,82.79
2012-07-31,82.64
2012-08-01,83.06
2012-08-02,83.36
2012-08-03,82.38
2012-08-06,82.27
2012-08-07,82.21
2012-08-08,82.39
2012-08-09,82.64
2012-08-10,82.55
2012-08-13,82.44
2012-08-14,82.48
2012-08-15,82.64
2012-08-16,82.36
2012-08-17,82.6
2012-08-20,82.46
2012-08-21,81.91
2012-08-22,81.49
2012-08-23,81.36
2012-08-24,81.59
2012-08-27,81.66
2012-08-28,81.37
2012-08-29,81.55
2012-08-30,81.69
2012-08-31,81.21
2012-09-03,81.21
2012-09-04,81.31
2012-09-05,81.23
2012-09-06,81.04
2012-09-07,80.25
2012-09-10,80.25
2012-09-11,79.86
2012-09-12,79.74
2012-09-13,79.26
2012-09-14,78.85
2012-09-17,79.01
2012-09-18,79.25
2012-09-19,79.06
2012-09-20,79.41
2012-09-21,79.33
2012-09-24,79.52
2012-09-25,79.55
2012-09-26,79.89
2012-09-27,79.55
2012-09-28,79.94
2012-10-01,79.82
2012-10-02,79.74
2012-10-03,79.97
2012-10-04,79.35
2012-10-05,79.34
2012-10-08,79.54
2012-10-09,79.95
2012-10-10,79.92
2012-10-11,79.78
2012-10-12,79.67
2012-10-15,79.74
2012-10-16,79.41
2012-10-17,79.02
2012-10-18,79.37
2012-10-19,79.62
2012-10-22,79.65
2012-10-23,79.98
2012-10-24,79.91
2012-10-25,80.04
2012-10-26,80.07
2012-10-29,80.23
2012-10-30,79.93
2012-10-31,79.92
2012-11-01,80.05
2012-11-02,80.59
2012-11-05,80.75
2012-11-06,80.61
2012-11-07,80.76
2012-11-08,80.79
2012-11-09,81.03
2012-11-12,81.03
2012-11-13,81.08
2012-11-14,81.06
2012-11-15,81.08
2012-11-16,81.26
2012-11-19,80.87
2012-11-20,80.96
2012-11-21,80.93
2012-11-22,80.93
2012-11-23,80.19
2012-11-26,80.25
2012-11-27,80.4
2012-11-28,80.34
2012-11-29,80.2
2012-11-30,80.15
2012-12-03,79.88
2012-12-04,79.64
2012-12-05,79.77
2012-12-06,80.26
2012-12-07,80.41
2012-12-10,80.33
2012-12-11,80.06
2012-12-12,79.81
2012-12-13,79.93
2012-12-14,79.58
2012-12-17,79.57
2012-12-18,79.36
2012-12-19,79.27
2012-12-20,79.26
2012-12-21,79.62
2012-12-24,79.64
2012-12-25,79.64
2012-12-26,79.62
2012-12-27,79.62
2012-12-28,79.68
2012-12-31,79.77
2013-01-01,79.77
2013-01-02,79.84
2013-01-03,80.38
2013-01-04,80.5
2013-01-07,80.26
2013-01-08,80.34
2013-01-09,80.56
2013-01-10,79.74
2013-01-11,79.56
2013-01-14,79.49
2013-01-15,79.78
2013-01-16,79.8
2013-01-17,79.65
2013-01-18,80.04
2013-01-21,80.04
2013-01-22,79.87
2013-01-23,79.92
2013-01-24,79.95
2013-01-25,79.75
2013-01-28,79.75
2013-01-29,79.56
2013-01-30,79.28
2013-01-31,79.21
2013-02-01,79.21
2013-02-04,79.55
2013-02-05,79.49
2013-02-06,79.72
2013-02-07,80.19
2013-02-08,80.21
2013-02-11,80.31
2013-02-12,80.11
2013-02-13,80.09
2013-02-14,80.46
2013-02-15,80.58
2013-02-18,80.58
2013-02-19,80.47
2013-02-20,81.07
2013-02-21,81.46
2013-02-22,81.46
2013-02-25,81.67
2013-02-26,81.87
2013-02-27,81.6
2013-02-28,81.95
2013-03-01,82.28
2013-03-04,82.19
2013-03-05,82.09
2013-03-06,82.46
2013-03-07,82.08
2013-03-08,82.72
2013-03-11,82.57
2013-03-12,82.58
2013-03-13,82.89
2013-03-14,82.61
2013-03-15,82.13
2013-03-18,82.69
2013-03-19,82.99
2013-03-20,82.78
2013-03-21,82.74
2013-03-22,82.53
2013-03-25,82.83
2013-03-26,82.88
2013-03-27,83.22
2013-03-28,82.99
2013-03-29,83.22
2013-04-01,82.73
2013-04-02,82.92
2013-04-03,82.72
2013-04-04,82.68
2013-04-05,82.5
2013-04-08,82.75
2013-04-09,82.31
2013-04-10,82.53
2013-04-11,82.25
2013-04-12,82.13
2013-04-15,82.42
2013-04-16,81.75
2013-04-17,82.68
2013-04-18,82.56
2013-04-19,82.71
2013-04-22,82.68
2013-04-23,83.05
2013-04-24,83.05
2013-04-25,82.74
2013-04-26,82.47
2013-04-29,82.15
2013-04-30,81.75
2013-05-01,81.48
2013-05-02,82.22
2013-05-03,82.1
2013-05-06,82.31
2013-05-07,82.25
2013-05-08,81.9
2013-05-09,82.79
2013-05-10,83.14
2013-05-13,83.28
2013-05-14,83.59
2013-05-15,83.83
2013-05-16,83.59
2013-05-17,84.25
2013-05-20,83.74
2013-05-21,83.86
2013-05-22,84.35
2013-05-23,83.8
2013-05-24,83.7
2013-05-27,83.7
2013-05-28,84.1
2013-05-29,83.66
2013-05-30,83.04
2013-05-31,83.26
2013-06-03,82.66
2013-06-04,82.77
2013-06-05,82.59
2013-06-06,81.54
2013-06-07,81.67
2013-06-10,81.65
2013-06-11,81.11
2013-06-12,80.95
2013-06-13,80.75
2013-06-14,80.62
2013-06-17,80.79
2013-06-18,80.61
2013-06-19,81.43
2013-06-20,81.92
2013-06-21,82.41
2013-06-24,82.42
2013-06-25,82.58
2013-06-26,82.98
2013-06-27,82.9
2013-06-28,83.14
2013-07-01,83.05
2013-07-02,83.54
2013-07-03,83.23
2013-07-04,83.23
2013-07-05,84.44
2013-07-08,84.19
2013-07-09,84.58
2013-07-10,84.04
2013-07-11,82.75
2013-07-12,82.99
2013-07-15,83.04
2013-07-16,82.5
2013-07-17,82.71
2013-07-18,82.82
2013-07-19,82.62
2013-07-22,82.22
2013-07-23,81.94
2013-07-24,82.29
2013-07-25,81.97
2013-07-26,81.66
2013-07-29,81.66
2013-07-30,81.83
2013-07-31,81.45
2013-08-01,82.34
2013-08-02,81.91
2013-08-05,81.88
2013-08-06,81.6
2013-08-07,81.29
2013-08-08,80.98
2013-08-09,81.13
2013-08-12,81.33
2013-08-13,81.77
2013-08-14,81.71
2013-08-15,81.18
2013-08-16,81.26
2013-08-19,81.23
2013-08-20,80.91
2013-08-21,81.21
2013-08-22,81.49
2013-08-23,81.36
2013-08-26,81.41
2013-08-27,81.17
2013-08-28,81.43
2013-08-29,81.95
2013-08-30,82.09
2013-09-02,82.09
2013-09-03,82.36
2013-09-04,82.17
2013-09-05,82.63
2013-09-06,82.15
2013-09-09,81.79
2013-09-10,81.82
2013-09-11,81.52
2013-09-12,81.49
2013-09-13,81.45
2013-09-16,81.3
2013-09-17,81.14
2013-09-18,80.24
2013-09-19,80.37
2013-09-20,80.43
2013-09-23,80.45
2013-09-24,80.56
2013-09-25,80.33
2013-09-26,80.52
2013-09-27,80.29
2013-09-30,80.22
2013-10-01,80.14
2013-10-02,79.9
2013-10-03,79.75
2013-10-04,80.13
2013-10-07,79.94
2013-10-08,80.06
2013-10-09,80.38
2013-10-10,80.42
2013-10-11,80.41
2013-10-14,80.26
2013-10-15,80.48
2013-10-16,80.47
2013-10-17,79.65
2013-10-18,79.65
2013-10-21,79.69
2013-10-22,79.23
2013-10-23,79.26
2013-10-24,79.19
2013-10-25,79.19
2013-10-28,79.25
2013-10-29,79.61
2013-10-30,79.78
2013-10-31,80.19
2013-11-01,80.72
2013-11-04,80.55
2013-11-05,80.71
2013-11-06,80.48
2013-11-07,80.84
2013-11-08,81.3
2013-11-11,81.09
2013-11-12,81.19
2013-11-13,80.93
2013-11-14,81.02
2013-11-15,80.85
2013-11-18,80.83
2013-11-19,80.7
2013-11-20,81.11
2013-11-21,81.07
2013-11-22,80.71
2013-11-25,80.92
2013-11-26,80.61
2013-11-27,80.72
2013-11-28,80.72
2013-11-29,80.68
2013-12-02,80.92
2013-12-03,80.92
2013-12-04,80.62
2013-12-05,80.23
2013-12-06,80.31
2013-12-09,80.13
2013-12-10,79.97
2013-12-11,79.89
2013-12-12,80.21
2013-12-13,80.21
2013-12-16,80.07
2013-12-17,80.06
2013-12-18,80.11
2013-12-19,80.63
2013-12-20,80.58
2013-12-23,80.45
2013-12-24,80.45
2013-12-25,80.45
2013-12-26,80.48
2013-12-27,80.39
2013-12-30,80
2013-12-31,80.03
2014-01-01,80.03
2014-01-02,80.63
2014-01-03,80.79
2014-01-06,80.65
2014-01-07,80.83
2014-01-08,81.02
2014-01-09,81
2014-01-10,80.66
2014-01-13,80.51
2014-01-14,80.66
2014-01-15,81.03
2014-01-16,80.91
2014-01-17,81.22
2014-01-20,81.22
2014-01-21,81.1
2014-01-22,81.17
2014-01-23,80.44
2014-01-24,80.46
2014-01-27,80.52
2014-01-28,80.57
2014-01-29,80.5
2014-01-30,81.08
2014-01-31,81.31
2014-02-03,81.01
2014-02-04,81.12
2014-02-05,81.04
2014-02-06,80.91
2014-02-07,80.69
2014-02-10,80.64
2014-02-11,80.64
2014-02-12,80.68
2014-02-13,80.32
2014-02-14,80.15
2014-02-17,80.14
2014-02-18,80.01
2014-02-19,80.14
2014-02-20,80.29
2014-02-21,80.24
2014-02-24,80.2
2014-02-25,80.14
2014-02-26,80.43
2014-02-27,80.28
2014-02-28,79.69
2014-03-03,80.08
2014-03-04,80.17
2014-03-05,80.11
2014-03-06,79.66
2014-03-07,79.72
2014-03-10,79.77
2014-03-11,79.74
2014-03-12,79.61
2014-03-13,79.62
2014-03-14,79.45
2014-03-17,79.39
2014-03-18,79.41
2014-03-19,80
2014-03-20,80.19
2014-03-21,80.11
2014-03-24,79.93
2014-03-25,79.94
2014-03-26,80.03
2014-03-27,80.11
2014-03-28,80.18
2014-03-31,80.1
2014-04-01,80.09
2014-04-02,80.22
2014-04-03,80.47
2014-04-04,80.42
2014-04-07,80.23
2014-04-08,79.75
2014-04-09,79.48
2014-04-10,79.38
2014-04-11,79.45
2014-04-14,79.73
2014-04-15,79.8
2014-04-16,79.8
2014-04-17,79.83
2014-04-18,79.83
2014-04-21,79.94
2014-04-22,79.91
2014-04-23,79.86
2014-04-24,79.8
2014-04-25,79.75
2014-04-28,79.68
2014-04-29,79.81
2014-04-30,79.47
2014-05-01,79.53
2014-05-02,79.52
2014-05-05,79.49
2014-05-06,79.09
2014-05-07,79.2
2014-05-08,79.36
2014-05-09,79.9
2014-05-12,79.9
2014-05-13,80.14
2014-05-14,80.07
2014-05-15,80
2014-05-16,80.04
2014-05-19,79.99
2014-05-20,80.04
2014-05-21,80.09
2014-05-22,80.25
2014-05-23,80.39
2014-05-26,80.39
2014-05-27,80.35
2014-05-28,80.57
2014-05-29,80.49
2014-05-30,80.37
2014-06-02,80.64
2014-06-03,80.55
2014-06-04,80.66
2014-06-05,80.37
2014-06-06,80.41
2014-06-09,80.65
2014-06-10,80.82
2014-06-11,80.77
2014-06-12,80.58
2014-06-13,80.58
2014-06-16,80.47
2014-06-17,80.63
2014-06-18,80.58
2014-06-19,80.32
2014-06-20,80.37
2014-06-23,80.27
2014-06-24,80.33
2014-06-25,80.22
2014-06-26,80.22
2014-06-27,80.02
2014-06-30,79.78
2014-07-01,79.81
2014-07-02,79.96
2014-07-03,80.21
2014-07-04,80.27
2014-07-07,80.22
2014-07-08,80.18
2014-07-09,79.99
2014-07-10,80.13
2014-07-11,80.19
2014-07-14,80.19
2014-07-15,80.39
2014-07-16,80.56
2014-07-17,80.5
2014-07-18,80.52
2014-07-21,80.56
2014-07-22,80.78
2014-07-23,80.82
2014-07-24,80.87
2014-07-25,81.03
2014-07-28,81.03
2014-07-29,81.21
2014-07-30,81.43
2014-07-31,81.46
2014-08-01,81.3
2014-08-04,81.33
2014-08-05,81.33
2014-08-06,81.44
2014-08-07,81.52
2014-08-08,81.4
2014-08-11,81.47
2014-08-12,81.5
2014-08-13,81.6
2014-08-14,81.59
2014-08-15,81.42
2014-08-18,81.58
2014-08-19,81.88
2014-08-20,82.23
2014-08-21,82.15
2014-08-22,82.34
2014-08-25,82.55
2014-08-26,82.65
2014-08-27,82.43
2014-08-28,82.48
2014-08-29,82.75
2014-09-01,82.75
2014-09-02,82.99
2014-09-03,82.86
2014-09-04,83.82
2014-09-05,83.74
2014-09-08,84.23
2014-09-09,84.28
2014-09-10,84.28
2014-09-11,84.3
2014-09-12,84.24
2014-09-15,84.26
2014-09-16,84.07
2014-09-17,84.34
2014-09-18,84.32
2014-09-19,84.73
2014-09-22,84.75
2014-09-23,84.66
2014-09-24,85.04
2014-09-25,85.19
2014-09-26,85.64
2014-09-29,85.59
2014-09-30,85.94
2014-10-01,85.97
2014-10-02,85.6
2014-10-03,86.69
2014-10-06,85.93
2014-10-07,85.67
2014-10-08,85.3
2014-10-09,85.52
2014-10-10,85.91
2014-10-13,85.53
2014-10-14,85.82
2014-10-15,85.15
2014-10-16,84.95
2014-10-17,85.11
2014-10-20,84.95
2014-10-21,85.3
2014-10-22,85.74
2014-10-23,85.84
2014-10-24,85.73
2014-10-27,85.5
2014-10-28,85.41
2014-10-29,85.95
2014-10-30,86.15
2014-10-31,86.92
2014-11-03,87.31
2014-11-04,86.98
2014-11-05,87.44
2014-11-06,88.01
2014-11-07,87.64
2014-11-09,87.53
2014-11-10,87.81
2014-11-11,87.53
2014-11-12,87.82
2014-11-13,87.67
2014-11-14,87.53
2014-11-16,87.64
2014-11-17,87.93
2014-11-18,87.58
2014-11-19,87.65
2014-11-20,87.59
2014-11-21,88.31
2014-11-23,88.38
2014-11-24,88.15
2014-11-25,87.92
2014-11-26,87.61
2014-11-27,87.61
2014-11-28,88.36
2014-11-30,88.38
2014-12-01,87.95
2014-12-02,88.65
2014-12-03,88.96
2014-12-04,88.7
2014-12-05,89.33
2014-12-07,89.35
2014-12-08,89.04
2014-12-09,88.69
2014-12-10,88.27
2014-12-11,88.66
2014-12-12,88.36
2014-12-14,88.23
2014-12-15,88.46
2014-12-16,88.12
2014-12-17,89.13
2014-12-18,89.23
2014-12-19,89.6
2014-12-21,89.62
2014-12-22,89.77
2014-12-23,90.06
2014-12-24,89.97
2014-12-25,89.97
2014-12-26,90.03
2014-12-28,90.07
2014-12-29,90.19
2014-12-30,89.99
2014-12-31,90.27
2015-01-01,90.27
2015-01-02,91.08
2015-01-04,91.46
2015-01-05,91.38
2015-01-06,91.5
2015-01-07,91.89
2015-01-08,92.37
2015-01-09,91.94
2015-01-11,91.73
2015-01-12,91.98
2015-01-13,92.31
2015-01-14,92.16
2015-01-15,92.35
2015-01-16,92.52
2015-01-18,92.67
2015-01-19,92.52
2015-01-20,93.05
2015-01-21,92.9
2015-01-22,94.08
2015-01-23,94.76
2015-01-25,95.33
2015-01-26,94.8
2015-01-27,94.02
2015-01-28,94.47
2015-01-29,94.78
2015-01-30,94.8
2015-02-02,94.5
2015-02-03,93.6
2015-02-04,93.99
2015-02-05,93.57
2015-02-06,94.65
2015-02-08,94.71
2015-02-09,94.45
2015-02-10,94.76
2015-02-11,94.98
2015-02-12,94.09
2015-02-13,94.2
2015-02-15,94.11
2015-02-16,94.2
2015-02-17,94.06
2015-02-18,94.2
2015-02-19,94.4
2015-02-20,94.31
2015-02-22,94.32
2015-02-23,94.57
2015-02-24,94.49
2015-02-25,94.21
2015-02-26,95.29
2015-02-27,95.25
2015-03-01,95.5
2015-03-02,95.46
2015-03-03,95.38
2015-03-04,95.97
2015-03-05,96.38
2015-03-06,97.61
2015-03-08,97.68
2015-03-09,97.59
2015-03-10,98.62
2015-03-11,99.8
2015-03-12,99.44
2015-03-13,100.33
2015-03-15,100.26
2015-03-16,99.6
2015-03-17,99.58
2015-03-18,98.55
2015-03-19,99.26
2015-03-20,97.91
2015-03-22,97.82
2015-03-23,97.03
2015-03-24,97.19
2015-03-25,96.98
2015-03-26,97.44
2015-03-27,97.29
2015-03-29,97.43
2015-03-30,97.97
2015-03-31,98.36
2015-04-01,98.19
2015-04-02,97.44
2015-04-03,96.55
2015-04-05,96.63
2015-04-06,96.78
2015-04-07,97.83
2015-04-08,97.94
2015-04-09,99.16
2015-04-10,99.34
2015-04-12,99.33
2015-04-13,99.49
2015-04-14,98.73
2015-04-15,98.32
2015-04-16,97.42
2015-04-17,97.52
2015-04-19,97.4
2015-04-20,97.94
2015-04-21,98
2015-04-22,97.93
2015-04-23,97.28
2015-04-24,96.92
2015-04-26,96.94
2015-04-27,96.77
2015-04-28,96.09
2015-04-29,95.21
2015-04-30,94.6
2015-05-01,95.3
2015-05-03,95.28
2015-05-04,95.48
2015-05-05,95.08
2015-05-06,94.09
2015-05-07,94.64
2015-05-08,94.79
2015-05-10,94.86
2015-05-11,95.01
2015-05-12,94.53
2015-05-13,93.62
2015-05-14,93.46
2015-05-15,93.14
2015-05-17,93.23
2015-05-18,94.22
2015-05-19,95.27
2015-05-20,95.45
2015-05-21,95.25
2015-05-22,96.14
2015-05-24,96.29
2015-05-25,96.01
2015-05-26,97.3
2015-05-27,97.37
2015-05-28,96.97
2015-05-29,96.91
2015-06-01,97.39
2015-06-02,95.83
2015-06-03,95.47
2015-06-04,95.46
2015-06-05,96.31
2015-06-07,96.43
2015-06-08,95.3
2015-06-09,95.17
2015-06-10,94.65
2015-06-11,94.98
2015-06-12,94.97
2015-06-14,95.12
2015-06-15,94.81
2015-06-16,95
2015-06-17,94.3
2015-06-18,94.04
2015-06-19,94.08
2015-06-21,94.07
2015-06-22,94.33
2015-06-23,95.43
2015-06-24,95.26
2015-06-25,95.19
2015-06-26,95.47
2015-06-28,96.37
2015-06-29,94.79
2015-06-30,95.48
2015-07-01,96.31
2015-07-02,96.11
2015-07-03,96.11
2015-07-05,96.57
2015-07-06,96.3
2015-07-07,96.86
2015-07-08,96.29
2015-07-09,96.61
2015-07-10,96.03
2015-07-12,95.99
2015-07-13,96.86
2015-07-14,96.64
2015-07-15,97.17
2015-07-16,97.67
2015-07-17,97.86
2015-07-19,97.97
2015-07-20,98.03
2015-07-21,97.33
2015-07-22,97.6
2015-07-23,97.11
2015-07-24,97.24
2015-07-26,97.28
2015-07-27,96.5
2015-07-28,96.77
2015-07-29,96.98
2015-07-30,97.56
2015-07-31,97.34
2015-08-02,97.35
2015-08-03,97.49
2015-08-04,97.93
2015-08-05,97.96
2015-08-06,97.83
2015-08-07,97.56
2015-08-09,97.65
2015-08-10,97.16
2015-08-11,97.29
2015-08-12,96.26
2015-08-13,96.44
2015-08-14,96.52
2015-08-16,96.7
2015-08-17,96.81
2015-08-18,97.04
2015-08-19,96.36
2015-08-20,95.98
2015-08-21,95.01
2015-08-23,94.9
2015-08-24,93.33
2015-08-25,94.53
2015-08-26,95.1
2015-08-27,95.61
2015-08-28,96.11
2015-08-30,95.95
2015-08-31,95.82
2015-09-01,95.45
2015-09-02,95.83
2015-09-03,96.41
2015-09-04,96.23
2015-09-06,96.22
2015-09-07,96.23
2015-09-08,95.98
2015-09-09,96.01
2015-09-10,95.46
2015-09-11,95.19
2015-09-13,95.18
2015-09-14,95.25
2015-09-15,95.61
2015-09-16,95.42
2015-09-17,94.55
2015-09-18,94.86
2015-09-20,95.26
2015-09-21,95.89
2015-09-22,96.28
2015-09-23,96.07
2015-09-24,96.3
2015-09-25,96.27
2015-09-27,96.17
2015-09-28,96.03
2015-09-29,95.86
2015-09-30,96.35
2015-10-01,96.19
2015-10-02,95.83
2015-10-04,95.89
2015-10-05,96.11
2015-10-06,95.45
2015-10-07,95.5
2015-10-08,95.32
2015-10-09,94.81
2015-10-11,94.83
2015-10-12,94.84
2015-10-13,94.76
2015-10-14,93.93
2015-10-15,94.37
2015-10-16,94.54
2015-10-18,94.67
2015-10-19,94.93
2015-10-20,94.91
2015-10-21,95.03
2015-10-22,96.38
2015-10-23,97.13
2015-10-25,97.03
2015-10-26,96.86
2015-10-27,96.91
2015-10-28,97.78
2015-10-29,97.28
2015-10-30,96.95
2015-11-01,96.81
2015-11-02,96.93
2015-11-03,97.16
2015-11-04,97.95
2015-11-05,97.94
2015-11-06,99.17
2015-11-08,99.24
2015-11-09,98.98
2015-11-10,99.29
2015-11-11,99.01
2015-11-12,98.65
2015-11-13,99
2015-11-14,98.8
2015-11-15,99.18
2015-11-16,99.44
2015-11-17,99.63
2015-11-18,99.65
2015-11-19,98.99
2015-11-20,99.56
2015-11-21,99.61
2015-11-22,99.68
2015-11-23,99.8
2015-11-24,99.53
2015-11-25,99.8
2015-11-26,99.8
2015-11-27,100.02
2015-11-28,100.08
2015-11-29,100.13
2015-11-30,100.17
2015-12-01,99.8
2015-12-02,99.99
2015-12-03,97.62
2015-12-04,98.35
2015-12-05,98.25
2015-12-06,98.3
2015-12-07,98.66
2015-12-08,98.47
2015-12-09,97.34
2015-12-10,97.94
2015-12-11,97.56
2015-12-12,97.63
2015-12-13,97.68
2015-12-14,97.6
2015-12-15,98.22
2015-12-16,97.87
2015-12-17,99.27
2015-12-18,98.7
2015-12-19,98.69
2015-12-20,98.7
2015-12-21,98.36
2015-12-22,98.23
2015-12-23,98.34
2015-12-24,97.98
2015-12-25,97.98
2015-12-26,97.85
2015-12-27,97.91
2015-12-28,97.92
2015-12-29,98.1
2015-12-30,98.27
2015-12-31,98.63
2016-01-01,98.63
2016-01-02,98.68
2016-01-03,98.74
2016-01-04,98.87
2016-01-05,99.4
2016-01-06,99.18
2016-01-07,98.22
2016-01-08,98.54
2016-01-09,98.38
2016-01-10,98.3
2016-01-11,98.72
2016-01-12,98.97
2016-01-13,98.93
2016-01-14,99.09
2016-01-15,98.96
2016-01-16,98.95
2016-01-17,98.92
2016-01-18,98.96
2016-01-19,98.99
2016-01-20,99.09
2016-01-21,99.06
2016-01-22,99.57
2016-01-23,99.54
2016-01-24,99.53
2016-01-25,99.36
2016-01-26,99.36
2016-01-27,98.9
2016-01-28,98.51
2016-01-29,99.61
2016-01-30,99.53
2016-01-31,99.62
2016-02-01,99.01
2016-02-02,98.87
2016-02-03,97.29
2016-02-04,96.47
2016-02-05,97.03
2016-02-06,96.96
2016-02-07,97.04
2016-02-08,96.57
2016-02-09,96.07
2016-02-10,95.89
2016-02-11,95.56
2016-02-12,95.94
2016-02-13,95.97
2016-02-14,96.16
2016-02-15,95.94
2016-02-16,96.87
2016-02-17,96.79
2016-02-18,96.95
2016-02-19,96.6
2016-02-20,96.59
2016-02-21,96.76
2016-02-22,97.38
2016-02-23,97.48
2016-02-24,97.46
2016-02-25,97.29
2016-02-26,98.15
2016-02-27,98.09
2016-02-28,98.16
2016-02-29,98.21
2016-03-01,98.35
2016-03-02,98.21
2016-03-03,97.59
2016-03-04,97.34
2016-03-05,97.22
2016-03-06,97.33
2016-03-07,97.07
2016-03-08,97.21
2016-03-09,97.17
2016-03-10,96.07
2016-03-11,96.17
2016-03-13,96.16
2016-03-14,96.62
2016-03-15,96.63
2016-03-16,95.89
2016-03-17,94.76
2016-03-18,95.09
2016-03-20,95.06
2016-03-21,95.29
2016-03-22,95.65
2016-03-23,96.05
2016-03-24,96.14
2016-03-25,96.14
2016-03-27,96.36
2016-03-28,95.94
2016-03-29,95.16
2016-03-30,94.84
2016-03-31,94.59
2016-04-01,94.62
2016-04-03,94.6
2016-04-04,94.51
2016-04-05,94.63
2016-04-06,94.43
2016-04-07,94.48
2016-04-08,94.23
2016-04-10,94.2
2016-04-11,93.95
2016-04-12,93.96
2016-04-13,94.74
2016-04-14,94.9
2016-04-15,94.7
2016-04-17,94.68
2016-04-18,94.49
2016-04-19,93.98
2016-04-20,94.49
2016-04-21,94.6
2016-04-22,95.12
2016-04-24,95.03
2016-04-25,94.84
2016-04-26,94.57
2016-04-27,94.39
2016-04-28,93.76
2016-04-29,93.08
2016-05-01,93.01
2016-05-02,92.63
2016-05-03,92.94
2016-05-04,93.18
2016-05-05,93.78
2016-05-06,93.89
2016-05-08,93.96
2016-05-09,94.13
2016-05-10,94.29
2016-05-11,93.82
2016-05-12,94.15
2016-05-13,94.61
2016-05-15,94.59
2016-05-16,94.57
2016-05-17,94.55
2016-05-18,95.08
2016-05-19,95.29
2016-05-20,95.33
2016-05-22,95.31
2016-05-23,95.23
2016-05-24,95.57
2016-05-25,95.35
2016-05-26,95.17
2016-05-27,95.52
2016-05-29,95.83
2016-05-30,95.52
2016-05-31,95.89
2016-06-01,95.45
2016-06-02,95.56
2016-06-03,94.03
2016-06-05,94.13
2016-06-06,93.9
2016-06-07,93.83
2016-06-08,93.59
2016-06-09,93.95
2016-06-10,94.57
2016-06-12,94.71
2016-06-13,94.36
2016-06-14,94.93
2016-06-15,94.61
2016-06-16,94.57
2016-06-17,94.21
2016-06-19,93.67
2016-06-20,93.61
2016-06-21,94.02
2016-06-22,93.72
2016-06-23,93.53
2016-06-24,95.45
2016-06-26,96.07
2016-06-27,96.54
2016-06-28,96.25
2016-06-29,95.77
2016-06-30,96.14
2016-07-01,95.65
2016-07-03,95.69
2016-07-04,95.65
2016-07-05,96.17
2016-07-06,96.05
2016-07-07,96.33
2016-07-08,96.3
2016-07-10,96.37
2016-07-11,96.57
2016-07-12,96.44
2016-07-13,96.22
2016-07-14,96.08
2016-07-15,96.58
2016-07-17,96.6
2016-07-18,96.56
2016-07-19,97.06
2016-07-20,97.2
2016-07-21,97
2016-07-22,97.47
2016-07-24,97.41
2016-07-25,97.29
2016-07-26,97.16
2016-07-27,97.05
2016-07-28,96.74
2016-07-29,95.53
2016-07-31,95.67
2016-08-01,95.71
2016-08-02,95.06
2016-08-03,95.56
2016-08-04,95.76
2016-08-05,96.19
2016-08-07,96.29
2016-08-08,96.4
2016-08-09,96.18
2016-08-10,95.65
2016-08-11,95.86
2016-08-12,95.72
2016-08-14,95.72
2016-08-15,95.63
2016-08-16,94.79
2016-08-17,94.72
2016-08-18,94.16
2016-08-19,94.51
2016-08-21,94.73
2016-08-22,94.52
2016-08-23,94.54
2016-08-24,94.79
2016-08-25,94.77
2016-08-26,95.57
2016-08-28,95.51
2016-08-29,95.58
2016-08-30,96.05
2016-08-31,96.02
2016-09-01,95.65
2016-09-02,95.84
2016-09-04,95.86
2016-09-05,95.84
2016-09-06,94.82
2016-09-07,94.96
2016-09-08,95.03
2016-09-09,95.34
2016-09-11,95.26
2016-09-12,95.09
2016-09-13,95.63
2016-09-14,95.33
2016-09-15,95.29
2016-09-16,96.11
2016-09-18,96.02
2016-09-19,95.84
2016-09-20,96.02
2016-09-21,95.66
2016-09-22,95.45
2016-09-23,95.48
2016-09-26,95.3
2016-09-27,95.44
2016-09-28,95.43
2016-09-29,95.53
2016-09-30,95.46
2016-10-02,95.56
2016-10-03,95.69
2016-10-04,96.17
2016-10-05,96.12
2016-10-06,96.77
2016-10-07,96.63
2016-10-09,96.51
2016-10-10,96.93
2016-10-11,97.69
2016-10-12,97.97
2016-10-13,97.52
2016-10-14,98.02
2016-10-16,98.12
2016-10-17,97.89
2016-10-18,97.89
2016-10-19,97.92
2016-10-20,98.31
2016-10-21,98.69
2016-10-23,98.69
2016-10-24,98.76
2016-10-25,98.72
2016-10-26,98.63
2016-10-27,98.89
2016-10-28,98.35
2016-10-30,98.31
2016-10-31,98.44
2016-11-01,97.7
2016-11-02,97.4
2016-11-03,97.16
2016-11-04,97.06
2016-11-06,97.33
2016-11-07,97.78
2016-11-08,97.86
2016-11-09,98.5
2016-11-10,98.78
2016-11-11,99.06
2016-11-13,99.22
2016-11-14,100.11
2016-11-15,100.23
2016-11-16,100.41
2016-11-17,100.89
2016-11-18,101.21
2016-11-20,101.4
2016-11-21,101.05
2016-11-22,101.04
2016-11-23,101.7
2016-11-24,101.7
2016-11-25,101.49
2016-11-27,101.3
2016-11-28,101.33
2016-11-29,100.93
2016-11-30,101.5
2016-12-01,101.04
2016-12-02,100.77
2016-12-04,101.35
2016-12-05,100.09
2016-12-06,100.49
2016-12-07,100.23
2016-12-08,101.1
2016-12-09,101.59
2016-12-11,101.62
2016-12-12,101.03
2016-12-13,101.07
2016-12-14,101.76
2016-12-15,103.02
2016-12-16,102.95
2016-12-18,102.81
2016-12-19,103.14
2016-12-20,103.29
2016-12-21,103.02
2016-12-22,103.09
2016-12-23,103.01
2016-12-25,102.97
2016-12-26,103.01
2016-12-27,103.02
2016-12-28,103.3
2016-12-29,102.68
2016-12-30,102.21
2017-01-01,102.3
2017-01-02,102.83
2017-01-03,103.21
2017-01-04,102.7
2017-01-05,101.52
2017-01-06,102.22
2017-01-08,102.26
2017-01-09,101.93
2017-01-10,102.01
2017-01-11,101.78
2017-01-12,101.35
2017-01-13,101.18
2017-01-15,101.41
2017-01-16,101.18
2017-01-17,100.33
2017-01-18,100.93
2017-01-19,101.15
2017-01-20,100.74
2017-01-22,100.62
2017-01-23,100.16
2017-01-24,100.35
2017-01-25,100.03
2017-01-26,100.38
2017-01-27,100.53
2017-01-29,100.37
2017-01-30,100.43
2017-01-31,99.51
2017-02-01,99.64
2017-02-02,99.79
2017-02-03,99.87
2017-02-05,99.74
2017-02-06,99.91
2017-02-07,100.26
2017-02-08,100.28
2017-02-09,100.65
2017-02-10,100.8
2017-02-12,100.96
2017-02-13,100.96
2017-02-14,101.25
2017-02-15,101.18
2017-02-16,100.44
2017-02-17,100.95
2017-02-19,100.81
2017-02-20,100.95
2017-02-21,101.37
2017-02-22,101.22
2017-02-23,101.05
2017-02-24,101.09
2017-02-26,101.27
2017-02-27,101.13
2017-02-28,101.12
2017-03-01,101.78
2017-03-02,102.2
2017-03-03,101.54
2017-03-05,101.33
2017-03-06,101.64
2017-03-07,101.81
2017-03-08,102.07
2017-03-09,101.85
2017-03-10,101.25
2017-03-12,101.26
2017-03-13,101.31
2017-03-14,101.7
2017-03-15,100.74
2017-03-16,100.36
2017-03-17,100.3
2017-03-19,100.31
2017-03-20,100.41
2017-03-21,99.81
2017-03-22,99.68
2017-03-23,99.76
2017-03-24,99.63
2017-03-26,99.32
2017-03-27,99.17
2017-03-28,99.71
2017-03-29,100
2017-03-30,100.41
2017-03-31,100.35
2017-04-02,100.46
2017-04-03,100.54
2017-04-04,100.54
2017-04-05,100.56
2017-04-06,100.67
2017-04-07,101.18
2017-04-09,101.23
2017-04-10,101.02
2017-04-11,100.71
2017-04-12,100.78
2017-04-13,100.56
2017-04-14,100.56
2017-04-16,100.46
2017-04-17,100.29
2017-04-18,99.5
2017-04-19,99.74
2017-04-20,99.78
2017-04-21,99.98
2017-04-23,98.97
2017-04-24,99.09
2017-04-25,98.78
2017-04-26,99.05
2017-04-27,99.08
2017-04-28,99.05
2017-04-30,98.97
2017-05-01,99.08
2017-05-02,98.98
2017-05-03,99.21
2017-05-04,98.8
2017-05-05,98.65
2017-05-07,98.79
2017-05-08,99.06
2017-05-09,99.66
2017-05-10,99.67
2017-05-11,99.62
2017-05-12,99.25
2017-05-14,99.2
2017-05-15,98.91
2017-05-16,98.11
2017-05-17,97.58
2017-05-18,97.88
2017-05-19,97.14
2017-05-21,97.16
2017-05-22,96.98
2017-05-23,97.35
2017-05-24,97.24
2017-05-25,97.25
2017-05-26,97.44
2017-05-28,97.42
2017-05-29,97.44
2017-05-30,97.28
2017-05-31,96.92
2017-06-01,97.2
2017-06-02,96.72
2017-06-04,96.73
2017-06-05,96.8
2017-06-06,96.64
2017-06-07,96.75
2017-06-08,96.92
2017-06-09,97.27
2017-06-11,97.23
2017-06-12,97.14
2017-06-13,96.97
2017-06-14,96.94
2017-06-15,97.43
2017-06-16,97.16
2017-06-18,97.11
2017-06-19,97.55
2017-06-20,97.76
2017-06-21,97.56
2017-06-22,97.59
2017-06-23,97.26
2017-06-25,97.22
2017-06-26,97.43
2017-06-27,96.39
2017-06-28,96.01
2017-06-29,95.63
2017-06-30,95.63
2017-07-03,96.14
2017-07-04,96.13
2017-07-05,96.24
2017-07-06,95.79
2017-07-07,96.01
2017-07-10,96.07
2017-07-11,95.68
2017-07-12,95.76
2017-07-13,95.76
2017-07-14,95.15
2017-07-17,95.17
2017-07-18,94.69
2017-07-19,94.76
2017-07-20,94.29
2017-07-21,93.86
2017-07-23,93.84
2017-07-24,94.04
2017-07-25,94.11
2017-07-26,93.49
2017-07-27,93.82
2017-07-28,93.26
2017-07-30,93.35
2017-07-31,92.95
2017-08-01,93.04
2017-08-02,92.91
2017-08-03,92.72
2017-08-04,93.54
2017-08-06,93.47
2017-08-07,93.4
2017-08-08,93.6
2017-08-09,93.51
2017-08-10,93.4
2017-08-11,93.1
2017-08-13,93.08
2017-08-14,93.51
2017-08-15,93.81
2017-08-16,93.46
2017-08-17,93.76
2017-08-18,93.43
2017-08-20,93.47
2017-08-21,93.11
2017-08-22,93.53
2017-08-23,93.15
2017-08-24,93.29
2017-08-25,92.74
2017-08-27,92.38
2017-08-28,92.26
2017-08-29,92.35
2017-08-30,92.92
2017-08-31,92.63
2017-09-01,92.81
2017-09-03,92.65
2017-09-04,92.64
2017-09-05,92.22
2017-09-06,92.18
2017-09-07,91.46
2017-09-08,91.35
2017-09-10,91.46
2017-09-11,91.91
2017-09-12,91.89
2017-09-13,92.4
2017-09-14,91.99
2017-09-15,91.87
2017-09-17,91.95
2017-09-18,91.97
2017-09-19,91.84
2017-09-20,92.63
2017-09-21,92.15
2017-09-22,92.17
2017-09-24,92.32
2017-09-25,92.61
2017-09-26,93.07
2017-09-27,93.43
2017-09-28,93.17
2017-09-29,93.08
2017-10-01,93.14
2017-10-02,93.64
2017-10-03,93.58
2017-10-04,93.52
2017-10-05,93.91
2017-10-06,93.8
2017-10-08,93.74
2017-10-09,93.72
2017-10-10,93.22
2017-10-11,92.92
2017-10-12,93.1
2017-10-13,93.09
2017-10-15,93.11
2017-10-16,93.29
2017-10-17,93.46
2017-10-18,93.42
2017-10-19,93.14
2017-10-20,93.7
2017-10-22,93.89
2017-10-23,93.8
2017-10-24,93.97
2017-10-25,93.59
2017-10-26,94.76
2017-10-27,94.92
2017-10-29,94.86
2017-10-30,94.46
2017-10-31,94.54
2017-11-01,94.75
2017-11-02,94.71
2017-11-03,94.94
2017-11-05,94.89
2017-11-06,94.74
2017-11-07,94.85
2017-11-08,94.88
2017-11-09,94.53
2017-11-10,94.39
2017-11-12,94.5
2017-11-13,94.52
2017-11-14,93.83
2017-11-15,93.9
2017-11-16,93.91
2017-11-17,93.66
2017-11-19,94.01
2017-11-20,94.06
2017-11-21,93.98
2017-11-22,93.25
2017-11-23,93.12
2017-11-24,92.78
2017-11-26,92.81
2017-11-27,92.9
2017-11-28,93.22
2017-11-29,93.26
2017-11-30,93.07
2017-12-01,92.89
2017-12-03,93.17
2017-12-04,93.08
2017-12-05,93.32
2017-12-06,93.52
2017-12-07,93.75
2017-12-08,93.9
2017-12-10,93.91
2017-12-11,93.93
2017-12-12,94.09
2017-12-13,93.47
2017-12-14,93.69
2017-12-15,93.93
2017-12-17,94.02
2017-12-18,93.69
2017-12-19,93.45
2017-12-20,93.35
2017-12-21,93.3
2017-12-22,93.35
2017-12-24,93.36
2017-12-25,93.27
2017-12-26,93.3
2017-12-27,93
2017-12-28,92.67
2017-12-29,92.12
2017-12-31,92.28
2018-01-01,92.25
2018-01-02,91.85
2018-01-03,92.19
2018-01-04,91.86
2018-01-05,91.95
2018-01-07,91.98
2018-01-08,92.34
2018-01-09,92.52
2018-01-10,92.35
2018-01-11,91.9
2018-01-12,90.97
2018-01-14,90.92
2018-01-15,90.46
2018-01-16,90.4
2018-01-17,90.98
2018-01-18,90.48
2018-01-19,90.57
2018-01-21,90.47
2018-01-22,90.39
2018-01-23,90.1
2018-01-24,89.24
2018-01-25,89.46
2018-01-26,89.07
2018-01-28,89.04
2018-01-29,89.35
2018-01-30,89.18
2018-01-31,89.11
2018-02-01,88.65
2018-02-02,89.19
2018-02-04,89.23
2018-02-05,89.64
2018-02-06,89.67
2018-02-07,90.34
2018-02-08,90.28
2018-02-09,90.44
2018-02-11,90.35
2018-02-12,90.11
2018-02-13,89.74
2018-02-14,89.01
2018-02-15,88.62
2018-02-16,89.1
2018-02-18,89.11
2018-02-19,89.19
2018-02-20,89.72
2018-02-21,90.12
2018-02-22,89.71
2018-02-23,89.88
2018-02-25,89.97
2018-02-26,89.87
2018-02-27,90.36
2018-02-28,90.66
2018-03-01,90.24
2018-03-02,89.94
2018-03-04,90
2018-03-05,90
2018-03-06,89.43
2018-03-07,89.59
2018-03-08,90.12
2018-03-09,90.09
2018-03-11,90.12
2018-03-12,89.89
2018-03-13,89.69
2018-03-14,89.71
2018-03-15,90.13
2018-03-16,90.23
2018-03-18,90.23
2018-03-19,89.9
2018-03-20,90.39
2018-03-21,89.64
2018-03-22,89.69
2018-03-23,89.48
2018-03-25,89.5
2018-03-26,89.02
2018-03-27,89.33
2018-03-28,90.08
2018-03-29,90.09
2018-03-30,89.97
2018-04-01,90
2018-04-02,90.07
2018-04-03,90.12
2018-04-04,90.09
2018-04-05,90.36
2018-04-06,90.11
2018-04-08,90.18
2018-04-09,89.83
2018-04-10,89.57
2018-04-11,89.5
2018-04-12,89.75
2018-04-13,89.8
2018-04-15,89.81
2018-04-16,89.4
2018-04-17,89.49
2018-04-18,89.62
2018-04-19,89.9
2018-04-20,90.32
2018-04-22,90.43
2018-04-23,90.93
2018-04-24,90.75
2018-04-25,91.19
2018-04-26,91.55
2018-04-27,91.53
2018-04-29,91.57
2018-04-30,91.81
2018-05-01,92.48
2018-05-02,92.75
2018-05-03,92.42
2018-05-04,92.57
2018-05-06,92.62
2018-05-07,92.75
2018-05-08,93.12
2018-05-09,93.04
2018-05-10,92.65
2018-05-11,92.54
2018-05-13,92.49
2018-05-14,92.59
2018-05-15,93.22
2018-05-16,93.39
2018-05-17,93.47
2018-05-18,93.64
2018-05-20,93.71
2018-05-21,93.68
2018-05-22,93.61
2018-05-23,94
2018-05-24,93.76
2018-05-25,94.19
2018-05-27,94.09
2018-05-28,94.19
2018-05-29,94.83
2018-05-30,94.15
2018-05-31,93.98
2018-06-01,94.19
2018-06-03,94.17
2018-06-04,94.02
2018-06-05,93.9
2018-06-06,93.66
2018-06-07,93.4
2018-06-08,93.55
2018-06-10,93.5
2018-06-11,93.58
2018-06-12,93.8
2018-06-13,93.71
2018-06-14,94.77
2018-06-15,94.79
2018-06-18,94.8
2018-06-19,95.08
2018-06-20,95.06
2018-06-21,94.74
2018-06-22,94.52
2018-06-24,94.54
2018-06-25,94.28
2018-06-26,94.66
2018-06-27,95.27
2018-06-28,95.39
2018-06-29,94.64
2018-07-01,94.56
2018-07-02,95.03
2018-07-03,94.67
2018-07-04,94.67
2018-07-05,94.47
2018-07-06,94.04
2018-07-08,93.96
2018-07-09,94.08
2018-07-10,94.15
2018-07-11,94.72
2018-07-12,94.81
2018-07-13,94.75
2018-07-15,94.75
2018-07-16,94.51
2018-07-17,94.94
2018-07-18,95.08
2018-07-19,95.15
2018-07-20,94.45
2018-07-22,94.29
2018-07-23,94.67
2018-07-24,94.61
2018-07-25,94.36
2018-07-26,94.75
2018-07-27,94.67
2018-07-29,94.65
2018-07-30,94.32
2018-07-31,94.49
2018-08-01,94.62
2018-08-02,95.16
2018-08-03,95.14
2018-08-05,95.25
2018-08-06,95.36
2018-08-07,95.22
2018-08-08,95.05
2018-08-09,95.5
2018-08-10,96.36
2018-08-12,96.4
2018-08-13,96.39
2018-08-14,96.73
2018-08-15,96.7
2018-08-16,96.64
2018-08-17,96.1
2018-08-19,96.12
2018-08-20,95.9
2018-08-21,95.26
2018-08-22,95.15
2018-08-23,95.67
2018-08-24,95.15
2018-08-26,95.03
2018-08-27,94.78
2018-08-28,94.72
2018-08-29,94.6
2018-08-30,94.72
2018-08-31,95.14
2018-09-02,95.18
2018-09-03,95.14
2018-09-04,95.44
2018-09-05,95.18
2018-09-06,95.02
2018-09-07,95.36
2018-09-09,95.36
2018-09-10,95.15
2018-09-11,95.25
2018-09-12,94.8
2018-09-13,94.52
2018-09-14,94.93
2018-09-17,94.5
2018-09-18,94.64
2018-09-19,94.54
2018-09-20,93.91
2018-09-21,94.22
2018-09-24,94.19
2018-09-25,94.13
2018-09-26,94.19
2018-09-27,94.89
2018-09-28,95.13
2018-09-30,95.13
2018-10-01,95.3
2018-10-02,95.51
2018-10-03,95.76
2018-10-04,95.75
2018-10-05,95.62
2018-10-07,95.62
2018-10-08,95.76
2018-10-09,95.67
2018-10-10,95.51
2018-10-11,95.02
2018-10-12,95.22
2018-10-14,95.33
2018-10-15,95.06
2018-10-16,95.05
2018-10-17,95.58
2018-10-18,95.9
2018-10-19,95.71
2018-10-21,95.68
2018-10-22,96.01
2018-10-23,95.96
2018-10-24,96.43
2018-10-25,96.68
2018-10-26,96.36
2018-10-28,96.43
2018-10-29,96.58
2018-10-30,97.01
2018-10-31,97.13
2018-11-01,96.28
2018-11-02,96.54
2018-11-04,96.4
2018-11-05,96.28
2018-11-06,96.32
2018-11-07,96
2018-11-08,96.72
2018-11-09,96.91
2018-11-11,97
2018-11-12,97.54
2018-11-13,97.3
2018-11-14,96.8
2018-11-15,96.93
2018-11-16,96.47
2018-11-18,96.43
2018-11-19,96.19
2018-11-20,96.84
2018-11-21,96.71
2018-11-22,96.71
2018-11-23,96.92
2018-11-25,96.93
2018-11-26,97.07
2018-11-27,97.37
2018-11-28,96.79
2018-11-29,96.78
2018-11-30,97.27
2018-12-02,97.07
2018-12-03,97.04
2018-12-04,96.97
2018-12-05,97.07
2018-12-06,96.81
2018-12-07,96.51
2018-12-09,96.68
2018-12-10,97.22
2018-12-11,97.39
2018-12-12,97.04
2018-12-13,97.06
2018-12-14,97.44
2018-12-16,97.44
2018-12-17,97.1
2018-12-18,97.1
2018-12-19,97.03
2018-12-20,96.28
2018-12-21,96.96
2018-12-23,96.89
2018-12-24,96.55
2018-12-25,96.55
2018-12-26,97.05
2018-12-27,96.48
2018-12-28,96.4
2018-12-30,96.4
2018-12-31,96.17
2019-01-01,96.17
2019-01-02,96.82
2019-01-03,96.31
2019-01-04,96.18
2019-01-06,96.12
2019-01-07,95.67
2019-01-08,95.9
2019-01-09,95.22
2019-01-10,95.54
2019-01-11,95.67
2019-01-13,95.69
2019-01-14,95.61
2019-01-15,96.04
2019-01-16,96.06
2019-01-17,96.06
2019-01-18,96.34
2019-01-20,96.37
2019-01-21,96.34
2019-01-22,96.3
2019-01-23,96.12
2019-01-24,96.6
2019-01-25,95.79
2019-01-27,95.76
2019-01-28,95.75
2019-01-29,95.82
2019-01-30,95.34
2019-01-31,95.58
2019-02-01,95.58
2019-02-03,95.61
2019-02-04,95.85
2019-02-05,96.07
2019-02-06,96.39
2019-02-07,96.51
2019-02-08,96.64
2019-02-10,96.64
2019-02-11,97.06
2019-02-12,96.71
2019-02-13,97.13
2019-02-14,96.98
2019-02-15,96.9
2019-02-18,96.9
2019-02-19,96.52
2019-02-20,96.45
2019-02-21,96.61
2019-02-22,96.51
2019-02-24,96.48
2019-02-25,96.41
2019-02-26,96
2019-02-27,96.15
2019-02-28,96.16
2019-03-01,96.53
2019-03-03,96.37
2019-03-04,96.68
2019-03-05,96.87
2019-03-06,96.87
2019-03-07,97.67
2019-03-08,97.31
2019-03-10,97.4
2019-03-11,97.22
2019-03-12,96.94
2019-03-13,96.55
2019-03-14,96.78
2019-03-15,96.59
2019-03-17,96.59
2019-03-18,96.52
2019-03-19,96.38
2019-03-20,95.76
2019-03-21,96.5
2019-03-22,96.65
2019-03-24,96.65
2019-03-25,96.57
2019-03-26,96.74
2019-03-27,96.77
2019-03-28,97.2
2019-03-29,97.28
2019-03-31,97.24
2019-04-01,97.23
2019-04-02,97.36
2019-04-03,97.09
2019-04-04,97.31
2019-04-05,97.39
2019-04-08,97.05
2019-04-09,97.01
2019-04-10,96.95
2019-04-11,97.18
2019-04-12,96.97
2019-04-14,96.92
2019-04-15,96.94
2019-04-16,97.04
2019-04-17,97.01
2019-04-18,97.47
2019-04-19,97.38
2019-04-21,97.37
2019-04-22,97.29
2019-04-23,97.64
2019-04-24,98.17
2019-04-25,98.2
2019-04-26,98.01
2019-04-28,98.04
2019-04-29,97.86
2019-04-30,97.48
2019-05-01,97.69
2019-05-02,97.83
2019-05-03,97.48
2019-05-05,97.56
2019-05-06,97.52
2019-05-07,97.63
2019-05-08,97.62
2019-05-09,97.37
2019-05-10,97.33
2019-05-12,97.29
2019-05-13,97.32
2019-05-14,97.53
2019-05-15,97.57
2019-05-16,97.86
2019-05-17,98
2019-05-19,97.97
2019-05-20,97.93
2019-05-21,98.06
2019-05-22,98.04
2019-05-23,97.86
2019-05-24,97.61
2019-05-26,97.59
2019-05-27,97.61
2019-05-28,97.95
2019-05-29,98.14
2019-05-30,98.14
2019-05-31,97.75
2019-06-03,97.14
2019-06-04,97.07
2019-06-05,97.32
2019-06-06,97.04
2019-06-07,96.54
2019-06-09,96.71
2019-06-10,96.76
2019-06-11,96.69
2019-06-12,97
2019-06-13,97.01
2019-06-14,97.57
2019-06-16,97.51
2019-06-17,97.56
2019-06-18,97.64
2019-06-19,97.12
2019-06-20,96.63
2019-06-21,96.22
2019-06-23,96.11
2019-06-24,95.98
2019-06-25,96.14
2019-06-26,96.21
2019-06-27,96.19
2019-06-28,96.13
2019-06-30,96.32
2019-07-01,96.84
2019-07-02,96.73
2019-07-03,96.77
2019-07-04,96.77
2019-07-05,97.29
2019-07-07,97.24
2019-07-08,97.38
2019-07-09,97.49
2019-07-10,97.1
2019-07-11,97.05
2019-07-12,96.81
2019-07-14,96.81
2019-07-15,96.93
2019-07-16,97.39
2019-07-17,97.22
2019-07-18,96.79
2019-07-19,97.15
2019-07-21,97.15
2019-07-22,97.26
2019-07-23,97.7
2019-07-24,97.73
2019-07-25,97.82
2019-07-26,98.01
2019-07-28,97.98
2019-07-29,98.04
2019-07-30,98.05
2019-07-31,98.52
2019-08-01,98.37
2019-08-02,98.07
2019-08-04,98.1
2019-08-05,97.52
2019-08-06,97.63
2019-08-07,97.54
2019-08-08,97.62
2019-08-09,97.49
2019-08-11,97.5
2019-08-12,97.38
2019-08-13,97.81
2019-08-14,97.99
2019-08-15,98.14
2019-08-16,98.14
2019-08-18,98.2
2019-08-19,98.35
2019-08-20,98.19
2019-08-21,98.3
2019-08-22,98.17
2019-08-23,97.64
2019-08-25,97.64
2019-08-26,98.08
2019-08-27,98
2019-08-28,98.21
2019-08-29,98.51
2019-08-30,98.92
2019-09-02,98.92
2019-09-03,99
2019-09-04,98.45
2019-09-05,98.41
2019-09-06,98.39
2019-09-08,98.46
2019-09-09,98.28
2019-09-10,98.33
2019-09-11,98.64
2019-09-12,98.31
2019-09-13,98.26
2019-09-15,98.05
2019-09-16,98.61
2019-09-17,98.26
2019-09-18,98.56
2019-09-19,98.27
2019-09-20,98.51
2019-09-22,98.49
2019-09-23,98.6
2019-09-24,98.34
2019-09-25,99.04
2019-09-26,99.13
2019-09-27,99.11
2019-09-29,99.1
2019-09-30,99.38
2019-10-01,99.13
2019-10-02,99.02
2019-10-03,98.86
2019-10-04,98.81
2019-10-06,98.78
2019-10-07,98.97
2019-10-08,99.13
2019-10-09,99.12
2019-10-10,98.7
2019-10-11,98.3
2019-10-13,98.43
2019-10-14,98.45
2019-10-15,98.29
2019-10-16,98
2019-10-17,97.61
2019-10-18,97.28
2019-10-20,97.35
2019-10-21,97.33
2019-10-22,97.53
2019-10-23,97.49
2019-10-24,97.63
2019-10-25,97.83
2019-10-27,97.82
2019-10-28,97.76
2019-10-29,97.69
2019-10-30,97.65
2019-10-31,97.35
2019-11-01,97.24
2019-11-03,97.21
2019-11-04,97.5
2019-11-05,97.98
2019-11-06,97.95
2019-11-07,98.14
2019-11-08,98.35
2019-11-10,98.36
2019-11-11,98.2
2019-11-12,98.31
2019-11-13,98.37
2019-11-14,98.16
2019-11-15,98
2019-11-17,97.95
2019-11-18,97.79
2019-11-19,97.86
2019-11-20,97.93
2019-11-21,97.99
2019-11-22,98.27
2019-11-24,98.26
2019-11-25,98.32
2019-11-26,98.25
2019-11-27,98.37
2019-11-28,98.32
2019-11-29,98.27
2019-12-01,98.3
2019-12-02,97.86
2019-12-03,97.74
2019-12-04,97.65
2019-12-05,97.41
2019-12-06,97.7
2019-12-08,97.69
2019-12-09,97.64
2019-12-10,97.41
2019-12-11,97.08
2019-12-12,97.4
2019-12-13,97.17
2019-12-15,97.15
2019-12-16,97.02
2019-12-17,97.22
2019-12-18,97.4
2019-12-19,97.38
2019-12-20,97.69
2019-12-22,97.68
2019-12-23,97.66
2019-12-24,97.65
2019-12-25,97.65
2019-12-26,97.53
2019-12-27,96.92
2019-12-29,96.96
2019-12-30,96.74
2019-12-31,96.39
2020-01-01,96.39
2020-01-02,96.85
2020-01-03,96.84
2020-01-05,96.87
2020-01-06,96.67
2020-01-07,97
2020-01-08,97.3
2020-01-09,97.45
2020-01-10,97.36
2020-01-12,97.41
2020-01-13,97.34
2020-01-14,97.37
2020-01-15,97.23
2020-01-16,97.32
2020-01-17,97.64
2020-01-19,97.62
2020-01-20,97.61
2020-01-21,97.53
2020-01-22,97.53
2020-01-23,97.69
2020-01-24,97.85
2020-01-26,97.86
2020-01-27,97.94
2020-01-28,97.97
2020-01-29,98.06
2020-01-30,97.86
2020-01-31,97.36
2020-02-02,97.42
2020-02-03,97.8
2020-02-04,97.96
2020-02-05,98.3
2020-02-06,98.5
2020-02-07,98.68
2020-02-09,98.66
2020-02-10,98.83
2020-02-11,98.72
2020-02-12,99.05
2020-02-13,99.07
2020-02-14,99.12
2020-02-16,99.09
2020-02-17,99
2020-02-18,99.44
2020-02-19,99.7
2020-02-20,99.86
2020-02-21,99.26
2020-02-23,99.42
2020-02-24,99.36
2020-02-25,98.97
2020-02-26,99
2020-02-27,98.51
2020-02-28,98.13
2020-03-01,97.97
2020-03-02,97.36
2020-03-03,97.15
2020-03-04,97.34
2020-03-05,96.82
2020-03-06,95.95
2020-03-08,95.49
2020-03-09,94.89
2020-03-10,96.41
2020-03-11,96.51
2020-03-12,97.47
2020-03-13,98.75
2020-03-15,97.9
2020-03-16,98.07
2020-03-17,99.58
2020-03-18,101.16
2020-03-19,102.99
2020-03-20,102.82
2020-03-22,102.51
2020-03-23,102.49
2020-03-24,101.66
2020-03-25,100.91
2020-03-26,99.29
2020-03-27,98.36
2020-03-29,98.32
2020-03-30,99.18
2020-03-31,99
2020-04-01,99.5
2020-04-02,100.19
2020-04-03,100.58
2020-04-05,100.78
2020-04-06,100.74
2020-04-07,99.95
2020-04-08,100.12
2020-04-09,99.61
2020-04-10,99.52
2020-04-12,99.51
2020-04-13,99.38
2020-04-14,98.84
2020-04-15,99.65
2020-04-16,99.9
2020-04-17,99.72
2020-04-19,99.84
2020-04-20,99.95
2020-04-21,100.2
2020-04-22,100.48
2020-04-23,100.52
2020-04-24,100.29
2020-04-26,100.24
2020-04-27,100.09
2020-04-28,99.87
2020-04-29,99.49
2020-04-30,99.11
2020-05-01,99.08
2020-05-03,99.24
2020-05-04,99.5
2020-05-05,99.79
2020-05-06,100.09
2020-05-07,99.89
2020-05-08,99.73
2020-05-10,99.79
2020-05-11,100.24
2020-05-12,99.93
2020-05-13,100.24
2020-05-14,100.47
2020-05-15,100.4
2020-05-17,100.39
2020-05-18,99.67
2020-05-19,99.37
2020-05-20,99.12
2020-05-21,99.37
2020-05-22,99.86
2020-05-24,99.73
2020-05-25,99.86
2020-05-26,98.91
2020-05-27,99.06
2020-05-28,98.38
2020-05-29,98.34
2020-05-31,98.21
2020-06-01,97.83
2020-06-02,97.67
2020-06-03,97.28
2020-06-04,96.68
2020-06-05,96.94
2020-06-07,96.72
2020-06-08,96.62
2020-06-09,96.32
2020-06-10,95.96
2020-06-11,96.73
2020-06-12,97.32
2020-06-14,97.17
2020-06-15,96.71
2020-06-16,96.96
2020-06-17,97.16
2020-06-18,97.42
2020-06-19,97.62
2020-06-21,97.68
2020-06-22,97.04
2020-06-23,96.65
2020-06-24,97.15
2020-06-25,97.43
2020-06-26,97.43
2020-06-28,97.48
2020-06-29,97.54
2020-06-30,97.39
2020-07-01,97.2
2020-07-02,97.32
2020-07-03,97.17
2020-07-05,97.17
2020-07-06,96.72
2020-07-07,96.88
2020-07-08,96.43
2020-07-09,96.7
2020-07-10,96.65
2020-07-13,96.46
2020-07-14,96.26
2020-07-15,96.08
2020-07-16,96.35
2020-07-17,95.94
2020-07-19,95.93
2020-07-20,95.83
2020-07-21,95.12
2020-07-22,94.99
2020-07-23,94.69
2020-07-24,94.43
2020-07-26,94.34
2020-07-27,93.67
2020-07-28,93.7
2020-07-29,93.45
2020-07-30,93.02
2020-07-31,93.35
2020-08-02,93.41
2020-08-03,93.54
2020-08-04,93.38
2020-08-05,92.87
2020-08-06,92.79
2020-08-07,93.43
2020-08-09,93.43
2020-08-10,93.58
2020-08-11,93.63
2020-08-12,93.44
2020-08-13,93.33
2020-08-14,93.1
2020-08-16,93.01
2020-08-17,92.85
2020-08-18,92.27
2020-08-19,92.89
2020-08-20,92.79
2020-08-21,93.25
2020-08-23,93.19
2020-08-24,93.3
2020-08-25,93.02
2020-08-26,93.01
2020-08-27,93
2020-08-28,92.37
2020-08-30,92.23
2020-08-31,92.14
2020-09-01,92.34
2020-09-02,92.85
2020-09-03,92.74
2020-09-04,92.72
2020-09-06,92.88
2020-09-07,92.72
2020-09-08,93.44
2020-09-09,93.25
2020-09-10,93.34
2020-09-11,93.33
2020-09-13,93.27
2020-09-14,93.05
2020-09-15,93.05
2020-09-16,93.21
2020-09-17,92.97
2020-09-18,92.93
2020-09-20,92.96
2020-09-21,93.66
2020-09-22,93.99
2020-09-23,94.39
2020-09-24,94.35
2020-09-25,94.64
2020-09-27,94.54
2020-09-28,94.28
2020-09-29,93.89
2020-09-30,93.89
2020-10-01,93.71
2020-10-02,93.84
2020-10-04,93.82
2020-10-05,93.51
2020-10-06,93.69
2020-10-07,93.63
2020-10-08,93.61
2020-10-09,93.06
2020-10-11,93.11
2020-10-12,93.07
2020-10-13,93.53
2020-10-14,93.38
2020-10-15,93.86
2020-10-16,93.68
2020-10-18,93.7
2020-10-19,93.43
2020-10-20,93.07
2020-10-21,92.61
2020-10-22,92.95
2020-10-23,92.77
2020-10-25,92.81
2020-10-26,93.04
2020-10-27,92.94
2020-10-28,93.4
2020-10-29,93.96
2020-10-30,94.04
2020-11-01,94.1
2020-11-02,94.13
2020-11-03,93.55
2020-11-04,93.41
2020-11-05,92.53
2020-11-06,92.23
2020-11-08,92.16
2020-11-09,92.72
2020-11-10,92.75
2020-11-11,93.04
2020-11-12,92.96
2020-11-13,92.75
2020-11-15,92.64
2020-11-16,92.64
2020-11-17,92.42
2020-11-18,92.32
2020-11-19,92.29
2020-11-20,92.39
2020-11-22,92.32
2020-11-23,92.5
2020-11-24,92.23
2020-11-25,91.99
2020-11-26,91.99
2020-11-27,91.79
2020-11-29,91.72
2020-11-30,91.87
2020-12-01,91.31
2020-12-02,91.12
2020-12-03,90.71
2020-12-04,90.7
2020-12-06,90.82
2020-12-07,90.79
2020-12-08,90.96
2020-12-09,91.09
2020-12-10,90.82
2020-12-11,90.98
2020-12-13,90.78
2020-12-14,90.71
2020-12-15,90.47
2020-12-16,90.45
2020-12-17,89.82
2020-12-18,90.02
2020-12-20,90.28
2020-12-21,90.04
2020-12-22,90.65
2020-12-23,90.41
2020-12-24,90.32
2020-12-25,90.32
2020-12-27,90.2
2020-12-28,90.34
2020-12-29,89.99
2020-12-30,89.68
2020-12-31,89.94
2021-01-01,89.94
2021-01-03,89.93
2021-01-04,89.87
2021-01-05,89.44
2021-01-06,89.53
2021-01-07,89.83
2021-01-08,90.1
2021-01-10,90.3
2021-01-11,90.46
2021-01-12,90.09
2021-01-13,90.36
2021-01-14,90.24
2021-01-15,90.77
2021-01-17,90.87
2021-01-18,90.76
2021-01-19,90.5
2021-01-20,90.47
2021-01-21,90.13
2021-01-22,90.24
2021-01-24,90.22
2021-01-25,90.39
2021-01-26,90.17
2021-01-27,90.65
2021-01-28,90.46
2021-01-29,90.58
2021-01-31,90.63
2021-02-01,90.98
2021-02-02,91.2
2021-02-03,91.17
2021-02-04,91.53
2021-02-05,91.04
2021-02-07,90.99
2021-02-08,90.93
2021-02-09,90.44
2021-02-10,90.37
2021-02-11,90.42
2021-02-12,90.48
2021-02-14,90.44
2021-02-15,90.48
2021-02-16,90.51
2021-02-17,90.95
2021-02-18,90.59
2021-02-19,90.36
2021-02-21,90.29
2021-02-22,90.01
2021-02-23,90.17
2021-02-24,90.18
2021-02-25,90.13
2021-02-26,90.88
2021-02-28,90.77
2021-03-01,91.04
2021-03-02,90.79
2021-03-03,90.95
2021-03-04,91.63
2021-03-05,91.98
2021-03-07,91.89
2021-03-08,92.31
2021-03-09,91.96
2021-03-10,91.82
2021-03-11,91.42
2021-03-12,91.68
2021-03-14,91.68
2021-03-15,91.83
2021-03-16,91.86
2021-03-17,91.44
2021-03-18,91.86
2021-03-19,91.92
2021-03-21,92.09
2021-03-22,91.74
2021-03-23,92.34
2021-03-24,92.53
2021-03-25,92.53
2021-03-26,92.77
2021-03-28,92.78
2021-03-29,92.94
2021-03-30,93.3
2021-03-31,93.23
2021-04-01,92.93
2021-04-02,93.02
2021-04-04,92.96
2021-04-05,92.6
2021-04-06,92.33
2021-04-07,92.46
2021-04-08,92.06
2021-04-09,92.16
2021-04-11,92.21
2021-04-12,92.14
2021-04-13,91.85
2021-04-14,91.69
2021-04-15,91.69
2021-04-16,91.56
2021-04-18,91.62
2021-04-19,91.07
2021-04-20,91.24
2021-04-21,91.15
2021-04-22,91.33
2021-04-23,90.86
2021-04-25,90.89
2021-04-26,90.81
2021-04-27,90.91
2021-04-28,90.61
2021-04-29,90.62
2021-04-30,91.28
2021-05-02,91.25
2021-05-03,90.94
2021-05-04,91.29
2021-05-05,91.31
2021-05-06,90.95
2021-05-07,90.23
2021-05-09,90.14
2021-05-10,90.21
2021-05-11,90.14
2021-05-12,90.71
2021-05-13,90.75
2021-05-14,90.32
2021-05-16,90.29
2021-05-17,90.16
2021-05-18,89.75
2021-05-19,90.19
2021-05-20,89.81
2021-05-21,90.02
2021-05-23,90.02
2021-05-24,89.84
2021-05-25,89.64
2021-05-26,90.04
2021-05-27,89.97
2021-05-28,90.03
2021-05-30,90.09
2021-05-31,90.03
2021-06-01,89.83
2021-06-02,89.91
2021-06-03,90.51
2021-06-04,90.14
2021-06-06,90.14
2021-06-07,89.95
2021-06-08,90.08
2021-06-09,90.12
2021-06-10,90.08
2021-06-11,90.56
2021-06-13,90.5
2021-06-14,90.52
2021-06-15,90.54
2021-06-16,91.13
2021-06-17,91.89
2021-06-18,92.22
2021-06-20,92.26
2021-06-21,91.9
2021-06-22,91.76
2021-06-23,91.8
2021-06-24,91.81
2021-06-25,91.85
2021-06-27,91.77
2021-06-28,91.89
2021-06-29,92.05
2021-06-30,92.44
2021-07-01,92.6
2021-07-02,92.23
2021-07-04,92.31
2021-07-05,92.21
2021-07-06,92.55
2021-07-07,92.64
2021-07-08,92.42
2021-07-09,92.13
2021-07-11,92.15
2021-07-12,92.26
2021-07-13,92.75
2021-07-14,92.41
2021-07-15,92.62
2021-07-16,92.69
2021-07-18,92.66
2021-07-19,92.89
2021-07-20,92.97
2021-07-21,92.75
2021-07-22,92.82
2021-07-23,92.91
2021-07-25,92.9
2021-07-26,92.65
2021-07-27,92.43
2021-07-28,92.32
2021-07-29,91.86
2021-07-30,92.17
2021-08-01,92.11
2021-08-02,92.05
2021-08-03,92.08
2021-08-04,92.27
2021-08-05,92.24
2021-08-06,92.8
2021-08-08,92.87
2021-08-09,92.94
2021-08-10,93.06
2021-08-11,92.92
2021-08-12,93.04
2021-08-13,92.52
2021-08-15,92.53
2021-08-16,92.63
2021-08-17,93.13
2021-08-18,93.14
2021-08-19,93.57
2021-08-20,93.5
2021-08-22,93.48
2021-08-23,92.96
2021-08-24,92.89
2021-08-25,92.82
2021-08-26,93.06
2021-08-27,92.69
2021-08-29,92.67
2021-08-30,92.65
2021-08-31,92.63
2021-09-01,92.45
2021-09-02,92.22
2021-09-03,92.04
2021-09-05,92.11
2021-09-06,92.04
2021-09-07,92.51
2021-09-08,92.65
2021-09-09,92.48
2021-09-10,92.58
2021-09-12,92.63
2021-09-13,92.68
2021-09-14,92.62
2021-09-15,92.55
2021-09-16,92.93
2021-09-17,93.19
2021-09-19,93.22
2021-09-20,93.28
2021-09-21,93.2
2021-09-22,93.46
2021-09-23,93.46
2021-09-24,93.33
2021-09-26,93.27
2021-09-27,93.38
2021-09-28,93.77
2021-09-29,94.34
2021-09-30,94.23
2021-10-01,94.04
2021-10-03,93.96
2021-10-04,93.78
2021-10-05,93.97
2021-10-06,94.27
2021-10-07,94.22
2021-10-08,94.07
2021-10-10,94.16
2021-10-11,94.32
2021-10-12,94.52
2021-10-13,94.08
2021-10-14,93.96
2021-10-15,93.94
2021-10-17,93.97
2021-10-18,93.95
2021-10-19,93.73
2021-10-20,93.56
2021-10-21,93.77
2021-10-22,93.64
2021-10-24,93.67
2021-10-25,93.81
2021-10-26,93.95
2021-10-27,93.8
2021-10-28,93.35
2021-10-29,94.12
2021-10-31,94.19
2021-11-01,93.88
2021-11-02,94.09
2021-11-03,93.86
2021-11-04,94.35
2021-11-05,94.32
2021-11-07,94.22
2021-11-08,94.05
2021-11-09,93.96
2021-11-10,94.85
2021-11-11,95.18
2021-11-12,95.13
2021-11-14,95.14
2021-11-15,95.41
2021-11-16,95.92
2021-11-17,95.83
2021-11-18,95.54
2021-11-19,96.03
2021-11-21,96.14
2021-11-22,96.55
2021-11-23,96.49
2021-11-24,96.88
2021-11-25,96.77
2021-11-26,96.09
2021-11-28,96.2
2021-11-29,96.34
2021-11-30,95.99
2021-12-01,96.03
2021-12-02,96.16
2021-12-03,96.12
2021-12-05,96.2
2021-12-06,96.33
2021-12-07,96.37
2021-12-08,95.89
2021-12-09,96.27
2021-12-10,96.1
2021-12-12,96.1
2021-12-13,96.32
2021-12-14,96.57
2021-12-15,96.51
2021-12-16,96.04
2021-12-17,96.57
2021-12-19,96.64
2021-12-20,96.55
2021-12-21,96.49
2021-12-22,96.08
2021-12-23,96.02
2021-12-26,96.09
2021-12-27,96.09
2021-12-28,96.2
2021-12-29,95.93
2021-12-30,95.97
2021-12-31,95.97
2022-01-02,95.68
2022-01-03,96.21
2022-01-04,96.26
2022-01-05,96.17
2022-01-06,96.32
2022-01-07,95.72
2022-01-09,95.79
2022-01-10,95.99
2022-01-11,95.62
2022-01-12,94.92
2022-01-13,94.79
2022-01-14,95.17
2022-01-16,95.19
2022-01-17,95.26
2022-01-18,95.73
2022-01-19,95.51
2022-01-20,95.74
2022-01-21,95.64
2022-01-23,95.65
2022-01-24,95.92
2022-01-25,95.95
2022-01-26,96.39
2022-01-27,97.25
2022-01-28,97.27
2022-01-30,97.19
2022-01-31,96.54
2022-02-01,96.39
2022-02-02,95.94
2022-02-03,95.38
2022-02-04,95.49
2022-02-06,95.44
2022-02-07,95.4
2022-02-08,95.64
2022-02-09,95.49
2022-02-10,95.55
2022-02-11,96.08
2022-02-13,95.94
2022-02-14,96.37
2022-02-15,95.99
2022-02-16,95.7
2022-02-17,95.8
2022-02-18,96.04
2022-02-20,96.13
2022-02-21,96.08
2022-02-22,96.03
2022-02-23,96.19
2022-02-24,97.14
2022-02-25,96.61
2022-02-27,97.07
2022-02-28,96.71
2022-03-01,97.41
2022-03-02,97.39
2022-03-03,97.79
2022-03-04,98.65
2022-03-06,98.88
2022-03-07,99.29
2022-03-08,99.06
2022-03-09,97.97
2022-03-10,98.51
2022-03-11,99.12
2022-03-13,99.02
2022-03-14,99
2022-03-15,99.1
2022-03-16,98.62
2022-03-17,97.97
2022-03-18,98.23
2022-03-20,98.31
2022-03-21,98.5
2022-03-22,98.49
2022-03-23,98.62
2022-03-24,98.79
2022-03-25,98.79
2022-03-27,98.85
2022-03-28,99.09
2022-03-29,98.4
2022-03-30,97.79
2022-03-31,98.31
2022-04-01,98.63
2022-04-03,98.62
2022-04-04,99
2022-04-05,99.47
2022-04-06,99.6
2022-04-07,99.75
2022-04-08,99.8
2022-04-10,99.81
2022-04-11,99.93
2022-04-12,100.29
2022-04-13,99.88
2022-04-14,100.32
2022-04-15,100.32
2022-04-17,100.52
2022-04-18,100.78
2022-04-19,100.96
2022-04-20,100.39
2022-04-21,100.58
2022-04-22,101.22
2022-04-24,101.08
2022-04-25,101.75
2022-04-26,102.3
2022-04-27,102.95
2022-04-28,103.62
2022-04-29,102.96
2022-05-01,103.28
2022-05-02,103.74
2022-05-03,103.44
2022-05-04,102.59
2022-05-05,103.75
2022-05-06,103.66
2022-05-08,103.79
2022-05-09,103.65
2022-05-10,103.92
2022-05-11,103.85
2022-05-12,104.85
2022-05-13,104.56
2022-05-15,104.57
2022-05-16,104.19
2022-05-17,103.36
2022-05-18,103.81
2022-05-19,102.72
2022-05-20,103.15
2022-05-22,102.95
2022-05-23,102.08
2022-05-24,101.86
2022-05-25,102.06
2022-05-26,101.83
2022-05-27,101.67
2022-05-29,101.7
2022-05-30,101.67
2022-05-31,101.75
2022-06-01,102.5
2022-06-02,101.82
2022-06-03,102.14
2022-06-05,102.12
2022-06-06,102.44
2022-06-07,102.32
2022-06-08,102.54
2022-06-09,103.22
2022-06-10,104.15
2022-06-12,104.47
2022-06-13,105.08
2022-06-14,105.52
2022-06-15,105.16
2022-06-16,103.63
2022-06-17,104.7
2022-06-19,104.69
2022-06-20,104.7
2022-06-21,104.43
2022-06-22,104.2
2022-06-23,104.43
2022-06-24,104.18
2022-06-26,104.03
2022-06-27,103.94
2022-06-28,104.51
2022-06-29,105.11
2022-06-30,104.68
2022-07-01,105.14
2022-07-03,105.06
2022-07-04,105.14
2022-07-05,106.54
2022-07-06,107.1
2022-07-07,107.13
2022-07-08,106.89
2022-07-10,107.08
2022-07-11,108.16
2022-07-12,108.21
2022-07-13,108.27
2022-07-14,108.57
2022-07-15,107.98
2022-07-17,107.86
2022-07-18,107.44
2022-07-19,106.68
2022-07-20,107.07
2022-07-21,106.61
2022-07-22,106.54
2022-07-24,106.71
2022-07-25,106.43
2022-07-26,107.14
2022-07-27,106.36
2022-07-28,106.35
2022-07-29,105.9
2022-07-31,105.98
2022-08-01,105.45
2022-08-02,106.24
2022-08-03,106.51
2022-08-04,105.69
2022-08-05,106.62
2022-08-07,106.66
2022-08-08,106.43
2022-08-09,106.37
2022-08-10,105.2
2022-08-11,105.09
2022-08-12,105.631
2022-08-14,105.701
2022-08-15,106.546
2022-08-16,106.5
2022-08-17,106.574
2022-08-18,107.484
2022-08-19,108.169
2022-08-21,108.159
2022-08-22,109.046
2022-08-23,108.624
2022-08-24,108.677
2022-08-25,108.47
2022-08-26,108.803
2022-08-28,109.182
2022-08-29,108.835
2022-08-30,108.773
2022-08-31,108.7
2022-09-01,109.691
2022-09-02,109.534
2022-09-04,110.026
2022-09-05,109.826
2022-09-06,110.214
2022-09-07,109.84
2022-09-08,109.707
2022-09-09,109.003
2022-09-11,108.758
2022-09-12,108.33
2022-09-13,109.815
2022-09-14,109.658
2022-09-15,109.739
2022-09-16,109.764
2022-09-18,109.551
2022-09-19,109.737
2022-09-20,110.215
2022-09-21,110.642
2022-09-22,111.353
2022-09-23,113.192
2022-09-25,113.138
2022-09-26,114.103
2022-09-27,114.106
2022-09-28,112.604
2022-09-29,112.254
2022-09-30,112.117
2022-10-02,112.228
2022-10-03,111.745
2022-10-04,110.065
2022-10-05,111.074
2022-10-06,112.258
2022-10-07,112.795
2022-10-09,112.817
2022-10-10,113.144
2022-10-11,113.221
2022-10-12,113.32
2022-10-13,112.363
2022-10-14,113.311
2022-10-16,113.06
2022-10-17,112.039
2022-10-18,112.13
2022-10-19,112.984
2022-10-20,112.881
2022-10-21,112.012
2022-10-23,111.859
2022-10-24,111.989
2022-10-25,110.95
2022-10-26,109.7
2022-10-27,110.587
2022-10-28,110.752
2022-10-30,110.811
2022-10-31,111.527
2022-11-01,111.481
2022-11-02,111.345
2022-11-03,112.93
2022-11-04,110.877
2022-11-06,111.096
2022-11-07,110.12
2022-11-08,109.636
2022-11-09,110.549
2022-11-10,108.206
2022-11-11,106.292
2022-11-13,106.715
2022-11-14,106.66
2022-11-15,106.404
2022-11-16,106.281
2022-11-17,106.694
2022-11-18,106.93
2022-11-20,106.919
2022-11-21,107.835
2022-11-22,107.222
2022-11-23,106.076
2022-11-24,105.818
2022-11-25,105.959
2022-11-27,106.34
2022-11-28,106.681
2022-11-29,106.822
2022-11-30,105.95
2022-12-01,104.728
2022-12-02,104.545
2022-12-04,104.483
2022-12-05,105.289
2022-12-06,105.578
2022-12-07,105.1
2022-12-08,104.774
2022-12-09,104.81
2022-12-11,105.055
2022-12-12,105.131
2022-12-13,103.98
2022-12-14,103.77
2022-12-15,104.558
2022-12-16,104.701
2022-12-18,104.806
2022-12-19,104.721
2022-12-20,103.965
2022-12-21,104.162
2022-12-22,104.433
2022-12-23,104.314
2022-12-25,104.325
2022-12-27,104.179
2022-12-28,104.463
2022-12-29,103.836
2022-12-30,103.522
2023-01-01,103.494
2023-01-03,104.518
2023-01-04,104.248
2023-01-05,105.042
2023-01-06,103.879
2023-01-08,103.742
2023-01-09,103.001
2023-01-10,103.236
2023-01-11,103.188
2023-01-12,102.246
2023-01-13,102.204
2023-01-15,102.265
2023-01-16,102.204
2023-01-17,102.39
2023-01-18,102.363
2023-01-19,102.058
2023-01-20,102.012
2023-01-22,101.914
2023-01-23,102.138
2023-01-24,101.918
2023-01-25,101.641
2023-01-26,101.839
2023-01-27,101.927
2023-01-29,101.896
2023-01-30,102.276
2023-01-31,102.097
2023-02-01,101.217
2023-02-02,101.75
2023-02-03,102.915
2023-02-05,103.119
2023-02-06,103.621
2023-02-07,103.427
2023-02-08,103.409
2023-02-09,103.221
2023-02-10,103.63
2023-02-12,103.608
2023-02-13,103.345
2023-02-14,103.233
2023-02-15,103.923
2023-02-16,103.856
2023-02-17,103.862
2023-02-19,103.978
2023-02-20,103.858
2023-02-21,104.176
2023-02-22,104.585
2023-02-23,104.598
2023-02-24,105.214
2023-02-26,105.181
2023-02-27,104.673
2023-02-28,104.869
2023-03-01,104.483
2023-03-02,105.027
2023-03-03,104.521
2023-03-05,104.627
2023-03-06,104.35
2023-03-07,105.615
2023-03-08,105.658
2023-03-09,105.309
2023-03-10,104.576
2023-03-12,104.307
2023-03-13,103.595
2023-03-14,103.597
2023-03-15,104.646
2023-03-16,104.418
2023-03-17,103.708
2023-03-19,103.77
2023-03-20,103.281
2023-03-21,103.256
2023-03-22,102.346
2023-03-23,102.532
2023-03-24,103.116
2023-03-26,103.009
2023-03-27,102.857
2023-03-28,102.43
2023-03-29,102.64
2023-03-30,102.144
2023-03-31,102.506
2023-04-02,102.917
2023-04-03,102.093
2023-04-04,101.586
2023-04-05,101.852
2023-04-06,101.822
2023-04-07,102.092
2023-04-09,102.026
2023-04-10,102.578
2023-04-11,102.204
2023-04-12,101.5
2023-04-13,101.011
2023-04-14,101.552
2023-04-16,101.671
2023-04-17,102.103
2023-04-18,101.745
2023-04-19,101.968
2023-04-20,101.84
2023-04-21,101.822
2023-04-23,101.688
2023-04-24,101.348
2023-04-25,101.863
2023-04-26,101.467
2023-04-27,101.503
2023-04-28,101.659
2023-04-30,101.728
2023-05-01,102.151
2023-05-02,101.958
2023-05-03,101.343
2023-05-04,101.399
2023-05-05,101.214
2023-05-07,101.323
2023-05-08,101.377
2023-05-09,101.605
2023-05-10,101.477
2023-05-11,102.058
2023-05-12,102.681
2023-05-14,102.693
2023-05-15,102.434
2023-05-16,102.564
2023-05-17,102.882
2023-05-18,103.584
2023-05-19,103.198
2023-05-21,103.056
2023-05-22,103.198
2023-05-23,103.488
2023-05-24,103.887
2023-05-25,104.251
2023-05-26,104.206
2023-05-28,104.273
2023-05-29,104.206
2023-05-30,104.165
2023-05-31,104.326
2023-06-01,103.56
2023-06-02,104.015
2023-06-05,104.002
2023-06-06,104.125
2023-06-07,104.099
2023-06-08,103.343
2023-06-09,103.557
2023-06-12,103.654
2023-06-13,103.338
2023-06-14,102.948
2023-06-15,102.115
2023-06-16,102.243
2023-06-19,102.522
2023-06-20,102.54
2023-06-21,102.071
2023-06-22,102.386
2023-06-23,102.903
2023-06-26,102.692
2023-06-27,102.492
2023-06-28,102.905
2023-06-29,103.342
2023-06-30,102.912
2023-07-03,102.988
2023-07-04,103.039
2023-07-05,103.373
2023-07-06,103.166
2023-07-07,102.272
2023-07-10,101.972
2023-07-11,101.732
2023-07-12,100.521
2023-07-13,99.77
2023-07-14,99.914
2023-07-17,99.842
2023-07-18,99.941
2023-07-19,100.281
2023-07-20,100.88
2023-07-21,101.071
2023-07-24,101.346
2023-07-25,101.349
2023-07-26,100.887
2023-07-27,101.773
2023-07-28,101.622
2023-07-31,101.855
2023-08-01,102.303
2023-08-02,102.59
2023-08-03,102.542
2023-08-04,102.017
2023-08-07,102.047
2023-08-08,102.528
2023-08-09,102.49
2023-08-10,102.524
2023-08-11,102.842
2023-08-14,103.19
2023-08-15,103.209
2023-08-16,103.431
2023-08-17,103.572
2023-08-18,103.375
2023-08-21,103.3
2023-08-22,103.563
2023-08-23,103.419
2023-08-24,103.982
2023-08-25,104.077
2023-08-28,104.058
2023-08-29,103.531
2023-08-30,103.157
2023-08-31,103.619
2023-09-01,104.236
2023-09-04,104.236
2023-09-05,104.807
2023-09-06,104.861
2023-09-07,105.059
2023-09-08,105.09
2023-09-11,104.569
2023-09-12,104.711
2023-09-13,104.766
2023-09-14,105.405
2023-09-15,105.322
2023-09-18,105.202
2023-09-19,105.133
2023-09-20,105.328
2023-09-21,105.363
2023-09-22,105.583
2023-09-25,105.998
2023-09-26,106.231
2023-09-27,106.666
2023-09-28,106.224
2023-09-29,106.174
2023-10-02,106.904
2023-10-03,107
2023-10-04,106.799
2023-10-05,106.332
2023-10-06,106.044
2023-10-09,106.083
2023-10-10,105.825
2023-10-11,105.82
2023-10-12,106.599
2023-10-13,106.648
2023-10-16,106.243
2023-10-17,106.25
2023-10-18,106.565
2023-10-19,106.253
2023-10-20,106.163
2023-10-23,105.536
2023-10-24,106.27
2023-10-25,106.528
2023-10-26,106.602
2023-10-27,106.559
2023-10-30,106.12
2023-10-31,106.663
2023-11-01,106.884
2023-11-02,106.124
2023-11-03,105.021
2023-11-06,105.215
2023-11-07,105.542
2023-11-08,105.593
2023-11-09,105.91
2023-11-10,105.861
2023-11-13,105.631
2023-11-14,104.053
2023-11-15,104.394
2023-11-16,104.349
2023-11-17,103.917
2023-11-20,103.438
2023-11-21,103.565
2023-11-22,103.92
2023-11-23,103.92
2023-11-24,103.403
2023-11-27,103.199
2023-11-28,102.746
2023-11-29,102.765
2023-11-30,103.497
2023-12-01,103.268
2023-12-04,103.712
2023-12-05,104.05
2023-12-06,104.153
2023-12-07,103.541
2023-12-08,104.01
2023-12-11,104.095
2023-12-12,103.865
2023-12-13,102.869
2023-12-14,101.956
2023-12-15,102.55
2023-12-18,102.561
2023-12-19,102.167
2023-12-20,102.408
2023-12-21,101.843
2023-12-22,101.698
2023-12-24,101.709
2023-12-26,101.466
2023-12-27,100.986
2023-12-28,101.229
2023-12-29,101.333
2023-12-31,101.379
2024-01-02,102.2
2024-01-03,102.494
2024-01-04,102.422
2024-01-05,102.412
2024-01-08,102.209
2024-01-09,102.57
2024-01-10,102.362
2024-01-11,102.291
2024-01-12,102.404
2024-01-15,102.404
2024-01-16,103.357
2024-01-17,103.45
2024-01-18,103.536
2024-01-19,103.288
2024-01-21,103.266
2024-01-22,103.331
2024-01-23,103.617
2024-01-24,103.236
2024-01-25,103.574
2024-01-26,103.433
2024-01-28,103.548
2024-01-29,103.609
2024-01-30,103.397
2024-01-31,103.274
2024-02-01,103.048
2024-02-02,103.922
2024-02-04,104.04
2024-02-05,104.452
2024-02-06,104.213
2024-02-07,104.057
2024-02-08,104.165
2024-02-09,104.111
2024-02-11,103.992
2024-02-12,104.17
2024-02-13,104.96
2024-02-14,104.723
2024-02-15,104.296
2024-02-16,104.296
2024-02-18,104.217
2024-02-19,104.291
2024-02-20,104.079
2024-02-21,104.006
2024-02-22,103.957
2024-02-23,103.936
2024-02-25,103.977
2024-02-26,103.827
2024-02-27,103.829
2024-02-28,103.975
2024-02-29,104.156
2024-03-01,103.861
2024-03-03,103.869
2024-03-04,103.832
2024-03-05,103.798
2024-03-06,103.369
2024-03-07,102.823
2024-03-08,102.712
2024-03-10,102.685
2024-03-11,102.869
2024-03-12,102.957
2024-03-13,102.789
2024-03-14,103.36
2024-03-15,103.432
2024-03-17,103.464
2024-03-18,103.432
2024-03-19,102.429
2024-03-20,101.991
2024-03-21,102.616
2024-03-22,103.122
2024-03-24,104.414
2024-03-25,102.869
2024-03-26,102.921
2024-03-27,102.994
2024-03-28,103.189
2024-03-29,104.487
2024-03-31,104.495
2024-04-01,103.679
2024-04-02,103.482
2024-04-03,102.927
2024-04-04,102.816
2024-04-05,103.001
2024-04-07,104.365
2024-04-08,102.842
2024-04-09,102.852
2024-04-10,103.951
2024-04-11,103.984
2024-04-12,104.742
2024-04-14,105.964
2024-04-15,104.923
2024-04-16,104.99
2024-04-17,104.704
2024-04-18,104.902
2024-04-19,104.909
2024-04-21,106.106
2024-04-22,104.828
2024-04-23,104.42
2024-04-24,104.615
2024-04-25,104.366
2024-04-26,104.72
2024-04-28,105.973
2024-04-29,104.368
2024-04-30,105.02
2024-05-01,104.538
2024-05-02,104.108
2024-05-03,103.848
2024-05-05,105.173
2024-05-06,103.854
2024-05-07,104.22
2024-05-08,104.341
2024-05-09,104.029
2024-05-10,104.09
2024-05-12,105.33
2024-05-13,104.008
2024-05-14,103.802
2024-05-15,103.122
2024-05-16,103.255
2024-05-17,103.235
2024-05-19,104.476
2024-05-20,103.365
2024-05-21,103.451
2024-05-22,103.731
2024-05-23,103.931
2024-05-24,103.543
2024-05-26,104.742
2024-05-27,103.543
2024-05-28,103.449
2024-05-29,103.934
2024-05-30,103.563
2024-05-31,103.547
2024-06-02,104.583
2024-06-03,103.013
2024-06-04,103
2024-06-05,103.169
2024-06-06,103.007
2024-06-07,103.8
2024-06-09,105.056
2024-06-10,104.047
2024-06-11,104.117
2024-06-12,103.512
2024-06-13,104.102
2024-06-14,104.467
2024-06-16,105.55
2024-06-17,104.244
2024-06-18,104.176
2024-06-19,104.176
2024-06-20,104.527
2024-06-21,104.713
2024-06-23,105.879
2024-06-24,104.391
2024-06-25,104.529
2024-06-26,104.984
2024-06-27,104.841
2024-06-28,104.815
2024-06-30,105.733
2024-07-01,104.847
2024-07-02,104.667
2024-07-03,104.372
2024-07-04,104.372
2024-07-05,103.818
2024-07-07,104.949
2024-07-08,103.938
2024-07-09,104.077
2024-07-10,103.989
2024-07-11,103.396
2024-07-12,103.048
2024-07-14,104.284
2024-07-15,103.162
2024-07-16,103.244
2024-07-17,102.723
2024-07-18,103.165
2024-07-19,103.392
2024-07-21,104.229
2024-07-22,103.317
2024-07-23,103.45
2024-07-24,103.397
2024-07-25,103.383
2024-07-26,103.334
2024-07-28,104.374
2024-07-29,103.574
2024-07-30,103.584
2024-07-31,103.124
2024-08-01,103.47
2024-08-02,102.318
2024-08-04,103.159
2024-08-05,101.818
2024-08-06,102.103
2024-08-07,102.333
2024-08-08,102.347
2024-08-09,102.282
2024-08-11,103.226
2024-08-12,102.271
2024-08-13,101.69
2024-08-14,101.7
2024-08-15,102.123
2024-08-16,101.622
2024-08-18,102.46
2024-08-19,101.021
2024-08-20,100.599
2024-08-21,100.21
2024-08-22,100.699
2024-08-23,99.911
2024-08-25,100.663
2024-08-26,100.046
2024-08-27,99.765
2024-08-28,100.3
2024-08-29,100.57
2024-08-30,100.924
2024-09-01,101.761
2024-09-02,100.924
2024-09-03,101.066
2024-09-04,100.596
2024-09-05,100.369
2024-09-06,100.428
2024-09-08,101.204
2024-09-09,100.81
2024-09-10,100.89
2024-09-11,100.987
2024-09-12,100.76
2024-09-13,100.545
2024-09-15,101.023
2024-09-16,100.215
2024-09-17,100.347
2024-09-18,100.057
2024-09-19,100.091
2024-09-20,100.193
2024-09-22,100.777
2024-09-23,100.33
2024-09-24,99.929
2024-09-25,100.394
2024-09-26,100.016
2024-09-27,99.879
2024-09-29,100.44
2024-09-30,100.283
2024-10-01,100.671
2024-10-02,101.145
2024-10-03,101.475
2024-10-04,101.975
2024-10-06,102.531
2024-10-07,101.981
2024-10-08,101.983
2024-10-09,102.375
2024-10-10,102.438
2024-10-11,102.342
2024-10-13,103.035
2024-10-14,102.742
2024-10-15,102.705
2024-10-16,103.055
2024-10-17,103.297
2024-10-18,102.957
2024-10-20,103.468
2024-10-21,103.484
2024-10-22,103.549
2024-10-23,103.917
2024-10-24,103.559
2024-10-25,103.762
2024-10-27,104.385
2024-10-28,103.808
2024-10-29,103.816
2024-10-30,103.487
2024-10-31,103.503
2024-11-01,103.833
2024-11-03,103.949
2024-11-04,103.435
2024-11-05,102.979
2024-11-06,104.64
2024-11-07,104.025
2024-11-08,104.545
2024-11-10,105.016
2024-11-11,105.107
2024-11-12,105.595
2024-11-13,106.034
2024-11-14,106.253
2024-11-15,106.255
2024-11-17,106.731
2024-11-18,105.846
2024-11-19,105.783
2024-11-20,106.256
2024-11-21,106.565
2024-11-22,107.127
2024-11-24,106.984
2024-11-25,106.405
2024-11-26,106.608
2024-11-27,105.703
2024-11-28,105.703
2024-11-29,105.473
2024-12-01,106.023
2024-12-02,106.078
2024-12-03,106.035
2024-12-04,105.987
2024-12-05,105.411
2024-12-06,105.734
2024-12-08,105.958
2024-12-09,105.821
2024-12-10,106.08
2024-12-11,106.392
2024-12-12,106.645
2024-12-13,106.684
2024-12-16,106.556
2024-12-17,106.663
2024-12-18,107.749
2024-12-19,108.152
2024-12-20,107.351
2024-12-23,107.807
2024-12-24,108.023
2024-12-26,107.548
2024-12-27,107.447
2024-12-30,107.573
2024-12-31,107.936
2025-01-02,108.849
2025-01-03,108.443
2025-01-06,107.751
2025-01-07,108.028
2025-01-08,108.576
2025-01-09,108.654
2025-01-10,109.137
2025-01-13,109.462
2025-01-14,108.76
2025-01-15,108.566
2025-01-16,108.477
2025-01-17,108.843
2025-01-20,108.843
2025-01-21,107.501
2025-01-22,107.602
2025-01-23,107.503
2025-01-24,106.885
2025-01-27,106.79
2025-01-28,107.313
2025-01-29,107.449
2025-01-30,107.271
2025-01-31,107.857
2025-02-03,108.497
2025-02-04,107.443
2025-02-05,107.062
2025-02-06,107.167
2025-02-07,107.548
2025-02-10,107.813
2025-02-11,107.453
2025-02-12,107.443
2025-02-13,106.836
2025-02-14,106.185
2025-02-17,106.185
2025-02-18,106.56
2025-02-19,106.673
2025-02-20,105.879
2025-02-21,106.124
2025-02-24,106.114
2025-02-25,105.853
2025-02-26,105.949
2025-02-27,106.786
2025-02-28,107.163
2025-03-03,106.285
2025-03-04,105.307
2025-03-05,103.882
2025-03-06,103.683
2025-03-07,103.5
2025-03-10,103.62
2025-03-11,102.931
2025-03-12,103.257
2025-03-13,103.499
2025-03-14,103.365
2025-03-17,103.005
2025-03-18,102.892
2025-03-19,103.093
2025-03-20,103.497
2025-03-21,103.744
2025-03-24,103.936
2025-03-25,103.831
2025-03-26,104.207
2025-03-27,103.992
2025-03-28,103.709
2025-03-31,103.883
2025-04-01,103.949
2025-04-02,103.491
2025-04-03,101.795
2025-04-04,102.768
2025-04-07,102.972
2025-04-08,102.701
2025-04-09,102.623
2025-04-10,100.61
2025-04-11,99.892
2025-04-14,99.397
2025-04-15,99.962
2025-04-16,99.143
2025-04-17,99.129
2025-04-21,98.044
2025-04-22,98.69
2025-04-23,99.636
2025-04-24,99.168
2025-04-25,99.254
2025-04-28,98.789
2025-04-29,99.018
2025-04-30,99.27
2025-05-01,100.054
2025-05-02,99.84
2025-05-05,99.64
2025-05-06,99.047
2025-05-07,99.435
2025-05-08,100.49
2025-05-09,100.168
2025-05-12,101.179
2025-05-13,100.406
2025-05-14,100.478
2025-05-15,100.324
2025-05-16,100.536
2025-05-19,99.868
2025-05-20,99.542
2025-05-21,99.025
2025-05-22,99.439
2025-05-23,98.59
2025-05-26,98.59
2025-05-27,99
2025-05-28,99.36
2025-05-29,98.799
2025-05-30,98.834
2025-06-02,98.24
2025-06-03,98.749
2025-06-04,98.305
2025-06-05,98.294
2025-06-06,98.742
2025-06-09,98.442
2025-06-10,98.615
2025-06-11,98.146
2025-06-12,97.449
2025-06-13,97.745
2025-06-16,97.552
2025-06-17,98.394
2025-06-18,98.468
2025-06-19,98.468
2025-06-20,98.282
2025-06-23,98.01
2025-06-24,97.45
2025-06-25,97.273
2025-06-26,96.762
2025-06-27,97.031
2025-06-30,96.493
2025-07-01,96.467
2025-07-02,96.429
2025-07-03,96.822
2025-07-04,96.822
2025-07-07,97.141
2025-07-08,97.172
2025-07-09,96.809
2025-07-10,96.932
2025-07-11,97.139
2025-07-14,97.373
2025-07-15,97.895
2025-07-16,97.675
2025-07-17,98.036
2025-07-18,97.798
2025-07-21,97.175
2025-07-22,96.727
2025-07-23,96.553
2025-07-24,96.734
2025-07-25,97.009
2025-07-28,97.99
2025-07-29,98.247
2025-07-30,99.161
2025-07-31,99.318
2025-08-01,98.525
2025-08-04,98.191
2025-08-05,98.206
2025-08-06,97.628
2025-08-07,97.869
2025-08-08,97.649
2025-08-11,97.981
2025-08-12,97.562
2025-08-13,97.282
2025-08-14,97.728
2025-08-15,97.332
2025-08-18,97.642
2025-08-19,97.724
2025-08-20,97.69
2025-08-21,98.106
2025-08-22,97.219
2025-08-25,97.923
2025-08-26,97.722
2025-08-27,97.732
2025-08-28,97.343
2025-08-29,97.295
2025-09-01,97.295
2025-09-02,97.947
2025-09-03,97.703
2025-09-04,97.909
2025-09-05,97.348
2025-09-08,97.037
2025-09-09,97.367
2025-09-10,97.357
2025-09-11,97.133
2025-09-12,97.146
2025-09-15,96.9
2025-09-16,96.248
2025-09-17,96.52
2025-09-18,96.971
2025-09-19,97.27
2025-09-22,96.685
2025-09-23,96.603
2025-09-24,97.223
2025-09-25,97.9
2025-09-26,97.509
2025-09-29,97.274
2025-09-30,97.146
2025-10-01,97.086
2025-10-02,97.245
2025-10-03,97.12
2025-10-06,97.512
2025-10-07,97.984
2025-10-08,98.34
2025-10-09,98.99
2025-10-10,98.437
2025-10-13,98.735
2025-10-14,98.515
2025-10-15,98.251
2025-10-16,97.793
2025-10-17,97.902
2025-10-20,98.065
2025-10-21,98.421
2025-10-22,98.383
2025-10-23,98.434
2025-10-24,98.452
2025-10-27,98.268
2025-10-28,98.143
2025-10-29,98.692
2025-10-30,98.998
2025-10-31,99.275
2025-11-03,99.352
2025-11-04,99.715
2025-11-05,99.704
2025-11-06,99.23
2025-11-07,99.131
2025-11-10,99.122
2025-11-11,98.976
2025-11-12,99.039
2025-11-13,98.7
2025-11-14,98.839
2025-11-17,99.128
2025-11-18,99.094
2025-11-19,99.786
2025-11-20,99.735
2025-11-21,99.763
2025-11-24,99.717
2025-11-25,99.244
2025-11-26,99.177
2025-11-27,99.177
2025-11-28,99.083
2025-12-01,99.027
2025-12-02,98.981
2025-12-03,98.476
2025-12-04,98.621
2025-12-05,98.648
2025-12-08,98.745
2025-12-09,98.848
2025-12-10,98.426
2025-12-11,97.991
2025-12-12,98.024
2025-12-15,97.957
2025-12-16,97.794
2025-12-17,98.002
2025-12-18,98.088
2025-12-19,98.252
2025-12-22,97.954
2025-12-23,97.613
2025-12-24,97.681
2025-12-26,97.698
2025-12-29,97.732
2025-12-30,97.955
2025-12-31,98.047
