Date,Gold
2001/9/10,286.25
2001/9/11,278.25
2001/9/12,281.25
2001/9/13,285.55
2001/9/14,285.55
2001/9/15,285.55
2001/9/16,289.45
2001/9/17,287.75
2001/9/18,290.5
2001/9/19,288.65
2001/9/20,291.45
2001/9/21,291.45
2001/9/22,291.45
2001/9/23,289.25
2001/9/24,289.75
2001/9/25,293.25
2001/9/26,291.95
2001/9/27,293.25
2001/9/28,293.25
2001/9/29,293.25
2001/9/30,291.7
2001/10/1,289.45
2001/10/2,289.45
2001/10/3,289.85
2001/10/4,291
2001/10/5,291
2001/10/6,291
2001/10/7,291.9
2001/10/8,288
2001/10/9,284.85
2001/10/10,281.25
2001/10/11,284.45
2001/10/12,284.45
2001/10/13,284.45
2001/10/14,281.45
2001/10/15,281.35
2001/10/16,282.45
2001/10/17,279.45
2001/10/18,279.65
2001/10/19,279.65
2001/10/20,279.65
2001/10/21,275.55
2001/10/22,275.95
2001/10/23,275.45
2001/10/24,277.25
2001/10/25,277.35
2001/10/26,277.35
2001/10/27,277.35
2001/10/28,279.27
2001/10/29,280.5
2001/10/30,279.65
2001/10/31,279.65
2001/11/1,279.95
2001/11/2,279.95
2001/11/3,279.95
2001/11/4,278.95
2001/11/5,280.25
2001/11/6,280.75
2001/11/7,276.75
2001/11/8,277.45
2001/11/9,277.45
2001/11/10,277.45
2001/11/11,278.25
2001/11/12,277.55
2001/11/13,278.3
2001/11/14,275.35
2001/11/15,274.85
2001/11/16,274.85
2001/11/17,274.85
2001/11/18,272.95
2001/11/19,273.48
2001/11/20,273.15
2001/11/21,272.85
2001/11/22,272.9
2001/11/23,272.9
2001/11/24,272.9
2001/11/25,273.15
2001/11/26,273.45
2001/11/27,274.35
2001/11/28,274.05
2001/11/29,274.4
2001/11/30,274.4
2001/12/1,274.4
2001/12/2,277.25
2001/12/3,275.7
2001/12/4,274.45
2001/12/5,274.55
2001/12/6,274.55
2001/12/7,274.55
2001/12/8,274.55
2001/12/9,273.15
2001/12/10,272.8
2001/12/11,274.55
2001/12/12,274.45
2001/12/13,278.45
2001/12/14,278.45
2001/12/15,278.45
2001/12/16,278.15
2001/12/17,280.45
2001/12/18,276.15
2001/12/19,276.25
2001/12/20,278.15
2001/12/21,278.15
2001/12/22,278.15
2001/12/23,278.05
2001/12/24,278.75
2001/12/25,279.38
2001/12/26,277.05
2001/12/27,276.55
2001/12/28,276.55
2001/12/29,276.55
2001/12/30,278.95
2001/12/31,278.95
2002/1/1,278.75
2002/1/2,278.45
2002/1/3,278.95
2002/1/4,278.95
2002/1/5,278.95
2002/1/6,278.75
2002/1/7,279.05
2002/1/8,283.95
2002/1/9,286.35
2002/1/10,287.55
2002/1/11,287.55
2002/1/12,287.55
2002/1/13,284.95
2002/1/14,284.65
2002/1/15,287.15
2002/1/16,284.05
2002/1/17,283.55
2002/1/18,283.55
2002/1/19,283.55
2002/1/20,282.55
2002/1/21,282
2002/1/22,279.25
2002/1/23,278.98
2002/1/24,279.45
2002/1/25,279.45
2002/1/26,279.45
2002/1/27,278.65
2002/1/28,281.85
2002/1/29,281.9
2002/1/30,282.55
2002/1/31,286.25
2002/2/1,286.25
2002/2/2,286.25
2002/2/3,289.9
2002/2/4,297.55
2002/2/5,297
2002/2/6,301.15
2002/2/7,303.75
2002/2/8,303.75
2002/2/9,303.75
2002/2/10,299.75
2002/2/11,300.25
2002/2/12,299.25
2002/2/13,300
2002/2/14,297.85
2002/2/15,297.85
2002/2/16,297.85
2002/2/17,297.75
2002/2/18,293.1
2002/2/19,291.45
2002/2/20,292.75
2002/2/21,292.75
2002/2/22,292.75
2002/2/23,292.75
2002/2/24,292.55
2002/2/25,297.75
2002/2/26,296.8
2002/2/27,296.55
2002/2/28,298.15
2002/3/1,298.15
2002/3/2,298.15
2002/3/3,296.85
2002/3/4,293.95
2002/3/5,293.5
2002/3/6,289.55
2002/3/7,289.75
2002/3/8,289.75
2002/3/9,289.75
2002/3/10,290.7
2002/3/11,293.85
2002/3/12,293.35
2002/3/13,291.25
2002/3/14,290.05
2002/3/15,290.05
2002/3/16,290.05
2002/3/17,292.57
2002/3/18,293.2
2002/3/19,292.45
2002/3/20,293.15
2002/3/21,297.75
2002/3/22,297.75
2002/3/23,297.75
2002/3/24,298.25
2002/3/25,296.75
2002/3/26,302.38
2002/3/27,302.65
2002/3/28,302.65
2002/3/29,302.65
2002/3/30,302.65
2002/3/31,303.35
2002/4/1,305.85
2002/4/2,302.55
2002/4/3,301
2002/4/4,300.05
2002/4/5,300.05
2002/4/6,300.05
2002/4/7,300.5
2002/4/8,298.55
2002/4/9,301.25
2002/4/10,302.6
2002/4/11,302.15
2002/4/12,302.15
2002/4/13,302.15
2002/4/14,299.85
2002/4/15,299
2002/4/16,302.05
2002/4/17,303.65
2002/4/18,302.35
2002/4/19,302.35
2002/4/20,302.35
2002/4/21,302.9
2002/4/22,303.65
2002/4/23,304.05
2002/4/24,307.65
2002/4/25,311.35
2002/4/26,311.35
2002/4/27,311.35
2002/4/28,311.1
2002/4/29,308.45
2002/4/30,308.75
2002/5/1,307.85
2002/5/2,311.95
2002/5/3,311.95
2002/5/4,311.95
2002/5/5,312.3
2002/5/6,311.45
2002/5/7,308.15
2002/5/8,309.55
2002/5/9,311.05
2002/5/10,311.05
2002/5/11,311.05
2002/5/12,310.85
2002/5/13,307.65
2002/5/14,309.05
2002/5/15,309.85
2002/5/16,311.05
2002/5/17,311.05
2002/5/18,311.05
2002/5/19,315.95
2002/5/20,316.15
2002/5/21,317.95
2002/5/22,322.05
2002/5/23,320.55
2002/5/24,320.55
2002/5/25,320.55
2002/5/26,320.25
2002/5/27,324.25
2002/5/28,325.05
2002/5/29,325.05
2002/5/30,326.55
2002/5/31,326.55
2002/6/1,326.55
2002/6/2,327.65
2002/6/3,327.85
2002/6/4,321.45
2002/6/5,325.65
2002/6/6,323.95
2002/6/7,323.95
2002/6/8,323.95
2002/6/9,319.05
2002/6/10,321.05
2002/6/11,319.25
2002/6/12,318.15
2002/6/13,319.35
2002/6/14,319.35
2002/6/15,319.35
2002/6/16,316.85
2002/6/17,320.05
2002/6/18,320.85
2002/6/19,323.95
2002/6/20,324.65
2002/6/21,324.65
2002/6/22,324.65
2002/6/23,322.45
2002/6/24,321.35
2002/6/25,319.25
2002/6/26,318.25
2002/6/27,314.45
2002/6/28,314.45
2002/6/29,314.45
2002/6/30,315.15
2002/7/1,312.95
2002/7/2,311.15
2002/7/3,310.75
2002/7/4,311.55
2002/7/5,311.55
2002/7/6,311.55
2002/7/7,312.85
2002/7/8,316.85
2002/7/9,316.35
2002/7/10,316.5
2002/7/11,316.05
2002/7/12,316.05
2002/7/13,316.05
2002/7/14,318.15
2002/7/15,318.25
2002/7/16,317.65
2002/7/17,317.95
2002/7/18,323.95
2002/7/19,323.95
2002/7/20,323.95
2002/7/21,323.15
2002/7/22,313.25
2002/7/23,311.25
2002/7/24,310.05
2002/7/25,303.75
2002/7/26,303.75
2002/7/27,303.75
2002/7/28,302.55
2002/7/29,304.75
2002/7/30,303.55
2002/7/31,304.65
2002/8/1,307.35
2002/8/2,307.35
2002/8/3,307.35
2002/8/4,308.15
2002/8/5,306.35
2002/8/6,314.05
2002/8/7,310.65
2002/8/8,314.55
2002/8/9,314.55
2002/8/10,314.55
2002/8/11,314.25
2002/8/12,315.65
2002/8/13,311.65
2002/8/14,314.65
2002/8/15,313.95
2002/8/16,313.95
2002/8/17,313.95
2002/8/18,306.75
2002/8/19,309.45
2002/8/20,308.05
2002/8/21,307.05
2002/8/22,307.05
2002/8/23,307.05
2002/8/24,307.05
2002/8/25,309.45
2002/8/26,312.75
2002/8/27,310.05
2002/8/28,313.45
2002/8/29,312.75
2002/8/30,312.75
2002/8/31,312.75
2002/9/1,312.25
2002/9/2,314.15
2002/9/3,314.65
2002/9/4,319.25
2002/9/5,320.25
2002/9/6,320.25
2002/9/7,320.25
2002/9/8,321.25
2002/9/9,317.75
2002/9/10,317.65
2002/9/11,319.05
2002/9/12,316.85
2002/9/13,316.85
2002/9/14,316.85
2002/9/15,317.45
2002/9/16,318.35
2002/9/17,320.35
2002/9/18,323.35
2002/9/19,322.15
2002/9/20,322.15
2002/9/21,322.15
2002/9/22,323.25
2002/9/23,326.15
2002/9/24,322.25
2002/9/25,320.05
2002/9/26,319.95
2002/9/27,319.95
2002/9/28,319.95
2002/9/29,323.55
2002/9/30,320.35
2002/10/1,323.05
2002/10/2,321.65
2002/10/3,322.25
2002/10/4,322.25
2002/10/5,322.25
2002/10/6,322.45
2002/10/7,318.25
2002/10/8,320.05
2002/10/9,316.85
2002/10/10,316.75
2002/10/11,316.75
2002/10/12,316.75
2002/10/13,317.95
2002/10/14,313.55
2002/10/15,314.55
2002/10/16,311.45
2002/10/17,312.85
2002/10/18,312.85
2002/10/19,312.85
2002/10/20,311.15
2002/10/21,313.05
2002/10/22,311.95
2002/10/23,311.65
2002/10/24,313.85
2002/10/25,313.85
2002/10/26,313.85
2002/10/27,315.65
2002/10/28,316.85
2002/10/29,316.05
2002/10/30,317.75
2002/10/31,319.75
2002/11/1,319.75
2002/11/2,319.75
2002/11/3,318.55
2002/11/4,317.75
2002/11/5,318.15
2002/11/6,321.05
2002/11/7,321.55
2002/11/8,321.55
2002/11/9,321.55
2002/11/10,321.75
2002/11/11,324.45
2002/11/12,319.15
2002/11/13,318.25
2002/11/14,320.55
2002/11/15,320.55
2002/11/16,320.55
2002/11/17,319.25
2002/11/18,318.95
2002/11/19,317.85
2002/11/20,317.65
2002/11/21,321.05
2002/11/22,321.05
2002/11/23,321.05
2002/11/24,318.15
2002/11/25,318.35
2002/11/26,316.75
2002/11/27,317.85
2002/11/28,318.15
2002/11/29,318.15
2002/11/30,318.15
2002/12/1,317.85
2002/12/2,320.75
2002/12/3,322.15
2002/12/4,324.65
2002/12/5,326.25
2002/12/6,326.25
2002/12/7,326.25
2002/12/8,326
2002/12/9,323.75
2002/12/10,324.85
2002/12/11,331.25
2002/12/12,333.15
2002/12/13,333.15
2002/12/14,333.15
2002/12/15,336.65
2002/12/16,336.75
2002/12/17,343.25
2002/12/18,345.55
2002/12/19,340.75
2002/12/20,340.75
2002/12/21,340.75
2002/12/22,345.65
2002/12/23,346.55
2002/12/24,343.85
2002/12/25,349.65
2002/12/26,349.25
2002/12/27,349.25
2002/12/28,349.25
2002/12/29,343.65
2002/12/30,348.05
2002/12/31,348.05
2003/1/1,346.05
2003/1/2,351.25
2003/1/3,351.25
2003/1/4,351.25
2003/1/5,351.25
2003/1/6,347.25
2003/1/7,353.63
2003/1/8,352.75
2003/1/9,354.75
2003/1/10,354.75
2003/1/11,354.75
2003/1/12,354.55
2003/1/13,351.35
2003/1/14,350.75
2003/1/15,357.45
2003/1/16,356.55
2003/1/17,356.55
2003/1/18,356.55
2003/1/19,355.75
2003/1/20,357.75
2003/1/21,361.85
2003/1/22,363.05
2003/1/23,368.25
2003/1/24,368.25
2003/1/25,368.25
2003/1/26,369.65
2003/1/27,369.25
2003/1/28,365.95
2003/1/29,370.35
2003/1/30,368.15
2003/1/31,368.15
2003/2/1,368.15
2003/2/2,371.05
2003/2/3,381.25
2003/2/4,371.75
2003/2/5,370.05
2003/2/6,369.75
2003/2/7,369.75
2003/2/8,369.75
2003/2/9,362.15
2003/2/10,363.88
2003/2/11,352.75
2003/2/12,356.55
2003/2/13,351.55
2003/2/14,351.55
2003/2/15,351.55
2003/2/16,345.55
2003/2/17,343.55
2003/2/18,349.45
2003/2/19,352.25
2003/2/20,351.35
2003/2/21,351.35
2003/2/22,351.35
2003/2/23,357.75
2003/2/24,351.85
2003/2/25,354.35
2003/2/26,345.45
2003/2/27,349.95
2003/2/28,349.95
2003/3/1,349.95
2003/3/2,349.05
2003/3/3,354.25
2003/3/4,353.55
2003/3/5,356.25
2003/3/6,350.75
2003/3/7,350.75
2003/3/8,350.75
2003/3/9,354.45
2003/3/10,350.65
2003/3/11,345.75
2003/3/12,334.35
2003/3/13,336.35
2003/3/14,336.35
2003/3/15,336.35
2003/3/16,336.55
2003/3/17,337.85
2003/3/18,336.45
2003/3/19,332.25
2003/3/20,326.05
2003/3/21,326.05
2003/3/22,326.05
2003/3/23,329.65
2003/3/24,328.55
2003/3/25,330.25
2003/3/26,329.25
2003/3/27,331.85
2003/3/28,331.85
2003/3/29,331.85
2003/3/30,337.45
2003/3/31,334.95
2003/4/1,329.95
2003/4/2,325.25
2003/4/3,325.55
2003/4/4,325.55
2003/4/5,325.55
2003/4/6,323.05
2003/4/7,322.75
2003/4/8,326.85
2003/4/9,326.55
2003/4/10,328.05
2003/4/11,328.05
2003/4/12,328.05
2003/4/13,324.85
2003/4/14,324.95
2003/4/15,326.45
2003/4/16,327.15
2003/4/17,325.95
2003/4/18,325.95
2003/4/19,325.95
2003/4/20,333.55
2003/4/21,332.95
2003/4/22,331.25
2003/4/23,334.45
2003/4/24,333.25
2003/4/25,333.25
2003/4/26,333.25
2003/4/27,333.85
2003/4/28,334.25
2003/4/29,338.55
2003/4/30,341.75
2003/5/1,340.95
2003/5/2,340.95
2003/5/3,340.95
2003/5/4,342.25
2003/5/5,344.25
2003/5/6,342.05
2003/5/7,348.65
2003/5/8,348.55
2003/5/9,348.55
2003/5/10,348.55
2003/5/11,351.25
2003/5/12,349.85
2003/5/13,352.45
2003/5/14,351.95
2003/5/15,354.75
2003/5/16,354.75
2003/5/17,354.75
2003/5/18,366.25
2003/5/19,367.95
2003/5/20,371.55
2003/5/21,367.05
2003/5/22,368.75
2003/5/23,368.75
2003/5/24,368.75
2003/5/25,370.35
2003/5/26,366.25
2003/5/27,365.05
2003/5/28,369.25
2003/5/29,364.45
2003/5/30,364.45
2003/5/31,364.45
2003/6/1,365.85
2003/6/2,365.25
2003/6/3,361.27
2003/6/4,368.75
2003/6/5,363.75
2003/6/6,363.75
2003/6/7,363.75
2003/6/8,361.85
2003/6/9,352.15
2003/6/10,355.65
2003/6/11,353.45
2003/6/12,356.65
2003/6/13,356.65
2003/6/14,356.65
2003/6/15,359.15
2003/6/16,363.35
2003/6/17,357.35
2003/6/18,361.35
2003/6/19,357.38
2003/6/20,357.38
2003/6/21,357.38
2003/6/22,353
2003/6/23,346.8
2003/6/24,347.4
2003/6/25,344.15
2003/6/26,345.25
2003/6/27,345.25
2003/6/28,345.25
2003/6/29,346.4
2003/6/30,350.75
2003/7/1,351.5
2003/7/2,351.15
2003/7/3,350.85
2003/7/4,350.85
2003/7/5,350.85
2003/7/6,348.25
2003/7/7,344.45
2003/7/8,344.55
2003/7/9,345.45
2003/7/10,345.2
2003/7/11,345.2
2003/7/12,345.2
2003/7/13,347.3
2003/7/14,342.15
2003/7/15,343.55
2003/7/16,344.75
2003/7/17,347.25
2003/7/18,347.25
2003/7/19,347.25
2003/7/20,351.75
2003/7/21,350.75
2003/7/22,359.65
2003/7/23,361.65
2003/7/24,362.75
2003/7/25,362.75
2003/7/26,362.75
2003/7/27,365.15
2003/7/28,361.85
2003/7/29,356.35
2003/7/30,354.35
2003/7/31,346.15
2003/8/1,346.15
2003/8/2,346.15
2003/8/3,349.45
2003/8/4,352.05
2003/8/5,351.75
2003/8/6,352.85
2003/8/7,356.75
2003/8/8,356.75
2003/8/9,356.75
2003/8/10,361.85
2003/8/11,358.45
2003/8/12,362.7
2003/8/13,365.95
2003/8/14,363.75
2003/8/15,363.75
2003/8/16,363.75
2003/8/17,358.35
2003/8/18,362.05
2003/8/19,366.25
2003/8/20,360.75
2003/8/21,362.95
2003/8/22,362.95
2003/8/23,362.95
2003/8/24,361.25
2003/8/25,364.45
2003/8/26,372.55
2003/8/27,369.65
2003/8/28,375.55
2003/8/29,375.55
2003/8/30,375.55
2003/8/31,375.55
2003/9/1,371.95
2003/9/2,373.85
2003/9/3,373.35
2003/9/4,377.35
2003/9/5,377.35
2003/9/6,377.35
2003/9/7,375.25
2003/9/8,382.65
2003/9/9,380.45
2003/9/10,380.15
2003/9/11,375.25
2003/9/12,375.25
2003/9/13,375.25
2003/9/14,374.05
2003/9/15,373.25
2003/9/16,376.75
2003/9/17,376.35
2003/9/18,381.85
2003/9/19,381.85
2003/9/20,381.85
2003/9/21,387.1
2003/9/22,384.75
2003/9/23,388.85
2003/9/24,385.35
2003/9/25,380.85
2003/9/26,380.85
2003/9/27,380.85
2003/9/28,382.25
2003/9/29,385.35
2003/9/30,384.75
2003/10/1,382.85
2003/10/2,369.55
2003/10/3,369.55
2003/10/4,369.55
2003/10/5,372.95
2003/10/6,376.45
2003/10/7,375.25
2003/10/8,370.05
2003/10/9,373.05
2003/10/10,373.05
2003/10/11,373.05
2003/10/12,374.75
2003/10/13,375.25
2003/10/14,372.95
2003/10/15,371.65
2003/10/16,371.65
2003/10/17,371.65
2003/10/18,371.65
2003/10/19,373.35
2003/10/20,380.75
2003/10/21,385.85
2003/10/22,384.25
2003/10/23,388.55
2003/10/24,388.55
2003/10/25,388.55
2003/10/26,387.95
2003/10/27,382.85
2003/10/28,386.5
2003/10/29,383.55
2003/10/30,384.25
2003/10/31,384.25
2003/11/1,384.25
2003/11/2,376.65
2003/11/3,379.55
2003/11/4,381.35
2003/11/5,379.95
2003/11/6,383.05
2003/11/7,383.05
2003/11/8,383.05
2003/11/9,385.95
2003/11/10,387.95
2003/11/11,394.05
2003/11/12,394.65
2003/11/13,397.55
2003/11/14,397.55
2003/11/15,397.55
2003/11/16,391.05
2003/11/17,398.75
2003/11/18,395.05
2003/11/19,394.45
2003/11/20,396.05
2003/11/21,396.05
2003/11/22,396.05
2003/11/23,391.48
2003/11/24,391.25
2003/11/25,396.65
2003/11/26,395.25
2003/11/27,398.15
2003/11/28,398.15
2003/11/29,398.15
2003/11/30,402.25
2003/12/1,403.25
2003/12/2,404.75
2003/12/3,402.75
2003/12/4,406.35
2003/12/5,406.35
2003/12/6,406.35
2003/12/7,406.75
2003/12/8,408.25
2003/12/9,405.45
2003/12/10,404.95
2003/12/11,408.85
2003/12/12,408.85
2003/12/13,408.85
2003/12/14,409.75
2003/12/15,407.25
2003/12/16,412.55
2003/12/17,410.75
2003/12/18,409.35
2003/12/19,409.35
2003/12/20,409.35
2003/12/21,410.05
2003/12/22,410.75
2003/12/23,412.05
2003/12/24,412.95
2003/12/25,412.25
2003/12/26,412.25
2003/12/27,412.25
2003/12/28,414.58
2003/12/29,416.25
2003/12/30,415.45
2003/12/31,415.85
2004/1/1,415.85
2004/1/2,415.85
2004/1/3,415.85
2004/1/4,423.65
2004/1/5,422.35
2004/1/6,420.55
2004/1/7,423.88
2004/1/8,426.38
2004/1/9,426.38
2004/1/10,426.38
2004/1/11,424.45
2004/1/12,424.15
2004/1/13,419.95
2004/1/14,408.88
2004/1/15,406.75
2004/1/16,406.75
2004/1/17,406.75
2004/1/18,407.25
2004/1/19,412.85
2004/1/20,410.55
2004/1/21,409.35
2004/1/22,408.08
2004/1/23,408.08
2004/1/24,408.08
2004/1/25,404.05
2004/1/26,410.35
2004/1/27,410.35
2004/1/28,399.35
2004/1/29,402.45
2004/1/30,402.45
2004/1/31,402.45
2004/2/1,398.35
2004/2/2,399.65
2004/2/3,400.75
2004/2/4,396.95
2004/2/5,403.35
2004/2/6,403.35
2004/2/7,403.35
2004/2/8,406.75
2004/2/9,406.35
2004/2/10,411.15
2004/2/11,411.85
2004/2/12,410.15
2004/2/13,410.15
2004/2/14,410.15
2004/2/15,411.65
2004/2/16,415.55
2004/2/17,410.95
2004/2/18,409.98
2004/2/19,397.55
2004/2/20,397.55
2004/2/21,397.55
2004/2/22,398.65
2004/2/23,403.85
2004/2/24,396.05
2004/2/25,395.05
2004/2/26,396.15
2004/2/27,396.15
2004/2/28,396.15
2004/2/29,399.55
2004/3/1,393.05
2004/3/2,393.35
2004/3/3,393.05
2004/3/4,401.25
2004/3/5,401.25
2004/3/6,401.25
2004/3/7,401.45
2004/3/8,402.75
2004/3/9,400.15
2004/3/10,402.92
2004/3/11,395.25
2004/3/12,395.25
2004/3/13,395.25
2004/3/14,399.48
2004/3/15,402.25
2004/3/16,407.35
2004/3/17,411.35
2004/3/18,412.35
2004/3/19,412.35
2004/3/20,412.35
2004/3/21,417.25
2004/3/22,419.75
2004/3/23,415.55
2004/3/24,416.25
2004/3/25,422.35
2004/3/26,422.35
2004/3/27,422.35
2004/3/28,417.85
2004/3/29,420.85
2004/3/30,426.45
2004/3/31,425.9
2004/4/1,420.65
2004/4/2,420.65
2004/4/3,420.65
2004/4/4,415.65
2004/4/5,419.45
2004/4/6,423.05
2004/4/7,420.05
2004/4/8,420.05
2004/4/9,420.05
2004/4/10,420.05
2004/4/11,418.65
2004/4/12,406.65
2004/4/13,400.55
2004/4/14,399.35
2004/4/15,400.55
2004/4/16,400.55
2004/4/17,400.55
2004/4/18,401.05
2004/4/19,394.85
2004/4/20,390.05
2004/4/21,392.95
2004/4/22,395.05
2004/4/23,395.05
2004/4/24,395.05
2004/4/25,396.35
2004/4/26,398.75
2004/4/27,385.65
2004/4/28,387.85
2004/4/29,386.75
2004/4/30,386.75
2004/5/1,386.75
2004/5/2,387.15
2004/5/3,392.65
2004/5/4,393.25
2004/5/5,387.75
2004/5/6,378.75
2004/5/7,378.75
2004/5/8,378.75
2004/5/9,378.75
2004/5/10,377.85
2004/5/11,378.13
2004/5/12,374.85
2004/5/13,376.65
2004/5/14,376.65
2004/5/15,376.65
2004/5/16,379.15
2004/5/17,377.15
2004/5/18,382.45
2004/5/19,379.65
2004/5/20,384.35
2004/5/21,384.35
2004/5/22,384.35
2004/5/23,385.55
2004/5/24,388.65
2004/5/25,388.75
2004/5/26,394.75
2004/5/27,393.35
2004/5/28,393.35
2004/5/29,393.35
2004/5/30,395.55
2004/5/31,394.65
2004/6/1,391.55
2004/6/2,388.35
2004/6/3,389.95
2004/6/4,389.95
2004/6/5,389.95
2004/6/6,393.75
2004/6/7,391.35
2004/6/8,384.65
2004/6/9,386.05
2004/6/10,384.55
2004/6/11,384.55
2004/6/12,384.55
2004/6/13,383.55
2004/6/14,389.05
2004/6/15,384.65
2004/6/16,388.88
2004/6/17,394.85
2004/6/18,394.85
2004/6/19,394.85
2004/6/20,393.85
2004/6/21,394.95
2004/6/22,395.75
2004/6/23,402.15
2004/6/24,401.55
2004/6/25,401.55
2004/6/26,401.55
2004/6/27,400.88
2004/6/28,392.55
2004/6/29,394.25
2004/6/30,395.95
2004/7/1,397.95
2004/7/2,397.95
2004/7/3,397.95
2004/7/4,398.25
2004/7/5,392.75
2004/7/6,402.45
2004/7/7,407.95
2004/7/8,407.65
2004/7/9,407.65
2004/7/10,407.65
2004/7/11,407.95
2004/7/12,401.65
2004/7/13,405.45
2004/7/14,404.05
2004/7/15,406.65
2004/7/16,406.65
2004/7/17,406.65
2004/7/18,405.65
2004/7/19,400.15
2004/7/20,396.75
2004/7/21,395.05
2004/7/22,390.15
2004/7/23,390.15
2004/7/24,390.15
2004/7/25,388.95
2004/7/26,387.25
2004/7/27,387.85
2004/7/28,387.55
2004/7/29,391.05
2004/7/30,391.05
2004/7/31,391.05
2004/8/1,392.15
2004/8/2,394.05
2004/8/3,391.65
2004/8/4,392.85
2004/8/5,399.75
2004/8/6,399.75
2004/8/7,399.75
2004/8/8,400.25
2004/8/9,398.65
2004/8/10,395.45
2004/8/11,393.75
2004/8/12,398.95
2004/8/13,398.95
2004/8/14,398.95
2004/8/15,402.25
2004/8/16,405.05
2004/8/17,404.55
2004/8/18,406.65
2004/8/19,412.75
2004/8/20,412.75
2004/8/21,412.75
2004/8/22,409.95
2004/8/23,403.15
2004/8/24,406.55
2004/8/25,406.55
2004/8/26,403.25
2004/8/27,403.25
2004/8/28,403.25
2004/8/29,408.05
2004/8/30,409.85
2004/8/31,408.85
2004/9/1,406.35
2004/9/2,401.05
2004/9/3,401.05
2004/9/4,401.05
2004/9/5,402.55
2004/9/6,397.75
2004/9/7,399.65
2004/9/8,398.95
2004/9/9,402.75
2004/9/10,402.75
2004/9/11,402.75
2004/9/12,403.95
2004/9/13,405.42
2004/9/14,405.15
2004/9/15,404.52
2004/9/16,405.65
2004/9/17,405.65
2004/9/18,405.65
2004/9/19,405.05
2004/9/20,409.25
2004/9/21,407.35
2004/9/22,410.13
2004/9/23,407.83
2004/9/24,407.83
2004/9/25,407.83
2004/9/26,408.63
2004/9/27,412.25
2004/9/28,412.95
2004/9/29,418.25
2004/9/30,419.47
2004/10/1,419.47
2004/10/2,419.47
2004/10/3,414.05
2004/10/4,418.75
2004/10/5,417.88
2004/10/6,417.65
2004/10/7,422.78
2004/10/8,422.78
2004/10/9,422.78
2004/10/10,422.05
2004/10/11,415.25
2004/10/12,416.25
2004/10/13,417.75
2004/10/14,418.8
2004/10/15,418.8
2004/10/16,418.8
2004/10/17,416.25
2004/10/18,419.85
2004/10/19,424.13
2004/10/20,423.75
2004/10/21,424.23
2004/10/22,424.23
2004/10/23,424.23
2004/10/24,428.45
2004/10/25,426.85
2004/10/26,424.25
2004/10/27,424.35
2004/10/28,428.55
2004/10/29,428.55
2004/10/30,428.55
2004/10/31,427.55
2004/11/1,421.55
2004/11/2,426.85
2004/11/3,429.55
2004/11/4,433.55
2004/11/5,433.55
2004/11/6,433.55
2004/11/7,431.95
2004/11/8,435.15
2004/11/9,434.55
2004/11/10,434.88
2004/11/11,437.85
2004/11/12,437.85
2004/11/13,437.85
2004/11/14,436.75
2004/11/15,439.45
2004/11/16,444.65
2004/11/17,442.95
2004/11/18,447.05
2004/11/19,447.05
2004/11/20,447.05
2004/11/21,448.94
2004/11/22,447.05
2004/11/23,449.55
2004/11/24,451.69
2004/11/25,451.95
2004/11/26,451.95
2004/11/27,451.95
2004/11/28,453.95
2004/11/29,450.95
2004/11/30,454.75
2004/12/1,449.25
2004/12/2,455.9
2004/12/3,455.9
2004/12/4,455.9
2004/12/5,452.25
2004/12/6,450.9
2004/12/7,440.6
2004/12/8,437.3
2004/12/9,434.2
2004/12/10,434.2
2004/12/11,434.2
2004/12/12,438.85
2004/12/13,435.6
2004/12/14,440.6
2004/12/15,437.2
2004/12/16,441.5
2004/12/17,441.5
2004/12/18,441.5
2004/12/19,442.99
2004/12/20,441.6
2004/12/21,439.7
2004/12/22,442.24
2004/12/23,442.65
2004/12/24,442.65
2004/12/25,442.65
2004/12/26,444.35
2004/12/27,443.75
2004/12/28,436.45
2004/12/29,437.99
2004/12/30,438.45
2004/12/31,438.45
2005/1/1,438.45
2005/1/2,429.55
2005/1/3,427.55
2005/1/4,426.55
2005/1/5,421.4
2005/1/6,419.05
2005/1/7,419.05
2005/1/8,419.05
2005/1/9,419.63
2005/1/10,421.65
2005/1/11,426.15
2005/1/12,425.2
2005/1/13,423.15
2005/1/14,423.15
2005/1/15,423.15
2005/1/16,422.13
2005/1/17,423.05
2005/1/18,423.15
2005/1/19,422.35
2005/1/20,427.25
2005/1/21,427.25
2005/1/22,427.25
2005/1/23,427.35
2005/1/24,422.2
2005/1/25,426.8
2005/1/26,426.2
2005/1/27,427
2005/1/28,427
2005/1/29,427
2005/1/30,422.6
2005/1/31,421.13
2005/2/1,421.96
2005/2/2,417.2
2005/2/3,414.7
2005/2/4,414.7
2005/2/5,414.7
2005/2/6,413.4
2005/2/7,412.7
2005/2/8,413.35
2005/2/9,417.8
2005/2/10,420.9
2005/2/11,420.9
2005/2/12,420.9
2005/2/13,425.75
2005/2/14,425.75
2005/2/15,425.2
2005/2/16,427.17
2005/2/17,427.41
2005/2/18,427.41
2005/2/19,427.41
2005/2/20,427.45
2005/2/21,435.85
2005/2/22,434.55
2005/2/23,433.75
2005/2/24,435.25
2005/2/25,435.25
2005/2/26,435.25
2005/2/27,435.65
2005/2/28,432.6
2005/3/1,432.95
2005/3/2,429.65
2005/3/3,434.3
2005/3/4,434.3
2005/3/5,434.3
2005/3/6,434.55
2005/3/7,440.55
2005/3/8,440.6
2005/3/9,442.13
2005/3/10,444.95
2005/3/11,444.95
2005/3/12,444.95
2005/3/13,440.97
2005/3/14,440.7
2005/3/15,443.15
2005/3/16,438.8
2005/3/17,439.35
2005/3/18,439.35
2005/3/19,439.35
2005/3/20,431.2
2005/3/21,427.11
2005/3/22,425.35
2005/3/23,425.05
2005/3/24,424.88
2005/3/25,424.88
2005/3/26,424.88
2005/3/27,426.2
2005/3/28,426.1
2005/3/29,426.35
2005/3/30,428.35
2005/3/31,426.25
2005/4/1,426.25
2005/4/2,426.25
2005/4/3,424.25
2005/4/4,425.35
2005/4/5,426.7
2005/4/6,425.9
2005/4/7,427.1
2005/4/8,427.1
2005/4/9,427.1
2005/4/10,428
2005/4/11,428.2
2005/4/12,428.9
2005/4/13,424
2005/4/14,424.9
2005/4/15,424.9
2005/4/16,424.9
2005/4/17,427.35
2005/4/18,434
2005/4/19,434.6
2005/4/20,432.57
2005/4/21,434.6
2005/4/22,434.6
2005/4/23,434.6
2005/4/24,434.7
2005/4/25,437.1
2005/4/26,432.46
2005/4/27,431.4
2005/4/28,434.39
2005/4/29,434.39
2005/4/30,434.39
2005/5/1,429.8
2005/5/2,427.9
2005/5/3,429.8
2005/5/4,430.4
2005/5/5,426.2
2005/5/6,426.2
2005/5/7,426.2
2005/5/8,426.1
2005/5/9,426.6
2005/5/10,427.4
2005/5/11,422.4
2005/5/12,420.4
2005/5/13,420.4
2005/5/14,420.4
2005/5/15,419.75
2005/5/16,418.75
2005/5/17,421.75
2005/5/18,420.6
2005/5/19,417.65
2005/5/20,417.65
2005/5/21,417.65
2005/5/22,417.55
2005/5/23,418.35
2005/5/24,419.55
2005/5/25,417.8
2005/5/26,420.45
2005/5/27,420.45
2005/5/28,420.45
2005/5/29,418.55
2005/5/30,417.25
2005/5/31,415.4
2005/6/1,421.8
2005/6/2,422.45
2005/6/3,422.45
2005/6/4,422.45
2005/6/5,425.95
2005/6/6,424.75
2005/6/7,423.15
2005/6/8,423.7
2005/6/9,427.05
2005/6/10,427.05
2005/6/11,427.05
2005/6/12,428.9
2005/6/13,426.85
2005/6/14,428.9
2005/6/15,435.65
2005/6/16,437.65
2005/6/17,437.65
2005/6/18,437.65
2005/6/19,437.9
2005/6/20,438.6
2005/6/21,438.15
2005/6/22,441.3
2005/6/23,439.95
2005/6/24,439.95
2005/6/25,439.95
2005/6/26,439.8
2005/6/27,435.55
2005/6/28,437.25
2005/6/29,435.5
2005/6/30,427.4
2005/7/1,427.4
2005/7/2,427.4
2005/7/3,427.9
2005/7/4,423.6
2005/7/5,423.76
2005/7/6,424.2
2005/7/7,423.1
2005/7/8,423.1
2005/7/9,423.1
2005/7/10,425.9
2005/7/11,426.95
2005/7/12,424.1
2005/7/13,419.6
2005/7/14,421.55
2005/7/15,421.55
2005/7/16,421.55
2005/7/17,421.05
2005/7/18,420.1
2005/7/19,423.15
2005/7/20,425.6
2005/7/21,425
2005/7/22,425
2005/7/23,425
2005/7/24,425.85
2005/7/25,423.5
2005/7/26,425.5
2005/7/27,428
2005/7/28,429.8
2005/7/29,429.8
2005/7/30,429.8
2005/7/31,432.2
2005/8/1,432.3
2005/8/2,436.8
2005/8/3,437.6
2005/8/4,437.3
2005/8/5,437.3
2005/8/6,437.3
2005/8/7,435
2005/8/8,434.8
2005/8/9,437.6
2005/8/10,445.9
2005/8/11,446.2
2005/8/12,446.2
2005/8/13,446.2
2005/8/14,442.4
2005/8/15,446.15
2005/8/16,440.1
2005/8/17,439.7
2005/8/18,436.3
2005/8/19,436.3
2005/8/20,436.3
2005/8/21,438.2
2005/8/22,439.2
2005/8/23,437.67
2005/8/24,438.7
2005/8/25,437.7
2005/8/26,437.7
2005/8/27,437.7
2005/8/28,436.9
2005/8/29,431.6
2005/8/30,435.2
2005/8/31,443.25
2005/9/1,444.4
2005/9/2,444.4
2005/9/3,444.4
2005/9/4,445.35
2005/9/5,444
2005/9/6,444.7
2005/9/7,447.4
2005/9/8,449.2
2005/9/9,449.2
2005/9/10,449.2
2005/9/11,449.75
2005/9/12,446.5
2005/9/13,450.3
2005/9/14,455.75
2005/9/15,459.75
2005/9/16,459.75
2005/9/17,459.75
2005/9/18,464.75
2005/9/19,463.85
2005/9/20,472.35
2005/9/21,466.05
2005/9/22,463.25
2005/9/23,463.25
2005/9/24,463.25
2005/9/25,466.65
2005/9/26,462.5
2005/9/27,469
2005/9/28,472.15
2005/9/29,469.3
2005/9/30,469.3
2005/10/1,469.3
2005/10/2,465.95
2005/10/3,466.25
2005/10/4,464.75
2005/10/5,473.45
2005/10/6,474.85
2005/10/7,474.85
2005/10/8,474.85
2005/10/9,475.24
2005/10/10,475.5
2005/10/11,470.9
2005/10/12,471.6
2005/10/13,469.7
2005/10/14,469.7
2005/10/15,469.7
2005/10/16,474
2005/10/17,472.2
2005/10/18,464.55
2005/10/19,461.2
2005/10/20,466.89
2005/10/21,466.89
2005/10/22,466.89
2005/10/23,465.25
2005/10/24,472.6
2005/10/25,470.95
2005/10/26,473.65
2005/10/27,473.49
2005/10/28,473.49
2005/10/29,473.49
2005/10/30,465.18
2005/10/31,459.15
2005/11/1,463.2
2005/11/2,461.1
2005/11/3,456.9
2005/11/4,456.9
2005/11/5,456.9
2005/11/6,459.6
2005/11/7,460.8
2005/11/8,467.1
2005/11/9,466.85
2005/11/10,468.7
2005/11/11,468.7
2005/11/12,468.7
2005/11/13,467.5
2005/11/14,468.52
2005/11/15,479.3
2005/11/16,486
2005/11/17,485.8
2005/11/18,485.8
2005/11/19,485.8
2005/11/20,491.76
2005/11/21,494.58
2005/11/22,492.5
2005/11/23,493.49
2005/11/24,496.08
2005/11/25,496.08
2005/11/26,496.08
2005/11/27,498.7
2005/11/28,499.8
2005/11/29,493.08
2005/11/30,503.9
2005/12/1,503.38
2005/12/2,503.38
2005/12/3,503.38
2005/12/4,509.4
2005/12/5,511.4
2005/12/6,515.2
2005/12/7,521.13
2005/12/8,526.4
2005/12/9,526.4
2005/12/10,526.4
2005/12/11,528
2005/12/12,518.7
2005/12/13,506.5
2005/12/14,502.98
2005/12/15,503.24
2005/12/16,503.24
2005/12/17,503.24
2005/12/18,503.8
2005/12/19,492.25
2005/12/20,495.33
2005/12/21,504.33
2005/12/22,502.8
2005/12/23,502.8
2005/12/24,502.8
2005/12/25,505.13
2005/12/26,507.9
2005/12/27,516.6
2005/12/28,516.9
2005/12/29,517
2005/12/30,517
2005/12/31,517
2006/1/1,516.88
2006/1/2,534.15
2006/1/3,534.4
2006/1/4,524.8
2006/1/5,539.95
2006/1/6,539.95
2006/1/7,539.95
2006/1/8,548.95
2006/1/9,542.5
2006/1/10,547.5
2006/1/11,546.4
2006/1/12,557.34
2006/1/13,557.34
2006/1/14,557.34
2006/1/15,562.2
2006/1/16,554.8
2006/1/17,542.95
2006/1/18,557.8
2006/1/19,554.49
2006/1/20,554.49
2006/1/21,554.49
2006/1/22,559.4
2006/1/23,558.6
2006/1/24,563.4
2006/1/25,560.65
2006/1/26,559.5
2006/1/27,559.5
2006/1/28,559.5
2006/1/29,568.35
2006/1/30,568.9
2006/1/31,569.35
2006/2/1,572.2
2006/2/2,568.9
2006/2/3,568.9
2006/2/4,568.9
2006/2/5,569.9
2006/2/6,548.45
2006/2/7,551.45
2006/2/8,564.4
2006/2/9,551
2006/2/10,551
2006/2/11,551
2006/2/12,540.35
2006/2/13,547.55
2006/2/14,539.95
2006/2/15,548.15
2006/2/16,552.1
2006/2/17,552.1
2006/2/18,552.1
2006/2/19,555.84
2006/2/20,554.35
2006/2/21,555.2
2006/2/22,548.84
2006/2/23,559.05
2006/2/24,559.05
2006/2/25,559.05
2006/2/26,553.95
2006/2/27,561.55
2006/2/28,562.95
2006/3/1,569.85
2006/3/2,565.4
2006/3/3,565.4
2006/3/4,565.4
2006/3/5,555.35
2006/3/6,552.7
2006/3/7,543.55
2006/3/8,546.05
2006/3/9,541.05
2006/3/10,541.05
2006/3/11,541.05
2006/3/12,545.9
2006/3/13,551.05
2006/3/14,552.95
2006/3/15,555.4
2006/3/16,554.1
2006/3/17,554.1
2006/3/18,554.1
2006/3/19,554.9
2006/3/20,552.1
2006/3/21,550.8
2006/3/22,549.8
2006/3/23,560.13
2006/3/24,560.13
2006/3/25,560.13
2006/3/26,567.3
2006/3/27,563.6
2006/3/28,573.6
2006/3/29,588.65
2006/3/30,583.65
2006/3/31,583.65
2006/4/1,583.65
2006/4/2,587.85
2006/4/3,586.7
2006/4/4,588.5
2006/4/5,595.3
2006/4/6,588.85
2006/4/7,588.85
2006/4/8,588.85
2006/4/9,599.75
2006/4/10,593.41
2006/4/11,598.38
2006/4/12,596.47
2006/4/13,602.99
2006/4/14,602.99
2006/4/15,602.99
2006/4/16,613.47
2006/4/17,621.07
2006/4/18,640.2
2006/4/19,612.5
2006/4/20,633.97
2006/4/21,633.97
2006/4/22,633.97
2006/4/23,620.7
2006/4/24,630.3
2006/4/25,638.63
2006/4/26,633.63
2006/4/27,654.42
2006/4/28,654.42
2006/4/29,654.42
2006/4/30,655.1
2006/5/1,668.8
2006/5/2,667
2006/5/3,679.7
2006/5/4,683.8
2006/5/5,683.8
2006/5/6,683.8
2006/5/7,678.7
2006/5/8,700.9
2006/5/9,707.9
2006/5/10,714.3
2006/5/11,714.8
2006/5/12,714.8
2006/5/13,714.8
2006/5/14,677.4
2006/5/15,690.4
2006/5/16,687.1
2006/5/17,682.3
2006/5/18,657.6
2006/5/19,657.6
2006/5/20,657.6
2006/5/21,656.05
2006/5/22,666.5
2006/5/23,640.7
2006/5/24,650.9
2006/5/25,653.7
2006/5/26,653.7
2006/5/27,653.7
2006/5/28,647.77
2006/5/29,652.9
2006/5/30,645.2
2006/5/31,629.6
2006/6/1,638.2
2006/6/2,638.2
2006/6/3,638.2
2006/6/4,637.15
2006/6/5,630.65
2006/6/6,626.45
2006/6/7,613.25
2006/6/8,607.45
2006/6/9,607.45
2006/6/10,607.45
2006/6/11,604.25
2006/6/12,562.05
2006/6/13,559.75
2006/6/14,577.05
2006/6/15,581.15
2006/6/16,581.15
2006/6/17,581.15
2006/6/18,565.25
2006/6/19,575.85
2006/6/20,587.55
2006/6/21,580.65
2006/6/22,583.05
2006/6/23,583.05
2006/6/24,583.05
2006/6/25,585.25
2006/6/26,579.05
2006/6/27,580.15
2006/6/28,599.65
2006/6/29,615.85
2006/6/30,615.85
2006/7/1,615.85
2006/7/2,623.49
2006/7/3,620.24
2006/7/4,628.15
2006/7/5,633.03
2006/7/6,629.25
2006/7/7,629.25
2006/7/8,629.25
2006/7/9,624.15
2006/7/10,641.45
2006/7/11,651.53
2006/7/12,660.05
2006/7/13,664.15
2006/7/14,664.15
2006/7/15,664.15
2006/7/16,643.03
2006/7/17,633.05
2006/7/18,642.75
2006/7/19,628.15
2006/7/20,619.75
2006/7/21,619.75
2006/7/22,619.75
2006/7/23,615.25
2006/7/24,619.13
2006/7/25,624.75
2006/7/26,634.35
2006/7/27,634.75
2006/7/28,634.75
2006/7/29,634.75
2006/7/30,636.74
2006/7/31,646.84
2006/8/1,651.25
2006/8/2,644.92
2006/8/3,646.5
2006/8/4,646.5
2006/8/5,646.5
2006/8/6,648.65
2006/8/7,642.55
2006/8/8,650.03
2006/8/9,636.25
2006/8/10,632.55
2006/8/11,632.55
2006/8/12,632.55
2006/8/13,626.7
2006/8/14,624.8
2006/8/15,629.05
2006/8/16,614
2006/8/17,614.9
2006/8/18,614.9
2006/8/19,614.9
2006/8/20,628.1
2006/8/21,625
2006/8/22,622.34
2006/8/23,621.4
2006/8/24,622.53
2006/8/25,622.53
2006/8/26,622.53
2006/8/27,614.78
2006/8/28,614.95
2006/8/29,619.28
2006/8/30,627.3
2006/8/31,625.45
2006/9/1,625.45
2006/9/2,625.45
2006/9/3,626.5
2006/9/4,638.3
2006/9/5,633.7
2006/9/6,616.8
2006/9/7,610.8
2006/9/8,610.8
2006/9/9,610.8
2006/9/10,589.74
2006/9/11,587.45
2006/9/12,590.19
2006/9/13,575.25
2006/9/14,579.33
2006/9/15,579.33
2006/9/16,579.33
2006/9/17,587.2
2006/9/18,573.65
2006/9/19,576.8
2006/9/20,584.2
2006/9/21,589.6
2006/9/22,589.6
2006/9/23,589.6
2006/9/24,590.8
2006/9/25,592
2006/9/26,603.1
2006/9/27,601.3
2006/9/28,598.3
2006/9/29,598.3
2006/9/30,598.3
2006/10/1,596.7
2006/10/2,574.5
2006/10/3,567
2006/10/4,574.3
2006/10/5,574.1
2006/10/6,574.1
2006/10/7,574.1
2006/10/8,577.1
2006/10/9,573
2006/10/10,573
2006/10/11,579.3
2006/10/12,590.4
2006/10/13,590.4
2006/10/14,590.4
2006/10/15,596
2006/10/16,590.1
2006/10/17,590.2
2006/10/18,599.4
2006/10/19,591.5
2006/10/20,591.5
2006/10/21,591.5
2006/10/22,581.95
2006/10/23,586.45
2006/10/24,591.05
2006/10/25,597.15
2006/10/26,599.95
2006/10/27,599.95
2006/10/28,599.95
2006/10/29,604.1
2006/10/30,606.6
2006/10/31,617.6
2006/11/1,624.7
2006/11/2,627.4
2006/11/3,627.4
2006/11/4,627.4
2006/11/5,623.2
2006/11/6,624.8
2006/11/7,615.8
2006/11/8,633.41
2006/11/9,628.55
2006/11/10,628.55
2006/11/11,628.55
2006/11/12,625.7
2006/11/13,620.88
2006/11/14,623.1
2006/11/15,618.25
2006/11/16,621.7
2006/11/17,621.7
2006/11/18,621.7
2006/11/19,622.9
2006/11/20,627.5
2006/11/21,630.3
2006/11/22,631.25
2006/11/23,638.2
2006/11/24,638.2
2006/11/25,638.2
2006/11/26,640.6
2006/11/27,640
2006/11/28,636.65
2006/11/29,648
2006/11/30,645.6
2006/12/1,645.6
2006/12/2,645.6
2006/12/3,646.2
2006/12/4,643.15
2006/12/5,630.95
2006/12/6,633.84
2006/12/7,625.15
2006/12/8,625.15
2006/12/9,625.15
2006/12/10,630.45
2006/12/11,630.05
2006/12/12,628.75
2006/12/13,625.85
2006/12/14,615.35
2006/12/15,615.35
2006/12/16,615.35
2006/12/17,616.25
2006/12/18,622.95
2006/12/19,620.44
2006/12/20,618.5
2006/12/21,621.01
2006/12/22,621.01
2006/12/23,621.01
2006/12/24,620.75
2006/12/25,624.7
2006/12/26,627.2
2006/12/27,634.9
2006/12/28,636.7
2006/12/29,636.7
2006/12/30,636.7
2006/12/31,636.8
2007/1/1,640.5
2007/1/2,627.5
2007/1/3,622
2007/1/4,607.4
2007/1/5,607.4
2007/1/6,607.4
2007/1/7,610
2007/1/8,613.7
2007/1/9,611.3
2007/1/10,611.6
2007/1/11,627.2
2007/1/12,627.2
2007/1/13,627.2
2007/1/14,626.7
2007/1/15,624.8
2007/1/16,631.8
2007/1/17,627.7
2007/1/18,635.4
2007/1/19,635.4
2007/1/20,635.4
2007/1/21,633.4
2007/1/22,646.7
2007/1/23,648.8
2007/1/24,646.1
2007/1/25,646
2007/1/26,646
2007/1/27,646
2007/1/28,643.7
2007/1/29,647.3
2007/1/30,653.2
2007/1/31,657.2
2007/2/1,647.85
2007/2/2,647.85
2007/2/3,647.85
2007/2/4,648.45
2007/2/5,653.3
2007/2/6,651.45
2007/2/7,660.45
2007/2/8,666.85
2007/2/9,666.85
2007/2/10,666.85
2007/2/11,661.1
2007/2/12,664.25
2007/2/13,669.13
2007/2/14,669.75
2007/2/15,669.05
2007/2/16,669.05
2007/2/17,669.05
2007/2/18,670.75
2007/2/19,657.25
2007/2/20,678.85
2007/2/21,677.45
2007/2/22,682.55
2007/2/23,682.55
2007/2/24,682.55
2007/2/25,686.55
2007/2/26,663.35
2007/2/27,669.35
2007/2/28,664.45
2007/3/1,642.45
2007/3/2,642.45
2007/3/3,642.45
2007/3/4,636.6
2007/3/5,646.5
2007/3/6,649
2007/3/7,651.8
2007/3/8,650.27
2007/3/9,650.27
2007/3/10,650.27
2007/3/11,650.5
2007/3/12,643.8
2007/3/13,644.7
2007/3/14,646.6
2007/3/15,653.4
2007/3/16,653.4
2007/3/17,653.4
2007/3/18,654.2
2007/3/19,658.8
2007/3/20,664.2
2007/3/21,664
2007/3/22,657.4
2007/3/23,657.4
2007/3/24,657.4
2007/3/25,664.1
2007/3/26,664.41
2007/3/27,665.55
2007/3/28,661.5
2007/3/29,663.79
2007/3/30,663.79
2007/3/31,663.79
2007/4/1,664
2007/4/2,663.95
2007/4/3,674.35
2007/4/4,674.45
2007/4/5,675
2007/4/6,675
2007/4/7,675
2007/4/8,670.75
2007/4/9,677.9
2007/4/10,677.3
2007/4/11,676.1
2007/4/12,685.52
2007/4/13,685.52
2007/4/14,685.52
2007/4/15,690.2
2007/4/16,686.55
2007/4/17,690.05
2007/4/18,682.95
2007/4/19,691.95
2007/4/20,691.95
2007/4/21,691.95
2007/4/22,689.15
2007/4/23,683.65
2007/4/24,686.25
2007/4/25,674.75
2007/4/26,681.55
2007/4/27,681.55
2007/4/28,681.55
2007/4/29,678.45
2007/4/30,673.45
2007/5/1,673.15
2007/5/2,682.35
2007/5/3,688.85
2007/5/4,688.85
2007/5/5,688.85
2007/5/6,688.75
2007/5/7,685.65
2007/5/8,680.55
2007/5/9,665.65
2007/5/10,670.85
2007/5/11,670.85
2007/5/12,670.85
2007/5/13,669.75
2007/5/14,672.05
2007/5/15,662.15
2007/5/16,657.65
2007/5/17,661.75
2007/5/18,661.75
2007/5/19,661.75
2007/5/20,663.25
2007/5/21,659.25
2007/5/22,661.85
2007/5/23,654.65
2007/5/24,656
2007/5/25,656
2007/5/26,656
2007/5/27,655.55
2007/5/28,656.85
2007/5/29,653.45
2007/5/30,660.5
2007/5/31,671.75
2007/6/1,671.75
2007/6/2,671.75
2007/6/3,671.15
2007/6/4,670.05
2007/6/5,670.75
2007/6/6,659.15
2007/6/7,648.85
2007/6/8,648.85
2007/6/9,648.85
2007/6/10,653.65
2007/6/11,647.25
2007/6/12,651.75
2007/6/13,651.95
2007/6/14,655.35
2007/6/15,655.35
2007/6/16,655.35
2007/6/17,656.35
2007/6/18,661.45
2007/6/19,654.55
2007/6/20,651.73
2007/6/21,654.3
2007/6/22,654.3
2007/6/23,654.3
2007/6/24,651
2007/6/25,640.9
2007/6/26,643.5
2007/6/27,648.95
2007/6/28,649.65
2007/6/29,649.65
2007/6/30,649.65
2007/7/1,657.25
2007/7/2,653.2
2007/7/3,654.2
2007/7/4,649.5
2007/7/5,655.9
2007/7/6,655.9
2007/7/7,655.9
2007/7/8,660.4
2007/7/9,663.3
2007/7/10,660.65
2007/7/11,666.8
2007/7/12,666.9
2007/7/13,666.9
2007/7/14,666.9
2007/7/15,664.9
2007/7/16,664.9
2007/7/17,673
2007/7/18,677.5
2007/7/19,683.4
2007/7/20,683.4
2007/7/21,683.4
2007/7/22,681.6
2007/7/23,681
2007/7/24,674.9
2007/7/25,662.9
2007/7/26,661.2
2007/7/27,661.2
2007/7/28,661.2
2007/7/29,665
2007/7/30,664.3
2007/7/31,666.9
2007/8/1,665.55
2007/8/2,673
2007/8/3,673
2007/8/4,673
2007/8/5,672.01
2007/8/6,672.4
2007/8/7,674.8
2007/8/8,662.1
2007/8/9,672.8
2007/8/10,672.8
2007/8/11,672.8
2007/8/12,669.5
2007/8/13,669.2
2007/8/14,667.6
2007/8/15,652.01
2007/8/16,657.8
2007/8/17,657.8
2007/8/18,657.8
2007/8/19,657.11
2007/8/20,657.3
2007/8/21,660.8
2007/8/22,660.38
2007/8/23,668.2
2007/8/24,668.2
2007/8/25,668.2
2007/8/26,667.6
2007/8/27,662.5
2007/8/28,667.6
2007/8/29,665.3
2007/8/30,673.4
2007/8/31,673.4
2007/9/1,673.4
2007/9/2,672.52
2007/9/3,681.65
2007/9/4,681.8
2007/9/5,695.41
2007/9/6,701
2007/9/7,701
2007/9/8,701
2007/9/9,703.1
2007/9/10,712.5
2007/9/11,711.6
2007/9/12,708.3
2007/9/13,707.6
2007/9/14,707.6
2007/9/15,707.6
2007/9/16,717.9
2007/9/17,723.5
2007/9/18,721.4
2007/9/19,733.26
2007/9/20,731.5
2007/9/21,731.5
2007/9/22,731.5
2007/9/23,730.6
2007/9/24,731.7
2007/9/25,728.8
2007/9/26,734.43
2007/9/27,743.6
2007/9/28,743.6
2007/9/29,743.6
2007/9/30,747.2
2007/10/1,731.6
2007/10/2,727.9
2007/10/3,738
2007/10/4,742.7
2007/10/5,742.7
2007/10/6,742.7
2007/10/7,733.3
2007/10/8,737.9
2007/10/9,741.1
2007/10/10,747.88
2007/10/11,749.1
2007/10/12,749.1
2007/10/13,749.1
2007/10/14,759.4
2007/10/15,760.5
2007/10/16,754.82
2007/10/17,768.2
2007/10/18,765.2
2007/10/19,765.2
2007/10/20,765.2
2007/10/21,754.2
2007/10/22,759.8
2007/10/23,763.95
2007/10/24,769.3
2007/10/25,785.2
2007/10/26,785.2
2007/10/27,785.2
2007/10/28,791.8
2007/10/29,782.1
2007/10/30,796.59
2007/10/31,787.3
2007/11/1,807
2007/11/2,807
2007/11/3,807
2007/11/4,806.5
2007/11/5,825
2007/11/6,831.09
2007/11/7,833.59
2007/11/8,832
2007/11/9,832
2007/11/10,832
2007/11/11,793.5
2007/11/12,802
2007/11/13,811.95
2007/11/14,788.45
2007/11/15,786.3
2007/11/16,786.3
2007/11/17,786.3
2007/11/18,781.75
2007/11/19,803.2
2007/11/20,800.32
2007/11/21,804.53
2007/11/22,823.8
2007/11/23,823.8
2007/11/24,823.8
2007/11/25,824.6
2007/11/26,812.59
2007/11/27,804.83
2007/11/28,793.07
2007/11/29,783.75
2007/11/30,783.75
2007/12/1,783.75
2007/12/2,794.3
2007/12/3,801.7
2007/12/4,795.15
2007/12/5,802.42
2007/12/6,794.8
2007/12/7,794.8
2007/12/8,794.8
2007/12/9,808.53
2007/12/10,796.98
2007/12/11,813.48
2007/12/12,797.62
2007/12/13,794.49
2007/12/14,794.49
2007/12/15,794.49
2007/12/16,793.35
2007/12/17,802.88
2007/12/18,802.19
2007/12/19,796.38
2007/12/20,811.72
2007/12/21,811.72
2007/12/22,811.72
2007/12/23,811.8
2007/12/24,807
2007/12/25,824.5
2007/12/26,825.58
2007/12/27,840.5
2007/12/28,840.5
2007/12/29,840.5
2007/12/30,833.92
2007/12/31,833.7
2008/1/1,857.55
2008/1/2,864.93
2008/1/3,859.6
2008/1/4,859.6
2008/1/5,859.6
2008/1/6,858.16
2008/1/7,878.16
2008/1/8,878.8
2008/1/9,893.3
2008/1/10,895.4
2008/1/11,895.4
2008/1/12,895.4
2008/1/13,904.13
2008/1/14,888.1
2008/1/15,877.03
2008/1/16,877.76
2008/1/17,883.17
2008/1/18,883.17
2008/1/19,883.17
2008/1/20,865
2008/1/21,892.34
2008/1/22,890.32
2008/1/23,912.85
2008/1/24,913.95
2008/1/25,913.95
2008/1/26,913.95
2008/1/27,928.97
2008/1/28,923.76
2008/1/29,929.4
2008/1/30,925.99
2008/1/31,905.48
2008/2/1,905.48
2008/2/2,905.48
2008/2/3,903.58
2008/2/4,888.17
2008/2/5,900.6
2008/2/6,910.51
2008/2/7,922.99
2008/2/8,922.99
2008/2/9,922.99
2008/2/10,923.5
2008/2/11,906.39
2008/2/12,906.6
2008/2/13,908.2
2008/2/14,902.5
2008/2/15,902.5
2008/2/16,902.5
2008/2/17,905.2
2008/2/18,927.8
2008/2/19,944.1
2008/2/20,946.1
2008/2/21,945.2
2008/2/22,945.2
2008/2/23,945.2
2008/2/24,939.6
2008/2/25,948.15
2008/2/26,957.84
2008/2/27,970.74
2008/2/28,974.17
2008/2/29,974.17
2008/3/1,974.17
2008/3/2,983.7
2008/3/3,964.01
2008/3/4,989.8
2008/3/5,978.99
2008/3/6,973.2
2008/3/7,973.2
2008/3/8,973.2
2008/3/9,972.84
2008/3/10,973.3
2008/3/11,982.93
2008/3/12,994.83
2008/3/13,1002.95
2008/3/14,1002.95
2008/3/15,1002.95
2008/3/16,1002.7
2008/3/17,982.24
2008/3/18,944.2
2008/3/19,910.2
2008/3/20,919.5
2008/3/21,919.5
2008/3/22,919.5
2008/3/23,915.3
2008/3/24,938.78
2008/3/25,954.17
2008/3/26,947.2
2008/3/27,931.05
2008/3/28,931.05
2008/3/29,931.05
2008/3/30,916.88
2008/3/31,882.7
2008/4/1,904.35
2008/4/2,902.9
2008/4/3,913.79
2008/4/4,913.79
2008/4/5,913.79
2008/4/6,920
2008/4/7,914.9
2008/4/8,934
2008/4/9,928.99
2008/4/10,925.3
2008/4/11,925.3
2008/4/12,925.3
2008/4/13,924.45
2008/4/14,927.91
2008/4/15,944.59
2008/4/16,938.8
2008/4/17,917.09
2008/4/18,917.09
2008/4/19,917.09
2008/4/20,916.74
2008/4/21,915.9
2008/4/22,904.25
2008/4/23,886.13
2008/4/24,886.3
2008/4/25,886.3
2008/4/26,886.3
2008/4/27,893.26
2008/4/28,870.5
2008/4/29,877.55
2008/4/30,852.7
2008/5/1,856.45
2008/5/2,856.45
2008/5/3,856.45
2008/5/4,874.2
2008/5/5,876.4
2008/5/6,868.75
2008/5/7,881.85
2008/5/8,884.85
2008/5/9,884.85
2008/5/10,884.85
2008/5/11,882.68
2008/5/12,866.95
2008/5/13,864
2008/5/14,881.65
2008/5/15,902.4
2008/5/16,902.4
2008/5/17,902.4
2008/5/18,905.2
2008/5/19,919.25
2008/5/20,932.55
2008/5/21,921.85
2008/5/22,925.1
2008/5/23,925.1
2008/5/24,925.1
2008/5/25,929.1
2008/5/26,906.45
2008/5/27,900.85
2008/5/28,877.9
2008/5/29,886.5
2008/5/30,886.5
2008/5/31,886.5
2008/6/1,891.42
2008/6/2,880.55
2008/6/3,880.9
2008/6/4,877.2
2008/6/5,902.25
2008/6/6,902.25
2008/6/7,902.25
2008/6/8,892.9
2008/6/9,867
2008/6/10,880.35
2008/6/11,868.2
2008/6/12,871.55
2008/6/13,871.55
2008/6/14,871.55
2008/6/15,882.4
2008/6/16,882.75
2008/6/17,894.35
2008/6/18,898.47
2008/6/19,902.3
2008/6/20,902.3
2008/6/21,902.3
2008/6/22,883.8
2008/6/23,889.6
2008/6/24,886.38
2008/6/25,917.3
2008/6/26,927.8
2008/6/27,927.8
2008/6/28,927.8
2008/6/29,925.4
2008/6/30,939.63
2008/7/1,945.15
2008/7/2,934.45
2008/7/3,933.25
2008/7/4,933.25
2008/7/5,933.25
2008/7/6,925.85
2008/7/7,919.63
2008/7/8,928.57
2008/7/9,947.66
2008/7/10,964.2
2008/7/11,964.2
2008/7/12,964.2
2008/7/13,972.6
2008/7/14,977.5
2008/7/15,959.95
2008/7/16,957.43
2008/7/17,955
2008/7/18,955
2008/7/19,955
2008/7/20,965.55
2008/7/21,946.4
2008/7/22,920.85
2008/7/23,928.05
2008/7/24,929.85
2008/7/25,929.85
2008/7/26,929.85
2008/7/27,930.63
2008/7/28,918.9
2008/7/29,906.1
2008/7/30,914.07
2008/7/31,910.95
2008/8/1,910.95
2008/8/2,910.95
2008/8/3,894.8
2008/8/4,874.4
2008/8/5,879.8
2008/8/6,873.05
2008/8/7,856.6
2008/8/8,856.6
2008/8/9,856.6
2008/8/10,823.85
2008/8/11,812.32
2008/8/12,826.8
2008/8/13,806.63
2008/8/14,787.7
2008/8/15,787.7
2008/8/16,787.7
2008/8/17,800.07
2008/8/18,814.2
2008/8/19,813.67
2008/8/20,837
2008/8/21,823.05
2008/8/22,823.05
2008/8/23,823.05
2008/8/24,821.95
2008/8/25,824.9
2008/8/26,826.9
2008/8/27,834.05
2008/8/28,831.15
2008/8/29,831.15
2008/8/30,831.15
2008/8/31,817.7
2008/9/1,805.35
2008/9/2,801.3
2008/9/3,796.45
2008/9/4,803.5
2008/9/5,803.5
2008/9/6,803.5
2008/9/7,802.3
2008/9/8,777.25
2008/9/9,752.45
2008/9/10,746.47
2008/9/11,765.5
2008/9/12,765.5
2008/9/13,765.5
2008/9/14,786.65
2008/9/15,779.75
2008/9/16,863.85
2008/9/17,850.84
2008/9/18,873.55
2008/9/19,873.55
2008/9/20,873.55
2008/9/21,897
2008/9/22,892.15
2008/9/23,882.63
2008/9/24,877.9
2008/9/25,878.75
2008/9/26,878.75
2008/9/27,878.75
2008/9/28,909.5
2008/9/29,870.95
2008/9/30,870.8
2008/10/1,836.4
2008/10/2,835.5
2008/10/3,835.5
2008/10/4,835.5
2008/10/5,859.75
2008/10/6,887.1
2008/10/7,907.62
2008/10/8,913.25
2008/10/9,849.85
2008/10/10,849.85
2008/10/11,849.85
2008/10/12,833.05
2008/10/13,836.7
2008/10/14,846.9
2008/10/15,804.6
2008/10/16,783.35
2008/10/17,783.35
2008/10/18,783.35
2008/10/19,796.9
2008/10/20,771.65
2008/10/21,730.45
2008/10/22,721.45
2008/10/23,734.75
2008/10/24,734.75
2008/10/25,734.75
2008/10/26,730.8
2008/10/27,746.95
2008/10/28,754.95
2008/10/29,738.13
2008/10/30,724.55
2008/10/31,724.55
2008/11/1,724.55
2008/11/2,723.45
2008/11/3,763.25
2008/11/4,740.35
2008/11/5,732.85
2008/11/6,736.65
2008/11/7,736.65
2008/11/8,736.65
2008/11/9,746.2
2008/11/10,731.7
2008/11/11,712.3
2008/11/12,736.5
2008/11/13,742.1
2008/11/14,742.1
2008/11/15,742.1
2008/11/16,737.92
2008/11/17,738.15
2008/11/18,734.55
2008/11/19,745.06
2008/11/20,800.4
2008/11/21,800.4
2008/11/22,800.4
2008/11/23,821.65
2008/11/24,821.05
2008/11/25,812.9
2008/11/26,815.83
2008/11/27,818.05
2008/11/28,818.05
2008/11/29,818.05
2008/11/30,768.95
2008/12/1,782.35
2008/12/2,773.95
2008/12/3,767
2008/12/4,756.45
2008/12/5,756.45
2008/12/6,756.45
2008/12/7,772.7
2008/12/8,776.95
2008/12/9,810.6
2008/12/10,821.35
2008/12/11,822.35
2008/12/12,822.35
2008/12/13,822.35
2008/12/14,838.45
2008/12/15,858.1
2008/12/16,867.9
2008/12/17,852.91
2008/12/18,838.28
2008/12/19,838.28
2008/12/20,838.28
2008/12/21,848.05
2008/12/22,840.2
2008/12/23,848
2008/12/24,846.99
2008/12/25,869.3
2008/12/26,869.3
2008/12/27,869.3
2008/12/28,880.3
2008/12/29,873.7
2008/12/30,882.05
2008/12/31,879.45
2009/1/1,875.4
2009/1/2,875.4
2009/1/3,875.4
2009/1/4,859.5
2009/1/5,863.9
2009/1/6,842.95
2009/1/7,857.4
2009/1/8,854.2
2009/1/9,854.2
2009/1/10,854.2
2009/1/11,820.85
2009/1/12,822
2009/1/13,811.7
2009/1/14,817.8
2009/1/15,843.15
2009/1/16,843.15
2009/1/17,843.15
2009/1/18,835.9
2009/1/19,857.25
2009/1/20,854.25
2009/1/21,857
2009/1/22,899.75
2009/1/23,899.75
2009/1/24,899.75
2009/1/25,903.35
2009/1/26,899.22
2009/1/27,887.55
2009/1/28,908.65
2009/1/29,927.85
2009/1/30,927.85
2009/1/31,927.85
2009/2/1,905.49
2009/2/2,900.35
2009/2/3,905.75
2009/2/4,914.55
2009/2/5,911.5
2009/2/6,911.5
2009/2/7,911.5
2009/2/8,894.55
2009/2/9,915.1
2009/2/10,938.99
2009/2/11,946.75
2009/2/12,941.7
2009/2/13,941.7
2009/2/14,941.7
2009/2/15,941.75
2009/2/16,970.25
2009/2/17,984.9
2009/2/18,974.65
2009/2/19,992.9
2009/2/20,992.9
2009/2/21,992.9
2009/2/22,991.75
2009/2/23,962.67
2009/2/24,953.83
2009/2/25,946.2
2009/2/26,942.35
2009/2/27,942.35
2009/2/28,942.35
2009/3/1,926.1
2009/3/2,916.28
2009/3/3,906.5
2009/3/4,932.4
2009/3/5,939.35
2009/3/6,939.35
2009/3/7,939.35
2009/3/8,921.97
2009/3/9,898.15
2009/3/10,909.4
2009/3/11,926.63
2009/3/12,929.75
2009/3/13,929.75
2009/3/14,929.75
2009/3/15,923.15
2009/3/16,915.4
2009/3/17,942
2009/3/18,959.85
2009/3/19,952.2
2009/3/20,952.2
2009/3/21,952.2
2009/3/22,939.5
2009/3/23,925.87
2009/3/24,934.02
2009/3/25,934.1
2009/3/26,923.15
2009/3/27,923.15
2009/3/28,923.15
2009/3/29,915.84
2009/3/30,919.15
2009/3/31,927.4
2009/4/1,904.05
2009/4/2,893.15
2009/4/3,893.15
2009/4/4,893.15
2009/4/5,868.9
2009/4/6,881.24
2009/4/7,880.5
2009/4/8,879.35
2009/4/9,881.65
2009/4/10,881.65
2009/4/11,881.65
2009/4/12,893.85
2009/4/13,890.72
2009/4/14,891.05
2009/4/15,875.7
2009/4/16,868.8
2009/4/17,868.8
2009/4/18,868.8
2009/4/19,884.5
2009/4/20,883.8
2009/4/21,889.75
2009/4/22,904.3
2009/4/23,913.2
2009/4/24,913.2
2009/4/25,913.2
2009/4/26,906.5
2009/4/27,893.38
2009/4/28,898
2009/4/29,888.2
2009/4/30,886.55
2009/5/1,886.55
2009/5/2,886.55
2009/5/3,902.1
2009/5/4,897.15
2009/5/5,911.22
2009/5/6,910.7
2009/5/7,916.65
2009/5/8,916.65
2009/5/9,916.65
2009/5/10,913.33
2009/5/11,923.35
2009/5/12,926.3
2009/5/13,926.5
2009/5/14,931.8
2009/5/15,931.8
2009/5/16,931.8
2009/5/17,918.25
2009/5/18,925.05
2009/5/19,938.65
2009/5/20,953.8
2009/5/21,957.35
2009/5/22,957.35
2009/5/23,957.35
2009/5/24,958.8
2009/5/25,952
2009/5/26,949.9
2009/5/27,959.45
2009/5/28,979.15
2009/5/29,979.15
2009/5/30,979.15
2009/5/31,975.27
2009/6/1,981.85
2009/6/2,963.07
2009/6/3,980.25
2009/6/4,955.25
2009/6/5,955.25
2009/6/6,955.25
2009/6/7,951.82
2009/6/8,954.78
2009/6/9,954.49
2009/6/10,953.95
2009/6/11,939.3
2009/6/12,939.3
2009/6/13,939.3
2009/6/14,928.3
2009/6/15,934.8
2009/6/16,938.87
2009/6/17,933.06
2009/6/18,934.05
2009/6/19,934.05
2009/6/20,934.05
2009/6/21,922.7
2009/6/22,925.83
2009/6/23,931.4
2009/6/24,939.25
2009/6/25,939.6
2009/6/26,939.6
2009/6/27,939.6
2009/6/28,937.95
2009/6/29,926.6
2009/6/30,940.8
2009/7/1,929.8
2009/7/2,932.25
2009/7/3,932.25
2009/7/4,932.25
2009/7/5,924.95
2009/7/6,924.68
2009/7/7,909.5
2009/7/8,912.35
2009/7/9,913.05
2009/7/10,913.05
2009/7/11,913.05
2009/7/12,920.3
2009/7/13,925.7
2009/7/14,939.2
2009/7/15,937.34
2009/7/16,937.5
2009/7/17,937.5
2009/7/18,937.5
2009/7/19,948.7
2009/7/20,948.5
2009/7/21,951.4
2009/7/22,949.15
2009/7/23,951.35
2009/7/24,951.35
2009/7/25,951.35
2009/7/26,953.84
2009/7/27,937.5
2009/7/28,930
2009/7/29,934.4
2009/7/30,954
2009/7/31,954
2009/8/1,954
2009/8/2,956.8
2009/8/3,966.95
2009/8/4,963.45
2009/8/5,963.25
2009/8/6,954.95
2009/8/7,954.95
2009/8/8,954.95
2009/8/9,946.3
2009/8/10,946.1
2009/8/11,947.1
2009/8/12,954.95
2009/8/13,948.55
2009/8/14,948.55
2009/8/15,948.55
2009/8/16,934.55
2009/8/17,938.6
2009/8/18,942.05
2009/8/19,940.65
2009/8/20,953.85
2009/8/21,953.85
2009/8/22,953.85
2009/8/23,941.55
2009/8/24,944.75
2009/8/25,945.55
2009/8/26,948.15
2009/8/27,955
2009/8/28,955
2009/8/29,955
2009/8/30,951.25
2009/8/31,956.35
2009/9/1,978.5
2009/9/2,991.85
2009/9/3,994.4
2009/9/4,994.4
2009/9/5,994.4
2009/9/6,995.25
2009/9/7,995.4
2009/9/8,991.15
2009/9/9,991.15
2009/9/10,991.15
2009/9/11,991.15
2009/9/12,991.15
2009/9/13,991.15
2009/9/14,991.15
2009/9/15,991.15
2009/9/16,991.15
2009/9/17,991.15
2009/9/18,991.15
2009/9/19,991.15
2009/9/20,1002.05
2009/9/21,1002.05
2009/9/22,1002.05
2009/9/23,1002.05
2009/9/24,1002.05
2009/9/25,1002.05
2009/9/26,992.0999
2009/9/27,991.2
2009/9/28,992.5999
2009/9/29,1007.95
2009/9/30,999.48
2009/10/1,1002.2
2009/10/2,1002.2
2009/10/3,1002.2
2009/10/4,1017.55
2009/10/5,1042.399
2009/10/6,1044.35
2009/10/7,1055.4
2009/10/8,1048.9
2009/10/9,1048.9
2009/10/10,1048.9
2009/10/11,1057.349
2009/10/12,1064.549
2009/10/13,1062.749
2009/10/14,1050.55
2009/10/15,1053.2
2009/10/16,1053.2
2009/10/17,1053.2
2009/10/18,1064.35
2009/10/19,1055.5
2009/10/20,1059.299
2009/10/21,1060.199
2009/10/22,1055.35
2009/10/23,1055.35
2009/10/24,1055.35
2009/10/25,1039.05
2009/10/26,1040.25
2009/10/27,1028.349
2009/10/28,1047.399
2009/10/29,1045.449
2009/10/30,1045.449
2009/10/31,1045.449
2009/11/1,1059.8
2009/11/2,1084.799
2009/11/3,1092.35
2009/11/4,1090.6
2009/11/5,1095.8
2009/11/6,1095.8
2009/11/7,1095.8
2009/11/8,1104.099
2009/11/9,1105.95
2009/11/10,1117.85
2009/11/11,1104.1
2009/11/12,1119.15
2009/11/13,1119.15
2009/11/14,1119.15
2009/11/15,1139.449
2009/11/16,1142.349
2009/11/17,1145.699
2009/11/18,1144.7
2009/11/19,1151
2009/11/20,1151
2009/11/21,1151
2009/11/22,1166.2
2009/11/23,1169.45
2009/11/24,1192.06
2009/11/25,1192.66
2009/11/26,1178.249
2009/11/27,1178.249
2009/11/28,1178.249
2009/11/29,1179.86
2009/11/30,1196.849
2009/12/1,1216.059
2009/12/2,1208.06
2009/12/3,1162.859
2009/12/4,1162.859
2009/12/5,1162.859
2009/12/6,1158.549
2009/12/7,1128.5
2009/12/8,1129.05
2009/12/9,1131.65
2009/12/10,1115.849
2009/12/11,1115.849
2009/12/12,1115.849
2009/12/13,1126.949
2009/12/14,1125.6
2009/12/15,1138.3
2009/12/16,1099.049
2009/12/17,1112.199
2009/12/18,1112.199
2009/12/19,1112.199
2009/12/20,1093.75
2009/12/21,1084.15
2009/12/22,1088.05
2009/12/23,1104.449
2009/12/24,1104.449
2009/12/25,1104.449
2009/12/26,1104.449
2009/12/27,1107.25
2009/12/28,1097.21
2009/12/29,1093.35
2009/12/30,1097.099
2009/12/31,1097.099
2010/1/1,1097.099
2010/1/2,1097.099
2010/1/3,1121.749
2010/1/4,1118.349
2010/1/5,1138.549
2010/1/6,1131.91
2010/1/7,1136.649
2010/1/8,1136.649
2010/1/9,1136.649
2010/1/10,1152.109
2010/1/11,1128.909
2010/1/12,1138.409
2010/1/13,1143.01
2010/1/14,1131.659
2010/1/15,1131.659
2010/1/16,1131.659
2010/1/17,1134.309
2010/1/18,1138.71
2010/1/19,1111.559
2010/1/20,1094.46
2010/1/21,1093.06
2010/1/22,1093.06
2010/1/23,1093.06
2010/1/24,1098.75
2010/1/25,1098.05
2010/1/26,1088.7
2010/1/27,1086.999
2010/1/28,1081.999
2010/1/29,1081.999
2010/1/30,1081.999
2010/1/31,1105.8
2010/2/1,1114.749
2010/2/2,1110.099
2010/2/3,1063.85
2010/2/4,1067.799
2010/2/5,1067.799
2010/2/6,1067.799
2010/2/7,1063.409
2010/2/8,1078.409
2010/2/9,1072.31
2010/2/10,1095.61
2010/2/11,1092.95
2010/2/12,1092.95
2010/2/13,1092.95
2010/2/14,1101.25
2010/2/15,1119.649
2010/2/16,1107.099
2010/2/17,1109.199
2010/2/18,1117.9
2010/2/19,1117.9
2010/2/20,1117.9
2010/2/21,1114.71
2010/2/22,1103.71
2010/2/23,1097.91
2010/2/24,1106.909
2010/2/25,1117.36
2010/2/26,1117.36
2010/2/27,1117.36
2010/2/28,1119.099
2010/3/1,1134.85
2010/3/2,1140.199
2010/3/3,1132.4
2010/3/4,1132.3
2010/3/5,1132.3
2010/3/6,1132.3
2010/3/7,1123.81
2010/3/8,1121.96
2010/3/9,1108.659
2010/3/10,1109.759
2010/3/11,1102.76
2010/3/12,1102.76
2010/3/13,1102.76
2010/3/14,1110.05
2010/3/15,1125.799
2010/3/16,1125.35
2010/3/17,1126.599
2010/3/18,1106.4
2010/3/19,1106.4
2010/3/20,1106.4
2010/3/21,1102.35
2010/3/22,1105.449
2010/3/23,1086.799
2010/3/24,1090.7
2010/3/25,1108.799
2010/3/26,1108.799
2010/3/27,1108.799
2010/3/28,1110.11
2010/3/29,1103.85
2010/3/30,1113.3
2010/3/31,1127.05
2010/4/1,1127.7
2010/4/2,1127.7
2010/4/3,1127.7
2010/4/4,1132.2
2010/4/5,1134.55
2010/4/6,1149.65
2010/4/7,1150.81
2010/4/8,1160.95
2010/4/9,1160.95
2010/4/10,1160.95
2010/4/11,1156.55
2010/4/12,1150.9
2010/4/13,1155.6
2010/4/14,1159.55
2010/4/15,1136.9
2010/4/16,1136.9
2010/4/17,1136.9
2010/4/18,1136.01
2010/4/19,1141.01
2010/4/20,1146.86
2010/4/21,1141.81
2010/4/22,1156.56
2010/4/23,1156.56
2010/4/24,1156.56
2010/4/25,1153.96
2010/4/26,1168.11
2010/4/27,1166.01
2010/4/28,1167.21
2010/4/29,1178.91
2010/4/30,1178.91
2010/5/1,1178.91
2010/5/2,1182.56
2010/5/3,1171.36
2010/5/4,1175.56
2010/5/5,1208.66
2010/5/6,1208.21
2010/5/7,1208.21
2010/5/8,1208.21
2010/5/9,1203.26
2010/5/10,1232.96
2010/5/11,1239.21
2010/5/12,1233.11
2010/5/13,1231.11
2010/5/14,1231.11
2010/5/15,1231.11
2010/5/16,1222.71
2010/5/17,1225.41
2010/5/18,1194.01
2010/5/19,1182.71
2010/5/20,1177.65
2010/5/21,1177.65
2010/5/22,1177.65
2010/5/23,1191.85
2010/5/24,1204.45
2010/5/25,1212
2010/5/26,1212.45
2010/5/27,1214.9
2010/5/28,1214.9
2010/5/29,1214.9
2010/5/30,1216.45
2010/5/31,1225.95
2010/6/1,1223.75
2010/6/2,1206.95
2010/6/3,1218.9
2010/6/4,1218.9
2010/6/5,1218.9
2010/6/6,1240.4
2010/6/7,1236.95
2010/6/8,1233.75
2010/6/9,1216.75
2010/6/10,1227.11
2010/6/11,1227.11
2010/6/12,1227.11
2010/6/13,1221.55
2010/6/14,1234.55
2010/6/15,1229.5
2010/6/16,1245.25
2010/6/17,1256.2
2010/6/18,1256.2
2010/6/19,1256.2
2010/6/20,1233.95
2010/6/21,1240.2
2010/6/22,1237.65
2010/6/23,1243.65
2010/6/24,1254.4
2010/6/25,1254.4
2010/6/26,1254.4
2010/6/27,1239.15
2010/6/28,1240.75
2010/6/29,1242.55
2010/6/30,1199.2
2010/7/1,1211.8
2010/7/2,1211.8
2010/7/3,1211.8
2010/7/4,1209.45
2010/7/5,1193.05
2010/7/6,1203
2010/7/7,1198.15
2010/7/8,1210.75
2010/7/9,1210.75
2010/7/10,1210.75
2010/7/11,1197
2010/7/12,1212.45
2010/7/13,1208.4
2010/7/14,1208.65
2010/7/15,1193.35
2010/7/16,1193.35
2010/7/17,1193.35
2010/7/18,1183.3
2010/7/19,1192.2
2010/7/20,1185.4
2010/7/21,1195.15
2010/7/22,1189.45
2010/7/23,1189.45
2010/7/24,1189.45
2010/7/25,1183.7
2010/7/26,1161.9
2010/7/27,1163.9
2010/7/28,1168.35
2010/7/29,1181.75
2010/7/30,1181.75
2010/7/31,1181.75
2010/8/1,1183.1
2010/8/2,1186.25
2010/8/3,1195.05
2010/8/4,1195.2
2010/8/5,1205.79
2010/8/6,1205.79
2010/8/7,1205.79
2010/8/8,1201.7
2010/8/9,1204.5
2010/8/10,1198.2
2010/8/11,1214.35
2010/8/12,1215.35
2010/8/13,1215.35
2010/8/14,1215.35
2010/8/15,1225.5
2010/8/16,1225.1
2010/8/17,1229.7
2010/8/18,1232.45
2010/8/19,1227.75
2010/8/20,1227.75
2010/8/21,1227.75
2010/8/22,1226.35
2010/8/23,1230.85
2010/8/24,1240.3
2010/8/25,1237.75
2010/8/26,1238.1
2010/8/27,1238.1
2010/8/28,1238.1
2010/8/29,1237.05
2010/8/30,1247.65
2010/8/31,1244.6
2010/9/1,1251.3
2010/9/2,1247.65
2010/9/3,1247.65
2010/9/4,1247.65
2010/9/5,1250.2
2010/9/6,1255.8
2010/9/7,1255.3
2010/9/8,1244.1
2010/9/9,1246.25
2010/9/10,1246.25
2010/9/11,1246.25
2010/9/12,1245.8
2010/9/13,1268.4
2010/9/14,1268.3
2010/9/15,1275.5
2010/9/16,1275.2
2010/9/17,1275.2
2010/9/18,1275.2
2010/9/19,1278.75
2010/9/20,1287.2
2010/9/21,1291.6
2010/9/22,1292.6
2010/9/23,1296.55
2010/9/24,1296.55
2010/9/25,1296.55
2010/9/26,1294.5
2010/9/27,1309.4
2010/9/28,1310.05
2010/9/29,1308.45
2010/9/30,1319.45
2010/10/1,1319.45
2010/10/2,1319.45
2010/10/3,1315.45
2010/10/4,1340.93
2010/10/5,1349.1
2010/10/6,1333.75
2010/10/7,1347.34
2010/10/8,1347.34
2010/10/9,1347.34
2010/10/10,1354.2
2010/10/11,1350.5
2010/10/12,1372.4
2010/10/13,1381.25
2010/10/14,1368.4
2010/10/15,1368.4
2010/10/16,1368.4
2010/10/17,1368.55
2010/10/18,1332.3
2010/10/19,1346.5
2010/10/20,1325.9
2010/10/21,1327.95
2010/10/22,1327.95
2010/10/23,1327.95
2010/10/24,1340.05
2010/10/25,1340.55
2010/10/26,1325.45
2010/10/27,1344.25
2010/10/28,1358.69
2010/10/29,1358.69
2010/10/30,1358.69
2010/10/31,1354.03
2010/11/1,1357.5
2010/11/2,1348.7
2010/11/3,1392.65
2010/11/4,1395.7
2010/11/5,1395.7
2010/11/6,1395.7
2010/11/7,1409.65
2010/11/8,1393.05
2010/11/9,1404.05
2010/11/10,1408.65
2010/11/11,1368.45
2010/11/12,1368.45
2010/11/13,1368.45
2010/11/14,1360.68
2010/11/15,1339.78
2010/11/16,1336.15
2010/11/17,1353.55
2010/11/18,1353.85
2010/11/19,1353.85
2010/11/20,1353.85
2010/11/21,1366.95
2010/11/22,1376.55
2010/11/23,1373.45
2010/11/24,1375
2010/11/25,1364.35
2010/11/26,1364.35
2010/11/27,1364.35
2010/11/28,1366.35
2010/11/29,1386.38
2010/11/30,1388.05
2010/12/1,1385.3
2010/12/2,1414.1
2010/12/3,1414.1
2010/12/4,1414.1
2010/12/5,1423.87
2010/12/6,1402.2
2010/12/7,1382.15
2010/12/8,1387.16
2010/12/9,1387.05
2010/12/10,1387.05
2010/12/11,1387.05
2010/12/12,1394.23
2010/12/13,1396.3
2010/12/14,1380.91
2010/12/15,1370.26
2010/12/16,1375.14
2010/12/17,1375.14
2010/12/18,1375.14
2010/12/19,1385.65
2010/12/20,1385.9
2010/12/21,1385.7
2010/12/22,1380.25
2010/12/23,1385.8
2010/12/24,1385.8
2010/12/25,1385.8
2010/12/26,1383.9
2010/12/27,1406.05
2010/12/28,1411.95
2010/12/29,1404.95
2010/12/30,1418.05
2010/12/31,1418.05
2011/1/1,1418.05
2011/1/2,1414.95
2011/1/3,1380.9
2011/1/4,1378.45
2011/1/5,1371.75
2011/1/6,1369.8
2011/1/7,1369.8
2011/1/8,1369.8
2011/1/9,1375.95
2011/1/10,1381.75
2011/1/11,1388.05
2011/1/12,1374
2011/1/13,1360.5
2011/1/14,1360.5
2011/1/15,1360.5
2011/1/16,1361.75
2011/1/17,1368.5
2011/1/18,1370.25
2011/1/19,1346.35
2011/1/20,1343.05
2011/1/21,1343.05
2011/1/22,1343.05
2011/1/23,1334.55
2011/1/24,1332.55
2011/1/25,1346.1
2011/1/26,1314.1
2011/1/27,1336.8
2011/1/28,1336.8
2011/1/29,1336.8
2011/1/30,1332.9
2011/1/31,1341.5
2011/2/1,1335.35
2011/2/2,1354.55
2011/2/3,1349.5
2011/2/4,1349.5
2011/2/5,1349.5
2011/2/6,1351.4
2011/2/7,1364
2011/2/8,1363.8
2011/2/9,1363.9
2011/2/10,1356.85
2011/2/11,1356.85
2011/2/12,1356.85
2011/2/13,1361.95
2011/2/14,1373.9
2011/2/15,1374.55
2011/2/16,1384.1
2011/2/17,1388.1
2011/2/18,1388.1
2011/2/19,1388.1
2011/2/20,1406.7
2011/2/21,1399.3
2011/2/22,1411.85
2011/2/23,1403.15
2011/2/24,1408.6
2011/2/25,1408.6
2011/2/26,1408.6
2011/2/27,1411.55
2011/2/28,1433.5
2011/3/1,1434.7
2011/3/2,1416.15
2011/3/3,1428.55
2011/3/4,1428.55
2011/3/5,1428.55
2011/3/6,1432.25
2011/3/7,1429.15
2011/3/8,1431
2011/3/9,1411.95
2011/3/10,1417.35
2011/3/11,1417.35
2011/3/12,1417.35
2011/3/13,1426.55
2011/3/14,1395.9
2011/3/15,1399.1
2011/3/16,1404
2011/3/17,1418.9
2011/3/18,1418.9
2011/3/19,1418.9
2011/3/20,1427.9
2011/3/21,1427.85
2011/3/22,1437.6
2011/3/23,1430.8
2011/3/24,1428.3
2011/3/25,1428.3
2011/3/26,1428.3
2011/3/27,1420.7
2011/3/28,1418.65
2011/3/29,1423.25
2011/3/30,1432.5
2011/3/31,1427.95
2011/4/1,1427.95
2011/4/2,1427.95
2011/4/3,1434.15
2011/4/4,1456.05
2011/4/5,1459.9
2011/4/6,1458.3
2011/4/7,1474
2011/4/8,1474
2011/4/9,1474
2011/4/10,1463.4
2011/4/11,1453.2
2011/4/12,1457.5
2011/4/13,1474.4
2011/4/14,1487.75
2011/4/15,1487.75
2011/4/16,1487.75
2011/4/17,1495.45
2011/4/18,1496.5
2011/4/19,1502.5
2011/4/20,1505.1
2011/4/21,1506.15
2011/4/22,1506.15
2011/4/23,1506.15
2011/4/24,1507.5
2011/4/25,1506.5
2011/4/26,1527.25
2011/4/27,1536.7
2011/4/28,1562.95
2011/4/29,1562.95
2011/4/30,1562.95
2011/5/1,1545.9
2011/5/2,1536.25
2011/5/3,1516.75
2011/5/4,1474.45
2011/5/5,1491.4
2011/5/6,1491.4
2011/5/7,1491.4
2011/5/8,1514.22
2011/5/9,1516.5
2011/5/10,1501.4
2011/5/11,1506.1
2011/5/12,1493.5
2011/5/13,1493.5
2011/5/14,1493.5
2011/5/15,1489.76
2011/5/16,1487.05
2011/5/17,1497.49
2011/5/18,1493.6
2011/5/19,1513.8
2011/5/20,1513.8
2011/5/21,1513.8
2011/5/22,1517.37
2011/5/23,1527
2011/5/24,1525.45
2011/5/25,1519.27
2011/5/26,1536.75
2011/5/27,1536.75
2011/5/28,1536.75
2011/5/29,1539.1
2011/5/30,1536.05
2011/5/31,1540.15
2011/6/1,1534.21
2011/6/2,1541.8
2011/6/3,1541.8
2011/6/4,1541.8
2011/6/5,1544.98
2011/6/6,1544.63
2011/6/7,1537.89
2011/6/8,1544.52
2011/6/9,1531.65
2011/6/10,1531.65
2011/6/11,1531.65
2011/6/12,1515.66
2011/6/13,1524.05
2011/6/14,1531.2
2011/6/15,1530.11
2011/6/16,1539.11
2011/6/17,1539.11
2011/6/18,1539.11
2011/6/19,1541
2011/6/20,1546.55
2011/6/21,1549.25
2011/6/22,1521.6
2011/6/23,1503.03
2011/6/24,1503.03
2011/6/25,1503.03
2011/6/26,1498.29
2011/6/27,1501.7
2011/6/28,1512.77
2011/6/29,1500.46
2011/6/30,1487.16
2011/7/1,1487.16
2011/7/2,1487.16
2011/7/3,1496.8
2011/7/4,1516.56
2011/7/5,1529.55
2011/7/6,1532.67
2011/7/7,1543.72
2011/7/8,1543.72
2011/7/9,1543.72
2011/7/10,1554.22
2011/7/11,1568.35
2011/7/12,1582.83
2011/7/13,1587.75
2011/7/14,1594.38
2011/7/15,1594.38
2011/7/16,1594.38
2011/7/17,1605.33
2011/7/18,1588.75
2011/7/19,1600.75
2011/7/20,1590.95
2011/7/21,1603
2011/7/22,1603
2011/7/23,1603
2011/7/24,1614.53
2011/7/25,1619.97
2011/7/26,1613.9
2011/7/27,1616.25
2011/7/28,1626.3
2011/7/29,1626.3
2011/7/30,1626.3
2011/7/31,1619.85
2011/8/1,1661.45
2011/8/2,1662.1
2011/8/3,1646.9
2011/8/4,1660.85
2011/8/5,1660.85
2011/8/6,1660.85
2011/8/7,1719.75
2011/8/8,1741.05
2011/8/9,1793.45
2011/8/10,1764.4
2011/8/11,1746.15
2011/8/12,1746.15
2011/8/13,1746.15
2011/8/14,1766.6
2011/8/15,1785.75
2011/8/16,1791.6
2011/8/17,1824.3
2011/8/18,1850.9
2011/8/19,1850.9
2011/8/20,1850.9
2011/8/21,1898.05
2011/8/22,1828.9
2011/8/23,1759.24
2011/8/24,1775.17
2011/8/25,1819.6
2011/8/26,1819.6
2011/8/27,1819.6
2011/8/28,1788.69
2011/8/29,1835.82
2011/8/30,1826.3
2011/8/31,1826.45
2011/9/1,1882.35
2011/9/2,1882.35
2011/9/3,1882.35
2011/9/4,1901.05
2011/9/5,1875.7
2011/9/6,1818.11
2011/9/7,1870.74
2011/9/8,1857.05
2011/9/9,1857.05
2011/9/10,1857.05
2011/9/11,1815.65
2011/9/12,1833.99
2011/9/13,1820.1
2011/9/14,1788.9
2011/9/15,1810.05
2011/9/16,1810.05
2011/9/17,1810.05
2011/9/18,1779.2
2011/9/19,1803.95
2011/9/20,1782.85
2011/9/21,1740.65
2011/9/22,1645.25
2011/9/23,1645.25
2011/9/24,1645.25
2011/9/25,1627.4
2011/9/26,1651.4
2011/9/27,1609.8
2011/9/28,1615.1
2011/9/29,1623.45
2011/9/30,1623.45
2011/10/1,1623.45
2011/10/2,1658.91
2011/10/3,1624.4
2011/10/4,1641.45
2011/10/5,1652.01
2011/10/6,1638.45
2011/10/7,1638.45
2011/10/8,1638.45
2011/10/9,1677.55
2011/10/10,1662.75
2011/10/11,1676.62
2011/10/12,1668.4
2011/10/13,1681.4
2011/10/14,1681.25
2011/10/15,1681.25
2011/10/16,1671.1
2011/10/17,1658.15
2011/10/18,1640.95
2011/10/19,1620.8
2011/10/20,1640.13
2011/10/21,1640.13
2011/10/22,1640.13
2011/10/23,1653.95
2011/10/24,1705.5
2011/10/25,1725.4
2011/10/26,1745.25
2011/10/27,1744.25
2011/10/28,1744.25
2011/10/29,1744.25
2011/10/30,1715.1
2011/10/31,1720.15
2011/11/1,1738.9
2011/11/2,1764.15
2011/11/3,1755.15
2011/11/4,1755.15
2011/11/5,1755.15
2011/11/6,1795.37
2011/11/7,1786.55
2011/11/8,1770.15
2011/11/9,1758.7
2011/11/10,1789.35
2011/11/11,1789.35
2011/11/12,1789.35
2011/11/13,1780.7
2011/11/14,1781.05
2011/11/15,1763.6
2011/11/16,1721.9
2011/11/17,1724.75
2011/11/18,1724.75
2011/11/19,1724.75
2011/11/20,1677.65
2011/11/21,1699.98
2011/11/22,1692.6
2011/11/23,1697.02
2011/11/24,1686.9
2011/11/25,1686.9
2011/11/26,1686.9
2011/11/27,1712.96
2011/11/28,1715.93
2011/11/29,1746.6
2011/11/30,1745.2
2011/12/1,1746.9
2011/12/2,1746.9
2011/12/3,1746.9
2011/12/4,1723.15
2011/12/5,1728.7
2011/12/6,1742.2
2011/12/7,1708.7
2011/12/8,1711.91
2011/12/9,1711.91
2011/12/10,1711.91
2011/12/11,1666.85
2011/12/12,1631.69
2011/12/13,1574.3
2011/12/14,1570.75
2011/12/15,1599.25
2011/12/16,1599.25
2011/12/17,1599.25
2011/12/18,1594.45
2011/12/19,1616.1
2011/12/20,1615.45
2011/12/21,1606.55
2011/12/22,1607.3
2011/12/23,1607.57
2011/12/24,1607.57
2011/12/25,1607.57
2011/12/26,1593.62
2011/12/27,1557.42
2011/12/28,1546.16
2011/12/29,1565.38
2011/12/30,1565.38
2011/12/31,1565.38
2012/1/1,1565.38
2012/1/2,1604.52
2012/1/3,1612.63
2012/1/4,1623.15
2012/1/5,1617.97
2012/1/6,1617.97
2012/1/7,1617.97
2012/1/8,1611.65
2012/1/9,1632.77
2012/1/10,1642.17
2012/1/11,1650.35
2012/1/12,1639.65
2012/1/13,1639.65
2012/1/14,1639.65
2012/1/15,1643.95
2012/1/16,1652.59
2012/1/17,1660.27
2012/1/18,1659.19
2012/1/19,1666.94
2012/1/20,1666.94
2012/1/21,1666.94
2012/1/22,1677.09
2012/1/23,1665.8
2012/1/24,1710.75
2012/1/25,1723.55
2012/1/26,1739.29
2012/1/27,1739.29
2012/1/28,1739.29
2012/1/29,1730.18
2012/1/30,1738.18
2012/1/31,1744.25
2012/2/1,1759.9
2012/2/2,1726.56
2012/2/3,1726.56
2012/2/4,1726.56
2012/2/5,1720.61
2012/2/6,1745.72
2012/2/7,1733.58
2012/2/8,1729.9
2012/2/9,1722.05
2012/2/10,1722.05
2012/2/11,1722.05
2012/2/12,1722.5
2012/2/13,1720.45
2012/2/14,1728.4
2012/2/15,1728.3
2012/2/16,1723.79
2012/2/17,1723.79
2012/2/18,1723.79
2012/2/19,1735.9
2012/2/20,1759.45
2012/2/21,1776.45
2012/2/22,1781
2012/2/23,1772.7
2012/2/24,1772.7
2012/2/25,1772.7
2012/2/26,1767.9
2012/2/27,1784.45
2012/2/28,1697.15
2012/2/29,1718.55
2012/3/1,1712.85
2012/3/2,1712.85
2012/3/3,1712.85
2012/3/4,1706.65
2012/3/5,1674.55
2012/3/6,1685.2
2012/3/7,1700.1
2012/3/8,1714.45
2012/3/9,1714.45
2012/3/10,1714.45
2012/3/11,1701.55
2012/3/12,1674.45
2012/3/13,1645.05
2012/3/14,1658.95
2012/3/15,1660.29
2012/3/16,1660.29
2012/3/17,1660.29
2012/3/18,1664.75
2012/3/19,1651
2012/3/20,1650.95
2012/3/21,1646.2
2012/3/22,1662.25
2012/3/23,1662.25
2012/3/24,1662.25
2012/3/25,1690.4
2012/3/26,1680.9
2012/3/27,1663.95
2012/3/28,1661.85
2012/3/29,1668.7
2012/3/30,1668.7
2012/3/31,1668.7
2012/4/1,1678.05
2012/4/2,1646.45
2012/4/3,1620.95
2012/4/4,1631.5
2012/4/5,1643.15
2012/4/6,1643.15
2012/4/7,1643.15
2012/4/8,1640.6
2012/4/9,1660.15
2012/4/10,1659.3
2012/4/11,1676
2012/4/12,1658.82
2012/4/13,1658.82
2012/4/14,1658.82
2012/4/15,1652.2
2012/4/16,1649.8
2012/4/17,1642.5
2012/4/18,1643.2
2012/4/19,1643.45
2012/4/20,1643.45
2012/4/21,1643.45
2012/4/22,1639.2
2012/4/23,1642.45
2012/4/24,1643.9
2012/4/25,1657.7
2012/4/26,1663.2
2012/4/27,1663.2
2012/4/28,1663.2
2012/4/29,1665.1
2012/4/30,1662.65
2012/5/1,1653.75
2012/5/2,1636.2
2012/5/3,1642.45
2012/5/4,1642.6
2012/5/5,1642.6
2012/5/6,1638.75
2012/5/7,1605.7
2012/5/8,1589.8
2012/5/9,1594.25
2012/5/10,1579.7
2012/5/11,1579.7
2012/5/12,1579.7
2012/5/13,1556.85
2012/5/14,1544.45
2012/5/15,1539.85
2012/5/16,1574.54
2012/5/17,1593.6
2012/5/18,1593.6
2012/5/19,1593.6
2012/5/20,1593.4
2012/5/21,1568.8
2012/5/22,1561.7
2012/5/23,1559.35
2012/5/24,1573.25
2012/5/25,1573.25
2012/5/26,1573.25
2012/5/27,1578.9
2012/5/28,1555.25
2012/5/29,1563.7
2012/5/30,1560.7
2012/5/31,1623.05
2012/6/1,1623.05
2012/6/2,1623.05
2012/6/3,1619.2
2012/6/4,1617.3
2012/6/5,1619.55
2012/6/6,1589.55
2012/6/7,1593.85
2012/6/8,1593.85
2012/6/9,1593.85
2012/6/10,1596.95
2012/6/11,1610.05
2012/6/12,1617.3
2012/6/13,1623.95
2012/6/14,1627.6
2012/6/15,1627.6
2012/6/16,1627.6
2012/6/17,1628.35
2012/6/18,1618.65
2012/6/19,1607.7
2012/6/20,1566.65
2012/6/21,1572.7
2012/6/22,1572.7
2012/6/23,1572.7
2012/6/24,1584.8
2012/6/25,1573.15
2012/6/26,1574.35
2012/6/27,1552.95
2012/6/28,1597.55
2012/6/29,1597.55
2012/6/30,1597.55
2012/7/1,1597.3
2012/7/2,1617.55
2012/7/3,1615.2
2012/7/4,1604.85
2012/7/5,1584.15
2012/7/6,1584.15
2012/7/7,1584.15
2012/7/8,1587.85
2012/7/9,1567.5
2012/7/10,1576.65
2012/7/11,1572.4
2012/7/12,1590.05
2012/7/13,1590.05
2012/7/14,1590.05
2012/7/15,1581.05
2012/7/16,1583.75
2012/7/17,1573.8
2012/7/18,1581.6
2012/7/19,1584.7
2012/7/20,1584.7
2012/7/21,1584.7
2012/7/22,1577.05
2012/7/23,1581
2012/7/24,1604.7
2012/7/25,1615.9
2012/7/26,1623.75
2012/7/27,1623.75
2012/7/28,1623.75
2012/7/29,1622.372
2012/7/30,1614.6
2012/7/31,1600
2012/8/1,1588.85
2012/8/2,1603.8
2012/8/3,1603.8
2012/8/4,1603.8
2012/8/5,1610.85
2012/8/6,1612.55
2012/8/7,1612.4
2012/8/8,1617.55
2012/8/9,1620.6
2012/8/10,1620.6
2012/8/11,1620.6
2012/8/12,1610.05
2012/8/13,1599.3
2012/8/14,1603.3
2012/8/15,1615.25
2012/8/16,1616.35
2012/8/17,1616.35
2012/8/18,1616.35
2012/8/19,1620.75
2012/8/20,1638.05
2012/8/21,1654.78
2012/8/22,1670.8
2012/8/23,1671
2012/8/24,1671
2012/8/25,1671
2012/8/26,1664.3
2012/8/27,1667.15
2012/8/28,1656.75
2012/8/29,1655.8
2012/8/30,1692.3
2012/8/31,1692.3
2012/9/1,1692.3
2012/9/2,1693.2
2012/9/3,1696.25
2012/9/4,1693.25
2012/9/5,1700.8
2012/9/6,1736.3
2012/9/7,1736.3
2012/9/8,1736.3
2012/9/9,1726.45
2012/9/10,1732.25
2012/9/11,1730.95
2012/9/12,1767.15
2012/9/13,1770.8
2012/9/14,1770.8
2012/9/15,1770.8
2012/9/16,1761.65
2012/9/17,1772.2
2012/9/18,1770.65
2012/9/19,1768.7
2012/9/20,1773.55
2012/9/21,1773.55
2012/9/22,1773.55
2012/9/23,1764.65
2012/9/24,1760.95
2012/9/25,1753.05
2012/9/26,1777.45
2012/9/27,1772.55
2012/9/28,1772.55
2012/9/29,1772.55
2012/9/30,1775.848
2012/10/1,1774.7
2012/10/2,1778.3
2012/10/3,1790.7
2012/10/4,1781.15
2012/10/5,1781.15
2012/10/6,1781.15
2012/10/7,1775.15
2012/10/8,1764.45
2012/10/9,1762.55
2012/10/10,1767.45
2012/10/11,1754.45
2012/10/12,1754.45
2012/10/13,1754.45
2012/10/14,1737.75
2012/10/15,1747.97
2012/10/16,1750.5
2012/10/17,1741.75
2012/10/18,1722.03
2012/10/19,1722.03
2012/10/20,1722.03
2012/10/21,1728.97
2012/10/22,1708.08
2012/10/23,1702.33
2012/10/24,1712.37
2012/10/25,1711.89
2012/10/26,1711.89
2012/10/27,1711.89
2012/10/28,1709.8
2012/10/29,1710
2012/10/30,1721.09
2012/10/31,1714.7
2012/11/1,1678.46
2012/11/2,1678.46
2012/11/3,1678.46
2012/11/4,1685.32
2012/11/5,1716.26
2012/11/6,1718.05
2012/11/7,1731.7
2012/11/8,1731.38
2012/11/9,1731.38
2012/11/10,1731.38
2012/11/11,1728.73
2012/11/12,1725.36
2012/11/13,1727.06
2012/11/14,1716.25
2012/11/15,1714.15
2012/11/16,1714.15
2012/11/17,1714.15
2012/11/18,1732.11
2012/11/19,1727.4
2012/11/20,1729.12
2012/11/21,1730.5
2012/11/22,1751.9
2012/11/23,1751.9
2012/11/24,1751.9
2012/11/25,1749.08
2012/11/26,1742.48
2012/11/27,1720.23
2012/11/28,1726.35
2012/11/29,1715.28
2012/11/30,1715.28
2012/12/1,1715.28
2012/12/2,1716.49
2012/12/3,1697.93
2012/12/4,1694.35
2012/12/5,1700.28
2012/12/6,1704.55
2012/12/7,1704.55
2012/12/8,1704.55
2012/12/9,1713.2
2012/12/10,1710.36
2012/12/11,1712.05
2012/12/12,1697.61
2012/12/13,1696.12
2012/12/14,1696.12
2012/12/15,1696.12
2012/12/16,1698.51
2012/12/17,1671.75
2012/12/18,1667.65
2012/12/19,1648.25
2012/12/20,1657.801
2012/12/21,1657.801
2012/12/22,1657.801
2012/12/23,1660.11
2012/12/24,1660.11
2012/12/25,1659.87
2012/12/26,1664.58
2012/12/27,1656.45
2012/12/28,1656.45
2012/12/29,1656.45
2012/12/30,1663.23
2012/12/31,1663.23
2013/1/1,1687.12
2013/1/2,1664.08
2013/1/3,1656.48
2013/1/4,1656.48
2013/1/5,1656.48
2013/1/6,1647.39
2013/1/7,1659.6
2013/1/8,1658.18
2013/1/9,1675.7
2013/1/10,1663.33
2013/1/11,1663.33
2013/1/12,1663.33
2013/1/13,1668.21
2013/1/14,1679.83
2013/1/15,1680.33
2013/1/16,1688.13
2013/1/17,1684.58
2013/1/18,1684.58
2013/1/19,1684.58
2013/1/20,1691
2013/1/21,1693
2013/1/22,1686.22
2013/1/23,1668.38
2013/1/24,1659.18
2013/1/25,1659.18
2013/1/26,1659.18
2013/1/27,1656
2013/1/28,1664.14
2013/1/29,1677.35
2013/1/30,1664.05
2013/1/31,1667.2
2013/2/1,1667.2
2013/2/2,1667.2
2013/2/3,1674.5
2013/2/4,1673.1
2013/2/5,1677.85
2013/2/6,1671.75
2013/2/7,1667.56
2013/2/8,1667.56
2013/2/9,1667.56
2013/2/10,1648.32
2013/2/11,1651.4
2013/2/12,1642.75
2013/2/13,1635.05
2013/2/14,1610.35
2013/2/15,1610.35
2013/2/16,1610.35
2013/2/17,1609.75
2013/2/18,1605.35
2013/2/19,1564.75
2013/2/20,1576.45
2013/2/21,1582.28
2013/2/22,1582.28
2013/2/23,1582.28
2013/2/24,1593.55
2013/2/25,1613.85
2013/2/26,1597.55
2013/2/27,1579.85
2013/2/28,1576.68
2013/3/1,1576.68
2013/3/2,1576.68
2013/3/3,1574.18
2013/3/4,1575.35
2013/3/5,1584.1
2013/3/6,1579.05
2013/3/7,1579.28
2013/3/8,1579.28
2013/3/9,1579.28
2013/3/10,1581.85
2013/3/11,1593.05
2013/3/12,1588.15
2013/3/13,1590.3
2013/3/14,1592.44
2013/3/15,1592.44
2013/3/16,1592.44
2013/3/17,1605.82
2013/3/18,1613
2013/3/19,1607.19
2013/3/20,1614.85
2013/3/21,1608.99
2013/3/22,1608.99
2013/3/23,1608.99
2013/3/24,1605.3
2013/3/25,1600.1
2013/3/26,1605.4
2013/3/27,1597.13
2013/3/28,1597.13
2013/3/29,1597.13
2013/3/30,1597.13
2013/3/31,1599.95
2013/4/1,1575.98
2013/4/2,1558.04
2013/4/3,1554.82
2013/4/4,1581.42
2013/4/5,1581.42
2013/4/6,1581.42
2013/4/7,1573.7
2013/4/8,1585.57
2013/4/9,1558.61
2013/4/10,1561.5
2013/4/11,1483.56
2013/4/12,1483.56
2013/4/13,1483.56
2013/4/14,1348.3
2013/4/15,1367.95
2013/4/16,1376.75
2013/4/17,1390.69
2013/4/18,1404.1
2013/4/19,1404.1
2013/4/20,1404.1
2013/4/21,1426.8
2013/4/22,1413.3
2013/4/23,1431.85
2013/4/24,1467.7
2013/4/25,1461.91
2013/4/26,1461.91
2013/4/27,1461.91
2013/4/28,1475.55
2013/4/29,1476.85
2013/4/30,1457.76
2013/5/1,1467.44
2013/5/2,1470.95
2013/5/3,1470.95
2013/5/4,1470.95
2013/5/5,1469.68
2013/5/6,1452.87
2013/5/7,1474.08
2013/5/8,1457.98
2013/5/9,1448.2
2013/5/10,1448.2
2013/5/11,1448.2
2013/5/12,1430.95
2013/5/13,1425.75
2013/5/14,1393.3
2013/5/15,1386.69
2013/5/16,1359.67
2013/5/17,1359.67
2013/5/18,1359.67
2013/5/19,1393.93
2013/5/20,1376.6
2013/5/21,1370.03
2013/5/22,1391.25
2013/5/23,1386.73
2013/5/24,1386.73
2013/5/25,1386.73
2013/5/26,1395.35
2013/5/27,1381.55
2013/5/28,1393.15
2013/5/29,1414.62
2013/5/30,1388.31
2013/5/31,1388.31
2013/6/1,1388.31
2013/6/2,1411.78
2013/6/3,1399.77
2013/6/4,1403.67
2013/6/5,1414.34
2013/6/6,1383.36
2013/6/7,1383.36
2013/6/8,1383.36
2013/6/9,1386.95
2013/6/10,1378.66
2013/6/11,1389.37
2013/6/12,1386.55
2013/6/13,1391.05
2013/6/14,1391.05
2013/6/15,1391.05
2013/6/16,1385.65
2013/6/17,1368.05
2013/6/18,1351.8
2013/6/19,1285.21
2013/6/20,1297.05
2013/6/21,1297.05
2013/6/22,1297.05
2013/6/23,1282.74
2013/6/24,1278.12
2013/6/25,1226.87
2013/6/26,1201.19
2013/6/27,1234.83
2013/6/28,1234.83
2013/6/29,1234.83
2013/6/30,1253.05
2013/7/1,1243.99
2013/7/2,1253.19
2013/7/3,1251.25
2013/7/4,1223.85
2013/7/5,1223.85
2013/7/6,1223.85
2013/7/7,1237.43
2013/7/8,1251.82
2013/7/9,1260.29
2013/7/10,1286.41
2013/7/11,1285.93
2013/7/12,1285.93
2013/7/13,1285.93
2013/7/14,1285.23
2013/7/15,1292.59
2013/7/16,1276.38
2013/7/17,1284.5
2013/7/18,1296.37
2013/7/19,1296.37
2013/7/20,1296.37
2013/7/21,1336.17
2013/7/22,1345.55
2013/7/23,1322.74
2013/7/24,1334.15
2013/7/25,1333.68
2013/7/26,1333.68
2013/7/27,1333.68
2013/7/28,1329.86
2013/7/29,1326.81
2013/7/30,1325.47
2013/7/31,1310.66
2013/8/1,1312.83
2013/8/2,1312.83
2013/8/3,1312.83
2013/8/4,1303.51
2013/8/5,1283.59
2013/8/6,1288.01
2013/8/7,1313.52
2013/8/8,1314.89
2013/8/9,1314.89
2013/8/10,1314.89
2013/8/11,1338.88
2013/8/12,1322.25
2013/8/13,1336.42
2013/8/14,1366.67
2013/8/15,1376.86
2013/8/16,1376.86
2013/8/17,1376.86
2013/8/18,1366.33
2013/8/19,1371.55
2013/8/20,1367.08
2013/8/21,1376.46
2013/8/22,1398.2
2013/8/23,1398.2
2013/8/24,1398.2
2013/8/25,1404.92
2013/8/26,1415.44
2013/8/27,1417.95
2013/8/28,1408.15
2013/8/29,1395.79
2013/8/30,1395.79
2013/8/31,1395.79
2013/9/1,1392.58
2013/9/2,1412.84
2013/9/3,1392.11
2013/9/4,1367.92
2013/9/5,1392.34
2013/9/6,1392.34
2013/9/7,1392.34
2013/9/8,1387.36
2013/9/9,1364.15
2013/9/10,1365.5
2013/9/11,1321.97
2013/9/12,1326.54
2013/9/13,1326.54
2013/9/14,1326.54
2013/9/15,1313.26
2013/9/16,1311.04
2013/9/17,1364.41
2013/9/18,1366.73
2013/9/19,1325.88
2013/9/20,1325.88
2013/9/21,1325.88
2013/9/22,1323.06
2013/9/23,1323.77
2013/9/24,1334.6
2013/9/25,1324.5
2013/9/26,1337.17
2013/9/27,1337.17
2013/9/28,1337.17
2013/9/29,1329.46
2013/9/30,1288.2
2013/10/1,1316.46
2013/10/2,1317.24
2013/10/3,1311.13
2013/10/4,1311.13
2013/10/5,1311.13
2013/10/6,1323.54
2013/10/7,1319.66
2013/10/8,1306.21
2013/10/9,1288.15
2013/10/10,1272.57
2013/10/11,1272.57
2013/10/12,1272.57
2013/10/13,1272.68
2013/10/14,1282.55
2013/10/15,1282.99
2013/10/16,1320.89
2013/10/17,1316.65
2013/10/18,1316.65
2013/10/19,1316.65
2013/10/20,1316.31
2013/10/21,1340.4
2013/10/22,1333.74
2013/10/23,1347.03
2013/10/24,1351.02
2013/10/25,1351.02
2013/10/26,1351.02
2013/10/27,1352.98
2013/10/28,1345.41
2013/10/29,1344.84
2013/10/30,1323.22
2013/10/31,1316.5
2013/11/1,1316.5
2013/11/2,1316.5
2013/11/3,1314.94
2013/11/4,1312.31
2013/11/5,1318.12
2013/11/6,1307.88
2013/11/7,1288.97
2013/11/8,1288.97
2013/11/9,1288.97
2013/11/10,1283.2
2013/11/11,1268.36
2013/11/12,1282.11
2013/11/13,1287.51
2013/11/14,1290.69
2013/11/15,1290.69
2013/11/16,1290.69
2013/11/17,1275.72
2013/11/18,1275.91
2013/11/19,1244.59
2013/11/20,1243.38
2013/11/21,1244.1
2013/11/22,1244.1
2013/11/23,1244.1
2013/11/24,1251.71
2013/11/25,1243.19
2013/11/26,1238.26
2013/11/27,1247.28
2013/11/28,1254.78
2013/11/29,1254.78
2013/11/30,1254.78
2013/12/1,1220.12
2013/12/2,1223.75
2013/12/3,1243.92
2013/12/4,1225.47
2013/12/5,1229.59
2013/12/6,1229.59
2013/12/7,1229.59
2013/12/8,1240.66
2013/12/9,1262.46
2013/12/10,1252.57
2013/12/11,1225.8
2013/12/12,1239.19
2013/12/13,1239.19
2013/12/14,1239.19
2013/12/15,1241.62
2013/12/16,1231.37
2013/12/17,1218.73
2013/12/18,1188.95
2013/12/19,1203.6
2013/12/20,1203.6
2013/12/21,1203.6
2013/12/22,1199.09
2013/12/23,1203.56
2013/12/24,1203.56
2013/12/25,1211.03
2013/12/26,1213.53
2013/12/27,1213.53
2013/12/28,1213.53
2013/12/29,1196.85
2013/12/30,1206.81
2013/12/31,1206.81
2014/1/1,1224.65
2014/1/2,1237.11
2014/1/3,1237.11
2014/1/4,1237.11
2014/1/5,1238.25
2014/1/6,1232.44
2014/1/7,1226.26
2014/1/8,1228.3
2014/1/9,1248.62
2014/1/10,1248.62
2014/1/11,1248.62
2014/1/12,1253.51
2014/1/13,1245.54
2014/1/14,1242.27
2014/1/15,1242.66
2014/1/16,1254.42
2014/1/17,1254.42
2014/1/18,1254.42
2014/1/19,1255.01
2014/1/20,1241.76
2014/1/21,1237.39
2014/1/22,1264.27
2014/1/23,1270.48
2014/1/24,1270.48
2014/1/25,1270.48
2014/1/26,1257.24
2014/1/27,1257.41
2014/1/28,1267.78
2014/1/29,1244.09
2014/1/30,1244.73
2014/1/31,1244.73
2014/2/1,1244.73
2014/2/2,1257.87
2014/2/3,1255.05
2014/2/4,1258.32
2014/2/5,1258.55
2014/2/6,1267.74
2014/2/7,1267.74
2014/2/8,1267.74
2014/2/9,1275.06
2014/2/10,1291.63
2014/2/11,1291.43
2014/2/12,1303.26
2014/2/13,1319.06
2014/2/14,1319.06
2014/2/15,1319.06
2014/2/16,1329.22
2014/2/17,1322.34
2014/2/18,1311.83
2014/2/19,1323.45
2014/2/20,1324.62
2014/2/21,1324.62
2014/2/22,1324.62
2014/2/23,1337.24
2014/2/24,1340.95
2014/2/25,1330.94
2014/2/26,1331.71
2014/2/27,1326.8
2014/2/28,1326.8
2014/3/1,1326.8
2014/3/2,1350.88
2014/3/3,1334.84
2014/3/4,1337.12
2014/3/5,1351.09
2014/3/6,1340.39
2014/3/7,1340.39
2014/3/8,1340.39
2014/3/9,1340.04
2014/3/10,1349.27
2014/3/11,1367.16
2014/3/12,1370.7
2014/3/13,1383.74
2014/3/14,1383.74
2014/3/15,1383.74
2014/3/16,1367.31
2014/3/17,1356.02
2014/3/18,1330.01
2014/3/19,1328.16
2014/3/20,1334.75
2014/3/21,1334.75
2014/3/22,1334.75
2014/3/23,1309.13
2014/3/24,1311.46
2014/3/25,1304.74
2014/3/26,1291.63
2014/3/27,1295.74
2014/3/28,1295.74
2014/3/29,1295.74
2014/3/30,1284.3
2014/3/31,1279.34
2014/4/1,1290.15
2014/4/2,1287.03
2014/4/3,1303.65
2014/4/4,1303.65
2014/4/5,1303.65
2014/4/6,1297.65
2014/4/7,1309
2014/4/8,1312.13
2014/4/9,1319.23
2014/4/10,1318.74
2014/4/11,1318.74
2014/4/12,1318.74
2014/4/13,1328.25
2014/4/14,1302.95
2014/4/15,1302.79
2014/4/16,1295.53
2014/4/17,1300.15
2014/4/18,1300.15
2014/4/19,1300.15
2014/4/20,1290.12
2014/4/21,1284.1
2014/4/22,1284.2
2014/4/23,1293.66
2014/4/24,1303.65
2014/4/25,1303.65
2014/4/26,1303.65
2014/4/27,1297.04
2014/4/28,1296.2
2014/4/29,1291.81
2014/4/30,1284.68
2014/5/1,1299.84
2014/5/2,1299.84
2014/5/3,1299.84
2014/5/4,1310.52
2014/5/5,1308.38
2014/5/6,1290.07
2014/5/7,1289.75
2014/5/8,1289.18
2014/5/9,1289.18
2014/5/10,1289.18
2014/5/11,1296.07
2014/5/12,1293.93
2014/5/13,1306.22
2014/5/14,1296.54
2014/5/15,1293.82
2014/5/16,1293.82
2014/5/17,1293.82
2014/5/18,1293.42
2014/5/19,1294.63
2014/5/20,1292.34
2014/5/21,1294.42
2014/5/22,1292.98
2014/5/23,1292.98
2014/5/24,1292.98
2014/5/25,1293.13
2014/5/26,1265.19
2014/5/27,1258.57
2014/5/28,1256.01
2014/5/29,1250.03
2014/5/30,1250.03
2014/5/31,1250.03
2014/6/1,1244.3
2014/6/2,1245.44
2014/6/3,1244.17
2014/6/4,1254
2014/6/5,1253.45
2014/6/6,1253.45
2014/6/7,1253.45
2014/6/8,1252.77
2014/6/9,1260.2
2014/6/10,1261.34
2014/6/11,1273.71
2014/6/12,1277.44
2014/6/13,1277.44
2014/6/14,1277.44
2014/6/15,1272.3
2014/6/16,1270.99
2014/6/17,1278.07
2014/6/18,1320.68
2014/6/19,1314.96
2014/6/20,1314.96
2014/6/21,1314.85
2014/6/22,1317.78
2014/6/23,1318.64
2014/6/24,1319.53
2014/6/25,1316.94
2014/6/26,1316.34
2014/6/27,1316.34
2014/6/28,1316.34
2014/6/29,1327.57
2014/6/30,1326.73
2014/7/1,1327.2
2014/7/2,1319.96
2014/7/3,1321.02
2014/7/4,1321.02
2014/7/5,1321.02
2014/7/6,1320.21
2014/7/7,1319.65
2014/7/8,1328.08
2014/7/9,1336.08
2014/7/10,1338.8
2014/7/11,1338.8
2014/7/12,1338.8
2014/7/13,1307.63
2014/7/14,1294.4
2014/7/15,1299.41
2014/7/16,1319.53
2014/7/17,1310.98
2014/7/18,1310.98
2014/7/19,1310.98
2014/7/20,1312.73
2014/7/21,1306.72
2014/7/22,1304.94
2014/7/23,1293.99
2014/7/24,1307.82
2014/7/25,1307.82
2014/7/26,1307.82
2014/7/27,1304.39
2014/7/28,1299.45
2014/7/29,1296.57
2014/7/30,1282.92
2014/7/31,1294.16
2014/8/1,1294.16
2014/8/2,1294.16
2014/8/3,1288.54
2014/8/4,1289.05
2014/8/5,1306.22
2014/8/6,1312.77
2014/8/7,1310.11
2014/8/8,1310.11
2014/8/9,1310.11
2014/8/10,1308.81
2014/8/11,1309.75
2014/8/12,1313.33
2014/8/13,1313.8
2014/8/14,1304.97
2014/8/15,1304.97
2014/8/16,1304.97
2014/8/17,1298.67
2014/8/18,1296.04
2014/8/19,1292.23
2014/8/20,1277.06
2014/8/21,1281.26
2014/8/22,1281.26
2014/8/23,1281.26
2014/8/24,1277.12
2014/8/25,1281.4
2014/8/26,1282.93
2014/8/27,1289.82
2014/8/28,1287.61
2014/8/29,1287.61
2014/8/30,1287.61
2014/8/31,1286.95
2014/9/1,1265.62
2014/9/2,1269.67
2014/9/3,1262.25
2014/9/4,1269.13
2014/9/5,1269.13
2014/9/6,1269.13
2014/9/7,1255.71
2014/9/8,1255.76
2014/9/9,1250.1
2014/9/10,1241.22
2014/9/11,1229.85
2014/9/12,1229.85
2014/9/13,1229.85
2014/9/14,1233.56
2014/9/15,1235.87
2014/9/16,1223.78
2014/9/17,1225.35
2014/9/18,1216.31
2014/9/19,1216.31
2014/9/20,1216.31
2014/9/21,1215.37
2014/9/22,1223.73
2014/9/23,1217.42
2014/9/24,1221.86
2014/9/25,1218.61
2014/9/26,1218.61
2014/9/27,1218.61
2014/9/28,1216.13
2014/9/29,1208.54
2014/9/30,1214.12
2014/10/1,1214.91
2014/10/2,1191.89
2014/10/3,1191.89
2014/10/4,1191.89
2014/10/5,1207.57
2014/10/6,1209.3
2014/10/7,1221.48
2014/10/8,1224.59
2014/10/9,1223.58
2014/10/10,1223.58
2014/10/11,1223.58
2014/10/12,1236.16
2014/10/13,1232.99
2014/10/14,1242.39
2014/10/15,1239.12
2014/10/16,1238.57
2014/10/17,1238.57
2014/10/18,1238.57
2014/10/19,1247.19
2014/10/20,1248.99
2014/10/21,1241.6
2014/10/22,1232.15
2014/10/23,1231.35
2014/10/24,1231.35
2014/10/25,1231.35
2014/10/26,1226.83
2014/10/27,1228.82
2014/10/28,1212.56
2014/10/29,1199.13
2014/10/30,1173.35
2014/10/31,1173.35
2014/11/1,1173.35
2014/11/2,1165.82
2014/11/3,1168.7
2014/11/4,1140.87
2014/11/5,1142.18
2014/11/6,1178.06
2014/11/7,1178.06
2014/11/8,1178.06
2014/11/9,1151.74
2014/11/10,1164.63
2014/11/11,1162.93
2014/11/12,1162.85
2014/11/13,1189.1
2014/11/14,1189.1
2014/11/15,1189.1
2014/11/16,1186.92
2014/11/17,1197.43
2014/11/18,1183.02
2014/11/19,1194.1
2014/11/20,1201.81
2014/11/21,1201.81
2014/11/22,1201.81
2014/11/23,1197.41
2014/11/24,1201.29
2014/11/25,1198.25
2014/11/26,1189.4
2014/11/27,1169.14
2014/11/28,1169.14
2014/11/29,1169.14
2014/11/30,1212.36
2014/12/1,1198.74
2014/12/2,1209.78
2014/12/3,1205.61
2014/12/4,1192.53
2014/12/5,1192.53
2014/12/6,1192.53
2014/12/7,1203.85
2014/12/8,1231.61
2014/12/9,1226.75
2014/12/10,1228.37
2014/12/11,1223.15
2014/12/12,1223.15
2014/12/13,1223.15
2014/12/14,1193.49
2014/12/15,1197.83
2014/12/16,1189.8
2014/12/17,1198.54
2014/12/18,1196.87
2014/12/19,1196.87
2014/12/20,1196.87
2014/12/21,1177.04
2014/12/22,1176.75
2014/12/23,1177.05
2014/12/24,1177.05
2014/12/25,1198.02
2014/12/26,1198.02
2014/12/27,1198.02
2014/12/28,1184.03
2014/12/29,1200.78
2014/12/30,1182.85
2014/12/31,1182.85
2015/1/1,1190.62
2015/1/2,1190.62
2015/1/3,1190.62
2015/1/4,1205.63
2015/1/5,1219.13
2015/1/6,1211.66
2015/1/7,1209.4
2015/1/8,1223.21
2015/1/9,1223.21
2015/1/10,1223.21
2015/1/11,1234.34
2015/1/12,1231.32
2015/1/13,1229.28
2015/1/14,1263.5
2015/1/15,1280.86
2015/1/16,1280.86
2015/1/17,1280.86
2015/1/18,1279.97
2015/1/19,1295.41
2015/1/20,1294.12
2015/1/21,1301.83
2015/1/22,1294.63
2015/1/23,1294.63
2015/1/24,1294.63
2015/1/25,1282.08
2015/1/26,1292.93
2015/1/27,1285.62
2015/1/28,1257.7
2015/1/29,1284.69
2015/1/30,1284.69
2015/1/31,1284.69
2015/2/1,1274.71
2015/2/2,1261.2
2015/2/3,1269.79
2015/2/4,1265.24
2015/2/5,1234.53
2015/2/6,1234.53
2015/2/7,1234.53
2015/2/8,1239.5
2015/2/9,1233.87
2015/2/10,1218.62
2015/2/11,1222.31
2015/2/12,1230.1
2015/2/13,1230.1
2015/2/14,1230.1
2015/2/15,1232.9
2015/2/16,1210.1
2015/2/17,1213.07
2015/2/18,1207.44
2015/2/19,1202.84
2015/2/20,1202.84
2015/2/21,1202.84
2015/2/22,1202.02
2015/2/23,1200.77
2015/2/24,1205.36
2015/2/25,1209.72
2015/2/26,1213.5
2015/2/27,1213.5
2015/2/28,1213.5
2015/3/1,1207.1
2015/3/2,1203.98
2015/3/3,1200.63
2015/3/4,1198.69
2015/3/5,1168.05
2015/3/6,1168.05
2015/3/7,1168.05
2015/3/8,1167.54
2015/3/9,1162.14
2015/3/10,1155.69
2015/3/11,1154.05
2015/3/12,1158.04
2015/3/13,1158.04
2015/3/14,1158.04
2015/3/15,1155.11
2015/3/16,1149.82
2015/3/17,1168.26
2015/3/18,1171.47
2015/3/19,1182.85
2015/3/20,1182.85
2015/3/21,1182.85
2015/3/22,1189.98
2015/3/23,1193.58
2015/3/24,1195.69
2015/3/25,1205.14
2015/3/26,1199.13
2015/3/27,1199.13
2015/3/28,1199.13
2015/3/29,1186.48
2015/3/30,1183.83
2015/3/31,1204.39
2015/4/1,1202.9
2015/4/2,1211.12
2015/4/3,1211.12
2015/4/4,1211.12
2015/4/5,1215.23
2015/4/6,1209.54
2015/4/7,1202.84
2015/4/8,1195.17
2015/4/9,1207.76
2015/4/10,1207.76
2015/4/11,1207.76
2015/4/12,1198.97
2015/4/13,1193.15
2015/4/14,1202.93
2015/4/15,1198.85
2015/4/16,1204.53
2015/4/17,1204.53
2015/4/18,1204.53
2015/4/19,1196.27
2015/4/20,1203.09
2015/4/21,1187.27
2015/4/22,1194.29
2015/4/23,1179.81
2015/4/24,1179.81
2015/4/25,1179.81
2015/4/26,1202.4
2015/4/27,1212.53
2015/4/28,1205.01
2015/4/29,1184.67
2015/4/30,1178.72
2015/5/1,1178.72
2015/5/2,1178.72
2015/5/3,1188.69
2015/5/4,1193.67
2015/5/5,1192.54
2015/5/6,1184.74
2015/5/7,1188.87
2015/5/8,1188.87
2015/5/9,1188.87
2015/5/10,1184.37
2015/5/11,1194.38
2015/5/12,1216.09
2015/5/13,1221.49
2015/5/14,1224.46
2015/5/15,1224.46
2015/5/16,1224.46
2015/5/17,1225.8
2015/5/18,1208.1
2015/5/19,1210.08
2015/5/20,1206.65
2015/5/21,1206.61
2015/5/22,1206.61
2015/5/23,1206.61
2015/5/24,1207.69
2015/5/25,1187.62
2015/5/26,1188.25
2015/5/27,1188.77
2015/5/28,1190.63
2015/5/29,1190.63
2015/5/30,1190.63
2015/5/31,1189.63
2015/6/1,1193.39
2015/6/2,1185.45
2015/6/3,1177.17
2015/6/4,1172.52
2015/6/5,1172.52
2015/6/6,1172.52
2015/6/7,1174.44
2015/6/8,1177.23
2015/6/9,1186.36
2015/6/10,1182.4
2015/6/11,1181.9
2015/6/12,1181.9
2015/6/13,1181.9
2015/6/14,1186.77
2015/6/15,1182.38
2015/6/16,1186.1
2015/6/17,1202.22
2015/6/18,1200.57
2015/6/19,1200.57
2015/6/20,1200.57
2015/6/21,1186.33
2015/6/22,1179
2015/6/23,1175.7
2015/6/24,1173.47
2015/6/25,1175.64
2015/6/26,1175.64
2015/6/27,1175.64
2015/6/28,1180.2
2015/6/29,1172.55
2015/6/30,1168.97
2015/7/1,1166.65
2015/7/2,1169.23
2015/7/3,1169.23
2015/7/4,1169.23
2015/7/5,1170.58
2015/7/6,1155.48
2015/7/7,1158.49
2015/7/8,1159.61
2015/7/9,1163.85
2015/7/10,1163.85
2015/7/11,1163.85
2015/7/12,1158.33
2015/7/13,1156.87
2015/7/14,1149.88
2015/7/15,1145.73
2015/7/16,1134.86
2015/7/17,1134.86
2015/7/18,1134.86
2015/7/19,1097.04
2015/7/20,1101.45
2015/7/21,1094.58
2015/7/22,1090.95
2015/7/23,1099.46
2015/7/24,1099.46
2015/7/25,1099.46
2015/7/26,1094.2
2015/7/27,1095.68
2015/7/28,1097.58
2015/7/29,1089.02
2015/7/30,1096.08
2015/7/31,1096.08
2015/8/1,1096.08
2015/8/2,1087.13
2015/8/3,1088.03
2015/8/4,1085.38
2015/8/5,1089.97
2015/8/6,1094.52
2015/8/7,1094.52
2015/8/8,1094.52
2015/8/9,1104.82
2015/8/10,1109.32
2015/8/11,1124.77
2015/8/12,1115.51
2015/8/13,1115.25
2015/8/14,1115.25
2015/8/15,1115.25
2015/8/16,1117.94
2015/8/17,1118.06
2015/8/18,1134.3
2015/8/19,1152.38
2015/8/20,1160.87
2015/8/21,1160.87
2015/8/22,1160.87
2015/8/23,1155.43
2015/8/24,1140.97
2015/8/25,1125.52
2015/8/26,1125.27
2015/8/27,1134.03
2015/8/28,1134.03
2015/8/29,1134.03
2015/8/30,1135.25
2015/8/31,1140.59
2015/9/1,1134.38
2015/9/2,1125.7
2015/9/3,1122.37
2015/9/4,1122.37
2015/9/5,1122.37
2015/9/6,1119.52
2015/9/7,1122.02
2015/9/8,1108.11
2015/9/9,1111.11
2015/9/10,1108.18
2015/9/11,1108.18
2015/9/12,1108.18
2015/9/13,1109.4
2015/9/14,1105.54
2015/9/15,1119.88
2015/9/16,1131.87
2015/9/17,1139.56
2015/9/18,1139.56
2015/9/19,1139.56
2015/9/20,1133.8
2015/9/21,1125.14
2015/9/22,1130.57
2015/9/23,1154.39
2015/9/24,1146.5
2015/9/25,1146.5
2015/9/26,1146.5
2015/9/27,1132.33
2015/9/28,1127.81
2015/9/29,1115.43
2015/9/30,1114.04
2015/10/1,1138.85
2015/10/2,1138.85
2015/10/3,1138.85
2015/10/4,1136.12
2015/10/5,1147.59
2015/10/6,1145.95
2015/10/7,1139.4
2015/10/8,1156.53
2015/10/9,1156.53
2015/10/10,1156.53
2015/10/11,1164.23
2015/10/12,1169.23
2015/10/13,1184.57
2015/10/14,1183.69
2015/10/15,1177.35
2015/10/16,1177.35
2015/10/17,1177.35
2015/10/18,1171.22
2015/10/19,1176.42
2015/10/20,1167.6
2015/10/21,1166.33
2015/10/22,1164.82
2015/10/23,1164.82
2015/10/24,1164.82
2015/10/25,1163.38
2015/10/26,1167.52
2015/10/27,1156.55
2015/10/28,1146.51
2015/10/29,1142.44
2015/10/30,1142.44
2015/10/31,1142.44
2015/11/1,1133.89
2015/11/2,1118.23
2015/11/3,1108.4
2015/11/4,1104.32
2015/11/5,1089.92
2015/11/6,1089.92
2015/11/7,1089.92
2015/11/8,1092.68
2015/11/9,1090.03
2015/11/10,1086.79
2015/11/11,1085.63
2015/11/12,1084.36
2015/11/13,1084.36
2015/11/14,1084.36
2015/11/15,1083.25
2015/11/16,1070.69
2015/11/17,1071.23
2015/11/18,1082.62
2015/11/19,1078.41
2015/11/20,1078.41
2015/11/21,1078.41
2015/11/22,1069.54
2015/11/23,1076.14
2015/11/24,1071.86
2015/11/25,1073.14
2015/11/26,1059.54
2015/11/27,1059.54
2015/11/28,1059.54
2015/11/29,1065.39
2015/11/30,1069.62
2015/12/1,1053.99
2015/12/2,1062.42
2015/12/3,1086.82
2015/12/4,1086.82
2015/12/5,1086.82
2015/12/6,1071.89
2015/12/7,1075.29
2015/12/8,1073.16
2015/12/9,1071.88
2015/12/10,1075.11
2015/12/11,1075.11
2015/12/12,1075.11
2015/12/13,1061.02
2015/12/14,1061.55
2015/12/15,1072.91
2015/12/16,1051.46
2015/12/17,1066.56
2015/12/18,1066.56
2015/12/19,1066.56
2015/12/20,1078.93
2015/12/21,1072.87
2015/12/22,1070.82
2015/12/23,1077.26
2015/12/24,1077.26
2015/12/25,1077.26
2015/12/26,1077.26
2015/12/27,1069.66
2015/12/28,1069.52
2015/12/29,1061.95
2015/12/30,1063.02
2015/12/31,1063.02
2016/1/1,1063.02
2016/1/2,1063.02
2016/1/3,1075.18
2016/1/4,1078.03
2016/1/5,1094.06
2016/1/6,1109.43
2016/1/7,1105.04
2016/1/8,1105.04
2016/1/9,1105.04
2016/1/10,1094.64
2016/1/11,1086.83
2016/1/12,1094.02
2016/1/13,1078.78
2016/1/14,1089.04
2016/1/15,1089.04
2016/1/16,1089.04
2016/1/17,1090.06
2016/1/18,1087.76
2016/1/19,1101.18
2016/1/20,1101.57
2016/1/21,1098.02
2016/1/22,1098.02
2016/1/23,1098.02
2016/1/24,1108.39
2016/1/25,1120.22
2016/1/26,1125.48
2016/1/27,1115.31
2016/1/28,1118.55
2016/1/29,1118.55
2016/1/30,1118.55
2016/1/31,1128.79
2016/2/1,1129.54
2016/2/2,1142.89
2016/2/3,1155.87
2016/2/4,1173.87
2016/2/5,1173.87
2016/2/6,1173.87
2016/2/7,1189.54
2016/2/8,1189.42
2016/2/9,1197.5
2016/2/10,1247.12
2016/2/11,1237.93
2016/2/12,1237.93
2016/2/13,1237.93
2016/2/14,1209.49
2016/2/15,1200.32
2016/2/16,1208.73
2016/2/17,1231.33
2016/2/18,1226.79
2016/2/19,1226.79
2016/2/20,1226.79
2016/2/21,1209.06
2016/2/22,1226.03
2016/2/23,1229.17
2016/2/24,1233.5
2016/2/25,1223.39
2016/2/26,1223.39
2016/2/27,1223.39
2016/2/28,1238.94
2016/2/29,1232.47
2016/3/1,1240.32
2016/3/2,1264.6
2016/3/3,1259.27
2016/3/4,1259.27
2016/3/5,1259.27
2016/3/6,1267.58
2016/3/7,1262.16
2016/3/8,1253.49
2016/3/9,1272.61
2016/3/10,1251.16
2016/3/11,1251.16
2016/3/12,1251.16
2016/3/13,1235.6
2016/3/14,1233
2016/3/15,1262.89
2016/3/16,1258.22
2016/3/17,1255.62
2016/3/18,1255.62
2016/3/19,1256.22
2016/3/20,1244.1
2016/3/21,1248.72
2016/3/22,1220.37
2016/3/23,1217.46
2016/3/24,1217.58
2016/3/25,1217.58
2016/3/26,1217.58
2016/3/27,1222.01
2016/3/28,1242.65
2016/3/29,1225.55
2016/3/30,1232.95
2016/3/31,1222.81
2016/4/1,1222.81
2016/4/2,1222.81
2016/4/3,1216.07
2016/4/4,1231.72
2016/4/5,1222.88
2016/4/6,1240.84
2016/4/7,1240.25
2016/4/8,1240.25
2016/4/9,1240.25
2016/4/10,1258.25
2016/4/11,1255.89
2016/4/12,1243.16
2016/4/13,1228.16
2016/4/14,1234.1
2016/4/15,1234.1
2016/4/16,1234.1
2016/4/17,1232.96
2016/4/18,1250.66
2016/4/19,1244.54
2016/4/20,1248.47
2016/4/21,1232.62
2016/4/22,1232.62
2016/4/23,1232.62
2016/4/24,1238.34
2016/4/25,1243.72
2016/4/26,1246.27
2016/4/27,1266.37
2016/4/28,1294.15
2016/4/29,1294.15
2016/4/30,1294.15
2016/5/1,1292.03
2016/5/2,1287.07
2016/5/3,1280.04
2016/5/4,1278.19
2016/5/5,1288.79
2016/5/6,1288.79
2016/5/7,1288.79
2016/5/8,1264.29
2016/5/9,1266.16
2016/5/10,1277.74
2016/5/11,1264.32
2016/5/12,1273.75
2016/5/13,1273.75
2016/5/14,1273.75
2016/5/15,1274.54
2016/5/16,1279.32
2016/5/17,1258.82
2016/5/18,1255.06
2016/5/19,1252.73
2016/5/20,1252.73
2016/5/21,1252.73
2016/5/22,1249.45
2016/5/23,1227.54
2016/5/24,1224.68
2016/5/25,1220.24
2016/5/26,1213.34
2016/5/27,1213.34
2016/5/28,1213.34
2016/5/29,1205.55
2016/5/30,1215.85
2016/5/31,1213.33
2016/6/1,1211.35
2016/6/2,1244.88
2016/6/3,1244.88
2016/6/4,1244.88
2016/6/5,1245.66
2016/6/6,1244.23
2016/6/7,1263.12
2016/6/8,1269.97
2016/6/9,1274.43
2016/6/10,1274.43
2016/6/11,1274.43
2016/6/12,1284.23
2016/6/13,1285.99
2016/6/14,1291.76
2016/6/15,1278.85
2016/6/16,1299.74
2016/6/17,1299.74
2016/6/18,1299.74
2016/6/19,1290.54
2016/6/20,1268.84
2016/6/21,1267.44
2016/6/22,1256.48
2016/6/23,1316.12
2016/6/24,1316.12
2016/6/25,1316.12
2016/6/26,1324.73
2016/6/27,1312
2016/6/28,1319.2
2016/6/29,1322.17
2016/6/30,1342.59
2016/7/1,1342.59
2016/7/2,1342.59
2016/7/3,1351.44
2016/7/4,1356.54
2016/7/5,1364.42
2016/7/6,1361.03
2016/7/7,1368.37
2016/7/8,1368.37
2016/7/9,1368.37
2016/7/10,1355.85
2016/7/11,1333.43
2016/7/12,1343.14
2016/7/13,1335.56
2016/7/14,1338.18
2016/7/15,1338.18
2016/7/16,1338.18
2016/7/17,1329.04
2016/7/18,1332.48
2016/7/19,1316.55
2016/7/20,1331.61
2016/7/21,1322.7
2016/7/22,1322.7
2016/7/23,1322.7
2016/7/24,1316.28
2016/7/25,1320.84
2016/7/26,1340.3
2016/7/27,1336.27
2016/7/28,1351.29
2016/7/29,1351.29
2016/7/30,1351.29
2016/7/31,1353.73
2016/8/1,1363.95
2016/8/2,1358.77
2016/8/3,1362.01
2016/8/4,1337.38
2016/8/5,1337.38
2016/8/6,1337.38
2016/8/7,1336.11
2016/8/8,1341.27
2016/8/9,1346.73
2016/8/10,1339.37
2016/8/11,1336.68
2016/8/12,1336.68
2016/8/13,1336.68
2016/8/14,1339.81
2016/8/15,1346.83
2016/8/16,1349.28
2016/8/17,1352.63
2016/8/18,1340.58
2016/8/19,1340.58
2016/8/20,1340.58
2016/8/21,1339.29
2016/8/22,1338.5
2016/8/23,1325.34
2016/8/24,1322.2
2016/8/25,1321.99
2016/8/26,1321.99
2016/8/27,1321.99
2016/8/28,1323.61
2016/8/29,1311.23
2016/8/30,1309.36
2016/8/31,1314.29
2016/9/1,1326.48
2016/9/2,1326.48
2016/9/3,1326.48
2016/9/4,1327.5
2016/9/5,1350.43
2016/9/6,1345.49
2016/9/7,1338.36
2016/9/8,1328.57
2016/9/9,1328.57
2016/9/10,1328.57
2016/9/11,1328.23
2016/9/12,1319.1
2016/9/13,1323.06
2016/9/14,1314.97
2016/9/15,1310.49
2016/9/16,1310.49
2016/9/17,1310.49
2016/9/18,1314.03
2016/9/19,1315.24
2016/9/20,1337.37
2016/9/21,1337.59
2016/9/22,1339.02
2016/9/23,1339.02
2016/9/24,1339.02
2016/9/25,1338.32
2016/9/26,1327.36
2016/9/27,1322.22
2016/9/28,1320.86
2016/9/29,1317.32
2016/9/30,1317.32
2016/10/1,1317.32
2016/10/2,1312.21
2016/10/3,1268.82
2016/10/4,1267.17
2016/10/5,1255.15
2016/10/6,1258.29
2016/10/7,1258.29
2016/10/8,1258.29
2016/10/9,1260.19
2016/10/10,1253.19
2016/10/11,1255.65
2016/10/12,1258.55
2016/10/13,1251.3
2016/10/14,1251.3
2016/10/15,1251.3
2016/10/16,1256.29
2016/10/17,1263.18
2016/10/18,1269.74
2016/10/19,1266.29
2016/10/20,1267.13
2016/10/21,1267.13
2016/10/22,1267.13
2016/10/23,1264.8
2016/10/24,1274.32
2016/10/25,1267.4
2016/10/26,1268.87
2016/10/27,1276.68
2016/10/28,1276.68
2016/10/29,1276.68
2016/10/30,1277.84
2016/10/31,1288.58
2016/11/1,1297.46
2016/11/2,1303.08
2016/11/3,1305.39
2016/11/4,1305.39
2016/11/5,1305.39
2016/11/6,1282.14
2016/11/7,1276.17
2016/11/8,1278.41
2016/11/9,1259.71
2016/11/10,1229.09
2016/11/11,1229.09
2016/11/12,1229.09
2016/11/13,1221.72
2016/11/14,1229.23
2016/11/15,1225.59
2016/11/16,1216.75
2016/11/17,1208.9
2016/11/18,1208.9
2016/11/19,1209.97
2016/11/20,1214.77
2016/11/21,1212.85
2016/11/22,1190.05
2016/11/23,1185.06
2016/11/24,1183.07
2016/11/25,1183.07
2016/11/26,1183.07
2016/11/27,1193.84
2016/11/28,1188.96
2016/11/29,1173.76
2016/11/30,1172.06
2016/12/1,1177.98
2016/12/2,1177.98
2016/12/3,1177.98
2016/12/4,1170.88
2016/12/5,1170.34
2016/12/6,1174.48
2016/12/7,1171.11
2016/12/8,1160.86
2016/12/9,1160.86
2016/12/10,1160.86
2016/12/11,1162.83
2016/12/12,1158.72
2016/12/13,1143.8
2016/12/14,1128.83
2016/12/15,1135.98
2016/12/16,1135.98
2016/12/17,1135.98
2016/12/18,1138.85
2016/12/19,1132.76
2016/12/20,1131.85
2016/12/21,1128.82
2016/12/22,1135.44
2016/12/23,1135.44
2016/12/24,1135.44
2016/12/25,1135.44
2016/12/26,1139.44
2016/12/27,1141.93
2016/12/28,1158.51
2016/12/29,1153.9
2016/12/30,1153.9
2016/12/31,1153.9
2017/1/1,1153.9
2017/1/2,1159.59
2017/1/3,1163.91
2017/1/4,1180.86
2017/1/5,1173.14
2017/1/6,1173.14
2017/1/7,1173.14
2017/1/8,1181.4
2017/1/9,1188.42
2017/1/10,1192.02
2017/1/11,1195.87
2017/1/12,1197.92
2017/1/13,1197.92
2017/1/14,1197.92
2017/1/15,1203.19
2017/1/16,1217.48
2017/1/17,1204.68
2017/1/18,1205.25
2017/1/19,1209.42
2017/1/20,1209.42
2017/1/21,1209.42
2017/1/22,1218.41
2017/1/23,1209.36
2017/1/24,1201.13
2017/1/25,1188.99
2017/1/26,1192.23
2017/1/27,1192.23
2017/1/28,1192.23
2017/1/29,1195.97
2017/1/30,1211.1
2017/1/31,1210.24
2017/2/1,1216.33
2017/2/2,1220.71
2017/2/3,1220.71
2017/2/4,1220.71
2017/2/5,1235.93
2017/2/6,1234.38
2017/2/7,1241.85
2017/2/8,1229.91
2017/2/9,1234.47
2017/2/10,1234.47
2017/2/11,1234.47
2017/2/12,1225.86
2017/2/13,1228.87
2017/2/14,1234.06
2017/2/15,1239.67
2017/2/16,1236.16
2017/2/17,1236.16
2017/2/18,1236.16
2017/2/19,1237.91
2017/2/20,1236.34
2017/2/21,1237.6
2017/2/22,1249.6
2017/2/23,1258.44
2017/2/24,1258.44
2017/2/25,1258.44
2017/2/26,1253.17
2017/2/27,1248.41
2017/2/28,1250.22
2017/3/1,1234.74
2017/3/2,1234.87
2017/3/3,1234.87
2017/3/4,1234.87
2017/3/5,1226.01
2017/3/6,1216.14
2017/3/7,1208.43
2017/3/8,1201.19
2017/3/9,1204.81
2017/3/10,1204.81
2017/3/11,1204.81
2017/3/12,1204.38
2017/3/13,1199.15
2017/3/14,1219.64
2017/3/15,1226.81
2017/3/16,1229.64
2017/3/17,1229.64
2017/3/18,1229.64
2017/3/19,1234.64
2017/3/20,1244.84
2017/3/21,1249.44
2017/3/22,1245.7
2017/3/23,1245.53
2017/3/24,1245.53
2017/3/25,1245.53
2017/3/26,1254.88
2017/3/27,1251.9
2017/3/28,1253.72
2017/3/29,1243.6
2017/3/30,1248.52
2017/3/31,1248.52
2017/4/1,1248.52
2017/4/2,1253.8
2017/4/3,1256.49
2017/4/4,1255.88
2017/4/5,1252.1
2017/4/6,1255.47
2017/4/7,1255.47
2017/4/8,1255.47
2017/4/9,1255.14
2017/4/10,1274.68
2017/4/11,1286.88
2017/4/12,1288.09
2017/4/13,1288.09
2017/4/14,1288.09
2017/4/15,1288.09
2017/4/16,1285.02
2017/4/17,1289.77
2017/4/18,1281.51
2017/4/19,1283.35
2017/4/20,1284.71
2017/4/21,1284.71
2017/4/22,1284.71
2017/4/23,1276.9
2017/4/24,1265.6
2017/4/25,1270.53
2017/4/26,1264.66
2017/4/27,1268.26
2017/4/28,1268.26
2017/4/29,1268.26
2017/4/30,1258.57
2017/5/1,1257.85
2017/5/2,1238.95
2017/5/3,1228.14
2017/5/4,1228.8
2017/5/5,1228.8
2017/5/6,1228.8
2017/5/7,1226.38
2017/5/8,1222.38
2017/5/9,1219.9
2017/5/10,1226.07
2017/5/11,1228.47
2017/5/12,1228.47
2017/5/13,1228.47
2017/5/14,1231.44
2017/5/15,1238.07
2017/5/16,1262.49
2017/5/17,1248
2017/5/18,1255.75
2017/5/19,1255.75
2017/5/20,1255.75
2017/5/21,1261.66
2017/5/22,1252.2
2017/5/23,1259.6
2017/5/24,1256.59
2017/5/25,1267.48
2017/5/26,1267.48
2017/5/27,1267.48
2017/5/28,1267.26
2017/5/29,1263.22
2017/5/30,1269.81
2017/5/31,1266.12
2017/6/1,1279.59
2017/6/2,1279.59
2017/6/3,1279.59
2017/6/4,1279.76
2017/6/5,1295.2
2017/6/6,1287.08
2017/6/7,1278.23
2017/6/8,1267.49
2017/6/9,1267.49
2017/6/10,1267.49
2017/6/11,1267.06
2017/6/12,1267.44
2017/6/13,1262.42
2017/6/14,1254.17
2017/6/15,1254.27
2017/6/16,1254.27
2017/6/17,1254.27
2017/6/18,1244.93
2017/6/19,1243.44
2017/6/20,1247.79
2017/6/21,1250.72
2017/6/22,1256.93
2017/6/23,1256.93
2017/6/24,1256.93
2017/6/25,1245.79
2017/6/26,1248.23
2017/6/27,1249.44
2017/6/28,1245.58
2017/6/29,1241.69
2017/6/30,1241.69
2017/7/1,1241.69
2017/7/2,1220.68
2017/7/3,1223.44
2017/7/4,1227.73
2017/7/5,1226.37
2017/7/6,1212.58
2017/7/7,1212.58
2017/7/8,1212.58
2017/7/9,1214.49
2017/7/10,1218.46
2017/7/11,1220.67
2017/7/12,1218.5
2017/7/13,1229.13
2017/7/14,1229.13
2017/7/15,1229.13
2017/7/16,1235.23
2017/7/17,1243.62
2017/7/18,1242.22
2017/7/19,1245.8
2017/7/20,1255.01
2017/7/21,1255.01
2017/7/22,1255.01
2017/7/23,1256.37
2017/7/24,1250.27
2017/7/25,1262.06
2017/7/26,1259.24
2017/7/27,1270.12
2017/7/28,1270.12
2017/7/29,1270.12
2017/7/30,1270.6
2017/7/31,1270.04
2017/8/1,1267.74
2017/8/2,1269.49
2017/8/3,1259.45
2017/8/4,1259.45
2017/8/5,1259.45
2017/8/6,1258.47
2017/8/7,1261.85
2017/8/8,1278.47
2017/8/9,1287.44
2017/8/10,1290.59
2017/8/11,1290.59
2017/8/12,1290.59
2017/8/13,1282.5
2017/8/14,1272.09
2017/8/15,1284.27
2017/8/16,1289.03
2017/8/17,1286.28
2017/8/18,1286.28
2017/8/19,1286.28
2017/8/20,1292.6
2017/8/21,1286.13
2017/8/22,1291.81
2017/8/23,1287.27
2017/8/24,1291.51
2017/8/25,1291.51
2017/8/26,1291.51
2017/8/27,1310.77
2017/8/28,1309.78
2017/8/29,1309.96
2017/8/30,1322.55
2017/8/31,1326.43
2017/9/1,1326.43
2017/9/2,1326.43
2017/9/3,1334.48
2017/9/4,1340.83
2017/9/5,1334.84
2017/9/6,1349.98
2017/9/7,1346.97
2017/9/8,1346.97
2017/9/9,1346.97
2017/9/10,1328.43
2017/9/11,1332.22
2017/9/12,1324.03
2017/9/13,1330.63
2017/9/14,1320.64
2017/9/15,1320.64
2017/9/16,1320.64
2017/9/17,1308.45
2017/9/18,1312.27
2017/9/19,1301.48
2017/9/20,1292.53
2017/9/21,1297.06
2017/9/22,1297.06
2017/9/23,1297.06
2017/9/24,1311.85
2017/9/25,1294.9
2017/9/26,1283.94
2017/9/27,1288.27
2017/9/28,1279.98
2017/9/29,1279.98
2017/9/30,1279.98
2017/10/1,1271.21
2017/10/2,1272.96
2017/10/3,1275.85
2017/10/4,1269.39
2017/10/5,1276.22
2017/10/6,1276.22
2017/10/7,1276.22
2017/10/8,1284.23
2017/10/9,1288.89
2017/10/10,1293.03
2017/10/11,1294.69
2017/10/12,1303.6
2017/10/13,1303.6
2017/10/14,1303.6
2017/10/15,1295.98
2017/10/16,1285.41
2017/10/17,1282.1
2017/10/18,1290.88
2017/10/19,1280.73
2017/10/20,1280.73
2017/10/21,1280.73
2017/10/22,1283.18
2017/10/23,1277.92
2017/10/24,1278.55
2017/10/25,1268.2
2017/10/26,1273.27
2017/10/27,1273.27
2017/10/28,1273.27
2017/10/29,1276.56
2017/10/30,1271.27
2017/10/31,1274.96
2017/11/1,1276.25
2017/11/2,1270.55
2017/11/3,1270.55
2017/11/4,1270.55
2017/11/5,1282.96
2017/11/6,1276.23
2017/11/7,1282.42
2017/11/8,1286.02
2017/11/9,1276.39
2017/11/10,1276.39
2017/11/11,1276.39
2017/11/12,1278.95
2017/11/13,1281.17
2017/11/14,1279.26
2017/11/15,1279.67
2017/11/16,1295.08
2017/11/17,1295.08
2017/11/18,1295.08
2017/11/19,1277.85
2017/11/20,1281.45
2017/11/21,1292.95
2017/11/22,1291.6
2017/11/23,1288.88
2017/11/24,1288.88
2017/11/25,1288.88
2017/11/26,1294.67
2017/11/27,1294.11
2017/11/28,1284.7
2017/11/29,1275.19
2017/11/30,1282.02
2017/12/1,1282.02
2017/12/2,1282.02
2017/12/3,1276.29
2017/12/4,1266.16
2017/12/5,1263.57
2017/12/6,1247.32
2017/12/7,1248.69
2017/12/8,1248.69
2017/12/9,1248.69
2017/12/10,1242.37
2017/12/11,1244.65
2017/12/12,1255.88
2017/12/13,1253.68
2017/12/14,1255.47
2017/12/15,1255.47
2017/12/16,1255.47
2017/12/17,1262.29
2017/12/18,1261.86
2017/12/19,1265.66
2017/12/20,1266.85
2017/12/21,1275.21
2017/12/22,1275.21
2017/12/23,1275.21
2017/12/24,1275.21
2017/12/25,1283.16
2017/12/26,1287.45
2017/12/27,1295.15
2017/12/28,1302.69
2017/12/29,1302.69
2017/12/30,1302.69
2017/12/31,1302.69
2018/1/1,1317.79
2018/1/2,1313.4
2018/1/3,1322.96
2018/1/4,1320.79
2018/1/5,1320.79
2018/1/6,1320.79
2018/1/7,1320.67
2018/1/8,1313.03
2018/1/9,1316.89
2018/1/10,1322.69
2018/1/11,1338.67
2018/1/12,1338.67
2018/1/13,1338.67
2018/1/14,1340.4
2018/1/15,1338.76
2018/1/16,1326.7
2018/1/17,1327.21
2018/1/18,1332.07
2018/1/19,1332.07
2018/1/20,1332.07
2018/1/21,1334.19
2018/1/22,1341.6
2018/1/23,1358.83
2018/1/24,1348.65
2018/1/25,1351.15
2018/1/26,1351.15
2018/1/27,1351.15
2018/1/28,1340.7
2018/1/29,1338.88
2018/1/30,1345.33
2018/1/31,1349.2
2018/2/1,1331.4
2018/2/2,1331.4
2018/2/3,1331.4
2018/2/4,1339.88
2018/2/5,1324.82
2018/2/6,1318.72
2018/2/7,1319.19
2018/2/8,1317.41
2018/2/9,1317.41
2018/2/10,1317.41
2018/2/11,1322.93
2018/2/12,1329.71
2018/2/13,1350.72
2018/2/14,1353.58
2018/2/15,1348.21
2018/2/16,1348.21
2018/2/17,1348.21
2018/2/18,1347.02
2018/2/19,1329.7
2018/2/20,1324.85
2018/2/21,1332.4
2018/2/22,1329.18
2018/2/23,1329.18
2018/2/24,1329.18
2018/2/25,1333.53
2018/2/26,1318.76
2018/2/27,1318.52
2018/2/28,1317.32
2018/3/1,1322.28
2018/3/2,1322.28
2018/3/3,1322.28
2018/3/4,1320.61
2018/3/5,1334.89
2018/3/6,1325.85
2018/3/7,1322.18
2018/3/8,1323.85
2018/3/9,1323.85
2018/3/10,1323.85
2018/3/11,1323.28
2018/3/12,1326.64
2018/3/13,1325.08
2018/3/14,1316.45
2018/3/15,1313.93
2018/3/16,1313.93
2018/3/17,1313.93
2018/3/18,1317.08
2018/3/19,1311.51
2018/3/20,1332.5
2018/3/21,1329.31
2018/3/22,1348.12
2018/3/23,1348.12
2018/3/24,1348.12
2018/3/25,1353.75
2018/3/26,1345.03
2018/3/27,1325.14
2018/3/28,1325.57
2018/3/29,1325.57
2018/3/30,1325.57
2018/3/31,1325.57
2018/4/1,1341.58
2018/4/2,1333.09
2018/4/3,1333.54
2018/4/4,1326.83
2018/4/5,1333.22
2018/4/6,1333.22
2018/4/7,1333.22
2018/4/8,1336.52
2018/4/9,1339.87
2018/4/10,1353.44
2018/4/11,1335.26
2018/4/12,1345.39
2018/4/13,1345.39
2018/4/14,1345.39
2018/4/15,1346.1
2018/4/16,1347.54
2018/4/17,1349.57
2018/4/18,1345.85
2018/4/19,1336.28
2018/4/20,1336.28
2018/4/21,1336.28
2018/4/22,1325.1
2018/4/23,1330.66
2018/4/24,1323.61
2018/4/25,1317.18
2018/4/26,1323.64
2018/4/27,1323.64
2018/4/28,1323.64
2018/4/29,1315.68
2018/4/30,1304.23
2018/5/1,1305.13
2018/5/2,1312.45
2018/5/3,1315.27
2018/5/4,1315.27
2018/5/5,1315.27
2018/5/6,1314.46
2018/5/7,1314.68
2018/5/8,1312.97
2018/5/9,1321.58
2018/5/10,1319.23
2018/5/11,1319.23
2018/5/12,1319.23
2018/5/13,1313.66
2018/5/14,1290.85
2018/5/15,1291.01
2018/5/16,1291.13
2018/5/17,1292.69
2018/5/18,1292.69
2018/5/19,1292.69
2018/5/20,1292.92
2018/5/21,1291.59
2018/5/22,1293.66
2018/5/23,1305.11
2018/5/24,1301.09
2018/5/25,1301.09
2018/5/26,1301.09
2018/5/27,1298.45
2018/5/28,1299.51
2018/5/29,1301.69
2018/5/30,1298.51
2018/5/31,1294.06
2018/6/1,1294.06
2018/6/2,1294.06
2018/6/3,1292.25
2018/6/4,1296.7
2018/6/5,1296.81
2018/6/6,1297.4
2018/6/7,1299.16
2018/6/8,1299.16
2018/6/9,1299.16
2018/6/10,1300.55
2018/6/11,1296.06
2018/6/12,1299.79
2018/6/13,1302.39
2018/6/14,1279.98
2018/6/15,1279.98
2018/6/16,1279.98
2018/6/17,1278.64
2018/6/18,1274.81
2018/6/19,1268.24
2018/6/20,1267.39
2018/6/21,1269.85
2018/6/22,1269.85
2018/6/23,1269.85
2018/6/24,1265.76
2018/6/25,1259.13
2018/6/26,1252.29
2018/6/27,1248.48
2018/6/28,1253.34
2018/6/29,1253.34
2018/6/30,1253.34
2018/7/1,1242.2
2018/7/2,1253.22
2018/7/3,1257.11
2018/7/4,1257.97
2018/7/5,1255.73
2018/7/6,1255.73
2018/7/7,1255.73
2018/7/8,1257.94
2018/7/9,1255.83
2018/7/10,1242.41
2018/7/11,1247.34
2018/7/12,1241.31
2018/7/13,1241.31
2018/7/14,1241.31
2018/7/15,1241.15
2018/7/16,1227.93
2018/7/17,1227.76
2018/7/18,1223.06
2018/7/19,1231.62
2018/7/20,1231.62
2018/7/21,1231.62
2018/7/22,1224.78
2018/7/23,1224.77
2018/7/24,1231.86
2018/7/25,1222.87
2018/7/26,1223.19
2018/7/27,1223.19
2018/7/28,1223.19
2018/7/29,1221.73
2018/7/30,1224.06
2018/7/31,1216.27
2018/8/1,1208.14
2018/8/2,1213.63
2018/8/3,1213.63
2018/8/4,1213.63
2018/8/5,1207.61
2018/8/6,1211.25
2018/8/7,1213.98
2018/8/8,1212.57
2018/8/9,1211.56
2018/8/10,1211.56
2018/8/11,1211.56
2018/8/12,1193.86
2018/8/13,1194.25
2018/8/14,1175.01
2018/8/15,1174.37
2018/8/16,1184.52
2018/8/17,1184.52
2018/8/18,1184.52
2018/8/19,1190.74
2018/8/20,1196.43
2018/8/21,1195.78
2018/8/22,1185.51
2018/8/23,1206.29
2018/8/24,1206.29
2018/8/25,1206.29
2018/8/26,1211.51
2018/8/27,1201.37
2018/8/28,1206.86
2018/8/29,1200.07
2018/8/30,1200.97
2018/8/31,1200.97
2018/9/1,1200.97
2018/9/2,1201.53
2018/9/3,1191.71
2018/9/4,1196.99
2018/9/5,1200.36
2018/9/6,1196.15
2018/9/7,1196.15
2018/9/8,1196.15
2018/9/9,1196.14
2018/9/10,1198.96
2018/9/11,1206.44
2018/9/12,1201.71
2018/9/13,1193.95
2018/9/14,1193.95
2018/9/15,1193.95
2018/9/16,1201.72
2018/9/17,1198.56
2018/9/18,1204.21
2018/9/19,1207.41
2018/9/20,1199.29
2018/9/21,1199.29
2018/9/22,1199.29
2018/9/23,1199.05
2018/9/24,1201.43
2018/9/25,1194.68
2018/9/26,1183.02
2018/9/27,1191.67
2018/9/28,1191.67
2018/9/29,1191.67
2018/9/30,1189.41
2018/10/1,1203.28
2018/10/2,1197.64
2018/10/3,1200.11
2018/10/4,1203.27
2018/10/5,1203.27
2018/10/6,1203.27
2018/10/7,1188.22
2018/10/8,1190.08
2018/10/9,1195.07
2018/10/10,1224.58
2018/10/11,1217.87
2018/10/12,1217.87
2018/10/13,1217.87
2018/10/14,1227.16
2018/10/15,1225.06
2018/10/16,1222.54
2018/10/17,1226.13
2018/10/18,1226.93
2018/10/19,1226.93
2018/10/20,1226.93
2018/10/21,1222.31
2018/10/22,1230.4
2018/10/23,1234.46
2018/10/24,1232.5
2018/10/25,1234.21
2018/10/26,1234.21
2018/10/27,1234.21
2018/10/28,1229.66
2018/10/29,1223.22
2018/10/30,1215.01
2018/10/31,1233.8
2018/11/1,1233.12
2018/11/2,1233.12
2018/11/3,1233.12
2018/11/4,1231.91
2018/11/5,1227.73
2018/11/6,1227.27
2018/11/7,1224.24
2018/11/8,1209.67
2018/11/9,1209.67
2018/11/10,1209.67
2018/11/11,1200.94
2018/11/12,1202.41
2018/11/13,1211.68
2018/11/14,1214.09
2018/11/15,1221.68
2018/11/16,1221.68
2018/11/17,1221.68
2018/11/18,1224.36
2018/11/19,1221.87
2018/11/20,1226.24
2018/11/21,1227.76
2018/11/22,1224.85
2018/11/23,1224.85
2018/11/24,1224.85
2018/11/25,1222.56
2018/11/26,1215.3
2018/11/27,1221.37
2018/11/28,1224.71
2018/11/29,1222.03
2018/11/30,1222.03
2018/12/1,1222.03
2018/12/2,1230.96
2018/12/3,1238.71
2018/12/4,1237.37
2018/12/5,1238.16
2018/12/6,1248.21
2018/12/7,1248.21
2018/12/8,1248.21
2018/12/9,1245.24
2018/12/10,1243.82
2018/12/11,1246.31
2018/12/12,1242.71
2018/12/13,1238.43
2018/12/14,1238.43
2018/12/15,1238.43
2018/12/16,1246.65
2018/12/17,1250.34
2018/12/18,1243.28
2018/12/19,1259.99
2018/12/20,1255.93
2018/12/21,1255.93
2018/12/22,1255.93
2018/12/23,1269.91
2018/12/24,1269.91
2018/12/25,1267.23
2018/12/26,1276.05
2018/12/27,1280.9
2018/12/28,1280.9
2018/12/29,1280.9
2018/12/30,1280.27
2018/12/31,1280.27
2019/1/1,1284.74
2019/1/2,1294.48
2019/1/3,1285.12
2019/1/4,1285.12
2019/1/5,1285.12
2019/1/6,1289.95
2019/1/7,1285.64
2019/1/8,1293.52
2019/1/9,1286.77
2019/1/10,1287.95
2019/1/11,1287.95
2019/1/12,1287.95
2019/1/13,1291.86
2019/1/14,1290.16
2019/1/15,1293.94
2019/1/16,1292.23
2019/1/17,1281.56
2019/1/18,1281.56
2019/1/19,1281.56
2019/1/20,1280.43
2019/1/21,1285.31
2019/1/22,1282.92
2019/1/23,1281.34
2019/1/24,1303.31
2019/1/25,1303.31
2019/1/26,1303.31
2019/1/27,1304.11
2019/1/28,1312.1
2019/1/29,1319.9
2019/1/30,1321.61
2019/1/31,1318.15
2019/2/1,1318.15
2019/2/2,1318.15
2019/2/3,1312.35
2019/2/4,1315.49
2019/2/5,1306.75
2019/2/6,1310.66
2019/2/7,1314.16
2019/2/8,1314.16
2019/2/9,1314.16
2019/2/10,1308.4
2019/2/11,1311.04
2019/2/12,1306.39
2019/2/13,1312.66
2019/2/14,1321.53
2019/2/15,1321.53
2019/2/16,1321.53
2019/2/17,1327.15
2019/2/18,1341.31
2019/2/19,1339.32
2019/2/20,1323.56
2019/2/21,1327.96
2019/2/22,1327.96
2019/2/23,1327.96
2019/2/24,1327.66
2019/2/25,1329.18
2019/2/26,1320.07
2019/2/27,1313.39
2019/2/28,1293.35
2019/3/1,1293.35
2019/3/2,1293.35
2019/3/3,1286.88
2019/3/4,1288.65
2019/3/5,1286.64
2019/3/6,1285.84
2019/3/7,1298.49
2019/3/8,1298.49
2019/3/9,1298.49
2019/3/10,1293.69
2019/3/11,1301.76
2019/3/12,1309.26
2019/3/13,1296.37
2019/3/14,1302.49
2019/3/15,1302.49
2019/3/16,1302.49
2019/3/17,1303.85
2019/3/18,1306.7
2019/3/19,1312.75
2019/3/20,1309.59
2019/3/21,1313.43
2019/3/22,1313.43
2019/3/23,1313.43
2019/3/24,1322.07
2019/3/25,1315.84
2019/3/26,1310.36
2019/3/27,1290.61
2019/3/28,1292.35
2019/3/29,1292.35
2019/3/30,1292.35
2019/3/31,1287.94
2019/4/1,1292.75
2019/4/2,1290.22
2019/4/3,1292.44
2019/4/4,1291.78
2019/4/5,1291.78
2019/4/6,1291.78
2019/4/7,1297.76
2019/4/8,1304.76
2019/4/9,1308.28
2019/4/10,1292.85
2019/4/11,1291.05
2019/4/12,1291.05
2019/4/13,1291.05
2019/4/14,1288.11
2019/4/15,1277.25
2019/4/16,1274.29
2019/4/17,1275.91
2019/4/18,1275.91
2019/4/19,1275.91
2019/4/20,1275.91
2019/4/21,1275.1
2019/4/22,1272.66
2019/4/23,1275.95
2019/4/24,1277.54
2019/4/25,1286.01
2019/4/26,1286.01
2019/4/27,1286.01
2019/4/28,1280.05
2019/4/29,1284.24
2019/4/30,1277.4
2019/5/1,1271.26
2019/5/2,1279.07
2019/5/3,1279.07
2019/5/4,1279.07
2019/5/5,1281.1
2019/5/6,1284.68
2019/5/7,1281.68
2019/5/8,1284.72
2019/5/9,1286.17
2019/5/10,1286.17
2019/5/11,1286.17
2019/5/12,1300.04
2019/5/13,1297.25
2019/5/14,1296.85
2019/5/15,1287.16
2019/5/16,1277.95
2019/5/17,1277.95
2019/5/18,1277.95
2019/5/19,1278.16
2019/5/20,1275.25
2019/5/21,1273.58
2019/5/22,1283.8
2019/5/23,1285.09
2019/5/24,1285.09
2019/5/25,1285.09
2019/5/26,1285.32
2019/5/27,1279.61
2019/5/28,1280.46
2019/5/29,1288.6
2019/5/30,1305.45
2019/5/31,1305.45
2019/6/1,1305.45
2019/6/2,1325.43
2019/6/3,1326.06
2019/6/4,1331.03
2019/6/5,1336.68
2019/6/6,1340.99
2019/6/7,1340.99
2019/6/8,1340.99
2019/6/9,1328.22
2019/6/10,1327.26
2019/6/11,1334.2
2019/6/12,1342.24
2019/6/13,1341.47
2019/6/14,1341.47
2019/6/15,1341.47
2019/6/16,1340.06
2019/6/17,1347.06
2019/6/18,1360.68
2019/6/19,1389.05
2019/6/20,1399.22
2019/6/21,1399.22
2019/6/22,1399.22
2019/6/23,1420.32
2019/6/24,1424.05
2019/6/25,1409.33
2019/6/26,1410.39
2019/6/27,1410.19
2019/6/28,1410.19
2019/6/29,1410.19
2019/6/30,1410.19
2019/7/1,1418.6
2019/7/2,1419.26
2019/7/3,1416.35
2019/7/4,1399.06
2019/7/5,1399.06
2019/7/6,1399.06
2019/7/7,1395.53
2019/7/8,1397.86
2019/7/9,1419.13
2019/7/10,1404.26
2019/7/11,1415.83
2019/7/12,1415.83
2019/7/13,1415.83
2019/7/14,1414.18
2019/7/15,1406.01
2019/7/16,1426.48
2019/7/17,1446.76
2019/7/18,1425.61
2019/7/19,1425.61
2019/7/20,1425.61
2019/7/21,1425.03
2019/7/22,1417.79
2019/7/23,1425.79
2019/7/24,1414.5
2019/7/25,1418.58
2019/7/26,1418.58
2019/7/27,1418.58
2019/7/28,1427.17
2019/7/29,1430.98
2019/7/30,1413.16
2019/7/31,1445.1
2019/8/1,1440.78
2019/8/2,1440.78
2019/8/3,1440.78
2019/8/4,1464.03
2019/8/5,1474.76
2019/8/6,1501.56
2019/8/7,1501.21
2019/8/8,1497.67
2019/8/9,1497.67
2019/8/10,1497.67
2019/8/11,1511.83
2019/8/12,1501.66
2019/8/13,1519.77
2019/8/14,1523.37
2019/8/15,1512.48
2019/8/16,1512.48
2019/8/17,1512.48
2019/8/18,1496.15
2019/8/19,1507.95
2019/8/20,1502.96
2019/8/21,1498.37
2019/8/22,1526.45
2019/8/23,1526.45
2019/8/24,1526.45
2019/8/25,1527.37
2019/8/26,1542.94
2019/8/27,1541.19
2019/8/28,1527.86
2019/8/29,1523.15
2019/8/30,1523.15
2019/8/31,1523.15
2019/9/1,1529.6
2019/9/2,1547.86
2019/9/3,1552.81
2019/9/4,1546.17
2019/9/5,1546.17
2019/9/6,1507.64
2019/9/7,1507.64
2019/9/8,1507.64
2019/9/9,1499.1
2019/9/10,1485.73
2019/9/11,1497.01
2019/9/12,1499.51
2019/9/13,1489.21
2019/9/14,1489.21
2019/9/15,1489.21
2019/9/16,1498.45
2019/9/17,1502.69
2019/9/18,1494.38
2019/9/19,1499.19
2019/9/20,1516.59
2019/9/21,1516.59
2019/9/22,1516.59
2019/9/23,1522.4
2019/9/24,1532.48
2019/9/25,1503.83
2019/9/26,1504.78
2019/9/27,1497.02
2019/9/28,1497.02
2019/9/29,1497.02
2019/9/30,1472.79
2019/10/1,1479.33
2019/10/2,1500.11
2019/10/3,1505.25
2019/10/4,1504.28
2019/10/5,1504.28
2019/10/6,1504.28
2019/10/7,1493.48
2019/10/8,1493.64
2019/10/9,1505.9
2019/10/10,1493.76
2019/10/11,1487.36
2019/10/12,1487.36
2019/10/13,1487.36
2019/10/14,1493.36
2019/10/15,1481.25
2019/10/16,1483.23
2019/10/17,1492.33
2019/10/18,1490.39
2019/10/19,1490.39
2019/10/20,1490.39
2019/10/21,1484.64
2019/10/22,1487.8
2019/10/23,1492.15
2019/10/24,1504.03
2019/10/25,1504.61
2019/10/26,1504.61
2019/10/27,1504.61
2019/10/28,1492.72
2019/10/29,1487.98
2019/10/30,1496.01
2019/10/31,1494.31
2019/11/1,1514.1
2019/11/2,1514.1
2019/11/3,1514.1
2019/11/4,1509.79
2019/11/5,1483.79
2019/11/6,1490.72
2019/11/7,1491.04
2019/11/8,1469.06
2019/11/9,1469.06
2019/11/10,1469.06
2019/11/11,1456.17
2019/11/12,1456.46
2019/11/13,1463.65
2019/11/14,1471.49
2019/11/15,1468.25
2019/11/16,1468.25
2019/11/17,1468.25
2019/11/18,1468.25
2019/11/19,1472.68
2019/11/20,1471.79
2019/11/21,1464.64
2019/11/22,1462.56
2019/11/23,1462.56
2019/11/24,1462.56
2019/11/25,1455.35
2019/11/26,1461.59
2019/11/27,1454.62
2019/11/28,1455.86
2019/11/29,1464.27
2019/11/30,1464.27
2019/12/1,1464.27
2019/12/2,1462.58
2019/12/3,1477.66
2019/12/4,1475.88
2019/12/5,1476.11
2019/12/6,1460.06
2019/12/7,1460.06
2019/12/8,1460.06
2019/12/9,1461.77
2019/12/10,1464.49
2019/12/11,1475.05
2019/12/12,1470.08
2019/12/13,1475.68
2019/12/14,1475.68
2019/12/15,1475.68
2019/12/16,1476.41
2019/12/17,1477.15
2019/12/18,1475.78
2019/12/19,1479.83
2019/12/20,1478.41
2019/12/21,1478.41
2019/12/22,1478.41
2019/12/23,1485.76
2019/12/24,1499.66
2019/12/25,1499.66
2019/12/26,1511.37
2019/12/27,1511.05
2019/12/28,1511.05
2019/12/29,1511.05
2019/12/30,1515.45
2019/12/31,1520.65
2020/1/1,1520.65
2020/1/2,1531.73
2020/1/3,1531.73
2020/1/4,1551.53
2020/1/5,1551.53
2020/1/6,1568.32
2020/1/7,1575.56
2020/1/8,1572.69
2020/1/9,1553.73
2020/1/10,1562.95
2020/1/11,1562.95
2020/1/12,1562.95
2020/1/13,1549.25
2020/1/14,1548.87
2020/1/15,1558.75
2020/1/16,1554.91
2020/1/17,1557.15
2020/1/18,1557.15
2020/1/19,1557.15
2020/1/20,1561.17
2020/1/21,1558.5
2020/1/22,1559.31
2020/1/23,1564.17
2020/1/24,1570.87
2020/1/25,1570.87
2020/1/26,1570.87
2020/1/27,1582.33
2020/1/28,1570.62
2020/1/29,1577.25
2020/1/30,1575.33
2020/1/31,1590.31
2020/2/1,1590.31
2020/2/2,1590.31
2020/2/3,1578.35
2020/2/4,1556.4
2020/2/5,1556.42
2020/2/6,1567
2020/2/7,1567
2020/2/8,1570.55
2020/2/9,1570.55
2020/2/10,1573.34
2020/2/11,1568.12
2020/2/12,1567.02
2020/2/13,1576.63
2020/2/14,1584.91
2020/2/15,1584.91
2020/2/16,1584.91
2020/2/17,1584.91
2020/2/18,1603.08
2020/2/19,1613.34
2020/2/20,1621.27
2020/2/21,1643.87
2020/2/22,1643.87
2020/2/23,1643.87
2020/2/24,1659.07
2020/2/25,1636.23
2020/2/26,1644.58
2020/2/27,1644.46
2020/2/28,1642.99
2020/2/29,1642.99
2020/3/1,1642.99
2020/3/2,1592.78
2020/3/3,1593.03
2020/3/4,1642.09
2020/3/5,1637.42
2020/3/6,1674.62
2020/3/7,1674.62
2020/3/8,1674.62
2020/3/9,1699.86
2020/3/10,1665.59
2020/3/11,1656.05
2020/3/12,1644.5
2020/3/13,1581.47
2020/3/14,1581.47
2020/3/15,1581.47
2020/3/16,1512.94
2020/3/17,1511.76
2020/3/18,1538.29
2020/3/19,1492.66
2020/3/20,1474.52
2020/3/21,1474.52
2020/3/22,1474.52
2020/3/23,1494.59
2020/3/24,1566.81
2020/3/25,1631.64
2020/3/26,1608.4
2020/3/27,1624.74
2020/3/28,1624.74
2020/3/29,1624.74
2020/3/30,1622.66
2020/3/31,1618.39
2020/4/1,1581.39
2020/4/2,1614.49
2020/4/3,1621.37
2020/4/4,1621.37
2020/4/5,1621.37
2020/4/6,1619.99
2020/4/7,1664.95
2020/4/8,1646.93
2020/4/9,1648.07
2020/4/10,1648.07
2020/4/11,1648.07
2020/4/12,1648.07
2020/4/13,1688.84
2020/4/14,1717.15
2020/4/15,1730.8
2020/4/16,1717.91
2020/4/17,1718.14
2020/4/18,1718.14
2020/4/19,1718.14
2020/4/20,1676.45
2020/4/21,1691.21
2020/4/22,1688
2020/4/23,1711.64
2020/4/24,1726.18
2020/4/25,1726.18
2020/4/26,1726.18
2020/4/27,1723.5
2020/4/28,1708.39
2020/4/29,1706.14
2020/4/30,1711.67
2020/5/1,1685.65
2020/5/2,1685.65
2020/5/3,1685.65
2020/5/4,1702.17
2020/5/5,1706.71
2020/5/6,1703.52
2020/5/7,1693.2
2020/5/8,1715.06
2020/5/9,1715.06
2020/5/10,1715.06
2020/5/11,1705.63
2020/5/12,1697.18
2020/5/13,1705.82
2020/5/14,1718.48
2020/5/15,1731.37
2020/5/16,1731.37
2020/5/17,1731.37
2020/5/18,1732.99
2020/5/19,1746.9
2020/5/20,1748.48
2020/5/21,1727.82
2020/5/22,1736.73
2020/5/23,1736.73
2020/5/24,1736.73
2020/5/25,1730.25
2020/5/26,1732.72
2020/5/27,1709.85
2020/5/28,1721
2020/5/29,1732.07
2020/5/30,1732.07
2020/5/31,1732.07
2020/6/1,1742.56
2020/6/2,1742.18
2020/6/3,1699.17
2020/6/4,1715.53
2020/6/5,1713.79
2020/6/6,1713.79
2020/6/7,1713.79
2020/6/8,1685.88
2020/6/9,1715.34
2020/6/10,1739.85
2020/6/11,1733.63
2020/6/12,1732.32
2020/6/13,1732.32
2020/6/14,1732.32
2020/6/15,1726.07
2020/6/16,1727.99
2020/6/17,1725.62
2020/6/18,1723.76
2020/6/19,1742.15
2020/6/20,1742.15
2020/6/21,1742.15
2020/6/22,1756.14
2020/6/23,1753.95
2020/6/24,1763.36
2020/6/25,1764.12
2020/6/26,1764.11
2020/6/27,1764.11
2020/6/28,1764.11
2020/6/29,1773.31
2020/6/30,1780.67
2020/7/1,1771.03
2020/7/2,1767.54
2020/7/3,1775.46
2020/7/4,1775.46
2020/7/5,1775.46
2020/7/6,1785.2
2020/7/7,1796.06
2020/7/8,1795.4
2020/7/9,1804.16
2020/7/10,1798.97
2020/7/11,1798.97
2020/7/12,1798.97
2020/7/13,1805.08
2020/7/14,1799.22
2020/7/15,1812.95
2020/7/16,1799.37
2020/7/17,1799.34
2020/7/18,1799.34
2020/7/19,1799.34
2020/7/20,1806.75
2020/7/21,1842.83
2020/7/22,1871.77
2020/7/23,1871.77
2020/7/24,1902.27
2020/7/25,1902.27
2020/7/26,1902.27
2020/7/27,1940
2020/7/28,1959.98
2020/7/29,1972.2
2020/7/30,1957.8
2020/7/31,1974.26
2020/8/1,1974.26
2020/8/2,1974.26
2020/8/3,1978.16
2020/8/4,1975
2020/8/5,2037.09
2020/8/6,2064.2
2020/8/7,2067.46
2020/8/8,2067.46
2020/8/9,2067.46
2020/8/10,2031.88
2020/8/11,1913.19
2020/8/12,1917.23
2020/8/13,1940.29
2020/8/14,1944.86
2020/8/15,1944.86
2020/8/16,1944.86
2020/8/17,1986.69
2020/8/18,2005.13
2020/8/19,1929.53
2020/8/20,1940.87
2020/8/21,1952.02
2020/8/22,1952.02
2020/8/23,1952.02
2020/8/24,1930.13
2020/8/25,1929.76
2020/8/26,1927.77
2020/8/27,1951.25
2020/8/28,1929.09
2020/8/29,1929.09
2020/8/30,1929.09
2020/8/31,1968.53
2020/9/1,1969.55
2020/9/2,1970.44
2020/9/3,1946.14
2020/9/4,1933.49
2020/9/5,1933.49
2020/9/6,1933.49
2020/9/7,1936
2020/9/8,1926.57
2020/9/9,1930.42
2020/9/10,1946.81
2020/9/11,1948.1
2020/9/12,1948.1
2020/9/13,1948.1
2020/9/14,1941.52
2020/9/15,1956.03
2020/9/16,1953.07
2020/9/17,1956.18
2020/9/18,1951.17
2020/9/19,1951.17
2020/9/20,1951.17
2020/9/21,1949.66
2020/9/22,1916.58
2020/9/23,1864.2
2020/9/24,1868.2
2020/9/25,1864.88
2020/9/26,1864.88
2020/9/27,1864.88
2020/9/28,1882.4
2020/9/29,1882.4
2020/9/30,1897.09
2020/10/1,1885.6
2020/10/2,1901.94
2020/10/3,1901.94
2020/10/4,1901.94
2020/10/5,1901.3
2020/10/6,1913.55
2020/10/7,1877.97
2020/10/8,1885.98
2020/10/9,1898.74
2020/10/10,1898.74
2020/10/11,1898.74
2020/10/12,1926.84
2020/10/13,1921.18
2020/10/14,1893.22
2020/10/15,1899.07
2020/10/16,1906.48
2020/10/17,1906.48
2020/10/18,1906.48
2020/10/19,1900.29
2020/10/20,1902.64
2020/10/21,1912.96
2020/10/22,1920.61
2020/10/23,1901.99
2020/10/24,1901.99
2020/10/25,1901.99
2020/10/26,1902.64
2020/10/27,1904.84
2020/10/28,1905.96
2020/10/29,1879.35
2020/10/30,1865.58
2020/10/31,1865.58
2020/11/1,1865.58
2020/11/2,1875.37
2020/11/3,1894.03
2020/11/4,1911.4
2020/11/5,1906.42
2020/11/6,1943.96
2020/11/7,1943.96
2020/11/8,1943.96
2020/11/9,1863.28
2020/11/10,1874.01
2020/11/11,1866.14
2020/11/12,1870.6
2020/11/13,1887.97
2020/11/14,1887.97
2020/11/15,1887.97
2020/11/16,1889.53
2020/11/17,1888.74
2020/11/18,1882.21
2020/11/19,1869.93
2020/11/20,1863.91
2020/11/21,1863.91
2020/11/22,1863.91
2020/11/23,1838.8
2020/11/24,1833.64
2020/11/25,1807.58
2020/11/26,1810.08
2020/11/27,1787.58
2020/11/28,1787.58
2020/11/29,1787.58
2020/11/30,1777.65
2020/12/1,1815.69
2020/12/2,1831.66
2020/12/3,1841.87
2020/12/4,1838.05
2020/12/5,1838.05
2020/12/6,1838.05
2020/12/7,1863.15
2020/12/8,1870.75
2020/12/9,1840.25
2020/12/10,1836.96
2020/12/11,1840.14
2020/12/12,1840.14
2020/12/13,1840.14
2020/12/14,1827.84
2020/12/15,1854.21
2020/12/16,1864.99
2020/12/17,1886.21
2020/12/18,1880.7
2020/12/19,1880.7
2020/12/20,1880.7
2020/12/21,1877.84
2020/12/22,1861
2020/12/23,1873.86
2020/12/24,1880.26
2020/12/25,1880.26
2020/12/26,1880.26
2020/12/27,1880.26
2020/12/28,1874.22
2020/12/29,1879.46
2020/12/30,1895.5
2020/12/31,1893.9
2021/1/1,1893.9
2021/1/2,1893.9
2021/1/3,1893.9
2021/1/4,1943.25
2021/1/5,1950.78
2021/1/6,1919.49
2021/1/7,1914.44
2021/1/8,1847.59
2021/1/9,1847.59
2021/1/10,1847.59
2021/1/11,1843.59
2021/1/12,1855.62
2021/1/13,1845.75
2021/1/14,1846.76
2021/1/15,1827.34
2021/1/16,1827.34
2021/1/17,1827.34
2021/1/18,1838.11
2021/1/19,1840.86
2021/1/20,1872.27
2021/1/21,1871.4
2021/1/22,1854.57
2021/1/23,1854.57
2021/1/24,1854.57
2021/1/25,1856.57
2021/1/26,1851.54
2021/1/27,1844.94
2021/1/28,1843.15
2021/1/29,1849.53
2021/1/30,1849.53
2021/1/31,1849.53
2021/2/1,1861.44
2021/2/2,1839.69
2021/2/3,1834.55
2021/2/4,1794.83
2021/2/5,1814.74
2021/2/6,1814.74
2021/2/7,1814.74
2021/2/8,1831.08
2021/2/9,1839.4
2021/2/10,1843.83
2021/2/11,1825.78
2021/2/12,1824.91
2021/2/13,1824.91
2021/2/14,1824.91
2021/2/15,1819.14
2021/2/16,1795.06
2021/2/17,1776.56
2021/2/18,1776.15
2021/2/19,1784.57
2021/2/20,1784.57
2021/2/21,1784.57
2021/2/22,1810.09
2021/2/23,1806.25
2021/2/24,1805.37
2021/2/25,1770.77
2021/2/26,1735
2021/2/27,1735
2021/2/28,1735
2021/3/1,1725.23
2021/3/2,1738.79
2021/3/3,1711.64
2021/3/4,1697.75
2021/3/5,1701.52
2021/3/6,1701.52
2021/3/7,1701.52
2021/3/8,1683.78
2021/3/9,1716.44
2021/3/10,1727.03
2021/3/11,1722.76
2021/3/12,1727.44
2021/3/13,1727.44
2021/3/14,1727.44
2021/3/15,1732.04
2021/3/16,1731.62
2021/3/17,1745.5
2021/3/18,1736.89
2021/3/19,1745.66
2021/3/20,1745.66
2021/3/21,1745.66
2021/3/22,1739.33
2021/3/23,1727.37
2021/3/24,1735.32
2021/3/25,1727.53
2021/3/26,1732.83
2021/3/27,1732.83
2021/3/28,1732.83
2021/3/29,1712.5
2021/3/30,1685.52
2021/3/31,1708.06
2021/4/1,1729.66
2021/4/2,1737.06
2021/4/3,1737.06
2021/4/4,1737.06
2021/4/5,1728.67
2021/4/6,1743.53
2021/4/7,1738.02
2021/4/8,1755.93
2021/4/9,1744.31
2021/4/10,1744.31
2021/4/11,1744.31
2021/4/12,1733.48
2021/4/13,1745.7
2021/4/14,1736.77
2021/4/15,1764.43
2021/4/16,1776.08
2021/4/17,1776.08
2021/4/18,1776.08
2021/4/19,1772.67
2021/4/20,1779.43
2021/4/21,1793.95
2021/4/22,1784.19
2021/4/23,1777.46
2021/4/24,1777.46
2021/4/25,1777.46
2021/4/26,1781.63
2021/4/27,1777.05
2021/4/28,1781.92
2021/4/29,1772.57
2021/4/30,1769.33
2021/5/1,1769.33
2021/5/2,1769.33
2021/5/3,1793.54
2021/5/4,1779.32
2021/5/5,1787.27
2021/5/6,1815.59
2021/5/7,1830.81
2021/5/8,1830.81
2021/5/9,1830.81
2021/5/10,1836.5
2021/5/11,1837.87
2021/5/12,1815.87
2021/5/13,1827.06
2021/5/14,1843.88
2021/5/15,1843.88
2021/5/16,1843.88
2021/5/17,1867.51
2021/5/18,1870.03
2021/5/19,1870.42
2021/5/20,1877.65
2021/5/21,1880.86
2021/5/22,1880.86
2021/5/23,1880.86
2021/5/24,1881.9
2021/5/25,1899.43
2021/5/26,1897.4
2021/5/27,1897.09
2021/5/28,1904.39
2021/5/29,1904.39
2021/5/30,1904.39
2021/5/31,1907.06
2021/6/1,1900.66
2021/6/2,1908.74
2021/6/3,1871.75
2021/6/4,1891.59
2021/6/5,1891.59
2021/6/6,1891.59
2021/6/7,1899.65
2021/6/8,1893.4
2021/6/9,1889.54
2021/6/10,1898.79
2021/6/11,1878.03
2021/6/12,1878.03
2021/6/13,1878.03
2021/6/14,1867.29
2021/6/15,1859.2
2021/6/16,1812.18
2021/6/17,1774.29
2021/6/18,1765.14
2021/6/19,1765.14
2021/6/20,1765.14
2021/6/21,1783.53
2021/6/22,1779.2
2021/6/23,1779.43
2021/6/24,1775.68
2021/6/25,1782.04
2021/6/26,1782.04
2021/6/27,1782.04
2021/6/28,1778.78
2021/6/29,1761.85
2021/6/30,1770.63
2021/7/1,1777.32
2021/7/2,1787.86
2021/7/3,1787.86
2021/7/4,1787.86
2021/7/5,1792.23
2021/7/6,1797.43
2021/7/7,1804.15
2021/7/8,1803.2
2021/7/9,1808.58
2021/7/10,1808.58
2021/7/11,1808.58
2021/7/12,1806.65
2021/7/13,1808.36
2021/7/14,1827.84
2021/7/15,1829.98
2021/7/16,1812.44
2021/7/17,1812.44
2021/7/18,1812.44
2021/7/19,1813.14
2021/7/20,1810.68
2021/7/21,1803.78
2021/7/22,1807.36
2021/7/23,1802.54
2021/7/24,1802.54
2021/7/25,1802.54
2021/7/26,1798
2021/7/27,1799.56
2021/7/28,1807.95
2021/7/29,1829.02
2021/7/30,1814.39
2021/7/31,1814.39
2021/8/1,1814.39
2021/8/2,1815.8
2021/8/3,1811.05
2021/8/4,1812.29
2021/8/5,1805.03
2021/8/6,1764.3
2021/8/7,1764.3
2021/8/8,1764.3
2021/8/9,1730.19
2021/8/10,1729.68
2021/8/11,1752.82
2021/8/12,1753.51
2021/8/13,1779.94
2021/8/14,1779.94
2021/8/15,1779.94
2021/8/16,1788.81
2021/8/17,1786.6
2021/8/18,1788.16
2021/8/19,1781.14
2021/8/20,1781.65
2021/8/21,1781.65
2021/8/22,1781.65
2021/8/23,1805.99
2021/8/24,1803.29
2021/8/25,1791.52
2021/8/26,1792.99
2021/8/27,1817.4
2021/8/28,1817.4
2021/8/29,1817.4
2021/8/30,1810.95
2021/8/31,1814.17
2021/9/1,1814.37
2021/9/2,1810.22
2021/9/3,1828.16
2021/9/4,1828.16
2021/9/5,1828.16
2021/9/6,1823.91
2021/9/7,1795.02
2021/9/8,1789.86
2021/9/9,1795.28
2021/9/10,1788.06
2021/9/11,1788.06
2021/9/12,1788.06
2021/9/13,1794.83
2021/9/14,1805.23
2021/9/15,1794.56
2021/9/16,1754.73
2021/9/17,1754.88
2021/9/18,1754.88
2021/9/19,1754.88
2021/9/20,1764.84
2021/9/21,1775.02
2021/9/22,1768.75
2021/9/23,1743.42
2021/9/24,1750.78
2021/9/25,1750.78
2021/9/26,1750.78
2021/9/27,1750.6
2021/9/28,1734.66
2021/9/29,1726.98
2021/9/30,1757.24
2021/10/1,1760.99
2021/10/2,1760.99
2021/10/3,1760.99
2021/10/4,1770.56
2021/10/5,1760.81
2021/10/6,1763.57
2021/10/7,1757.6
2021/10/8,1757.61
2021/10/9,1757.61
2021/10/10,1757.61
2021/10/11,1754.94
2021/10/12,1760.76
2021/10/13,1793.63
2021/10/14,1796.64
2021/10/15,1767.84
2021/10/16,1767.84
2021/10/17,1767.84
2021/10/18,1765.24
2021/10/19,1769.92
2021/10/20,1782.25
2021/10/21,1783.26
2021/10/22,1793.41
2021/10/23,1793.41
2021/10/24,1793.41
2021/10/25,1808.15
2021/10/26,1793.41
2021/10/27,1797.36
2021/10/28,1799.58
2021/10/29,1783.77
2021/10/30,1783.77
2021/10/31,1783.77
2021/11/1,1793.96
2021/11/2,1788.18
2021/11/3,1770.31
2021/11/4,1792.62
2021/11/5,1818.58
2021/11/6,1818.58
2021/11/7,1818.58
2021/11/8,1824.57
2021/11/9,1832.36
2021/11/10,1850.97
2021/11/11,1862.44
2021/11/12,1865.13
2021/11/13,1865.13
2021/11/14,1865.13
2021/11/15,1863.42
2021/11/16,1851.14
2021/11/17,1868.22
2021/11/18,1859.43
2021/11/19,1846.83
2021/11/20,1846.83
2021/11/21,1846.83
2021/11/22,1805.5
2021/11/23,1789.69
2021/11/24,1789.19
2021/11/25,1789.92
2021/11/26,1793.54
2021/11/27,1793.54
2021/11/28,1793.54
2021/11/29,1785.17
2021/11/30,1775.01
2021/12/1,1782.56
2021/12/2,1769.28
2021/12/3,1783.79
2021/12/4,1783.79
2021/12/5,1783.79
2021/12/6,1779.43
2021/12/7,1784.68
2021/12/8,1783.48
2021/12/9,1776.03
2021/12/10,1783.27
2021/12/11,1783.27
2021/12/12,1783.27
2021/12/13,1787.17
2021/12/14,1771.81
2021/12/15,1777.5
2021/12/16,1799.79
2021/12/17,1798.35
2021/12/18,1798.35
2021/12/19,1798.35
2021/12/20,1791.39
2021/12/21,1789.93
2021/12/22,1804.09
2021/12/23,1809.4
2021/12/24,1806.13
2021/12/25,1806.13
2021/12/26,1806.13
2021/12/27,1812.61
2021/12/28,1806.66
2021/12/29,1805.86
2021/12/30,1815.18
2021/12/31,1827.77
2022/1/1,1827.77
2022/1/2,1827.77
2022/1/3,1802.06
2022/1/4,1815.32
2022/1/5,1811.14
2022/1/6,1791.68
2022/1/7,1797.41
2022/1/8,1797.41
2022/1/9,1797.41
2022/1/10,1802.14
2022/1/11,1822.06
2022/1/12,1827.16
2022/1/13,1823.21
2022/1/14,1818.12
2022/1/15,1818.12
2022/1/16,1818.12
2022/1/17,1819.58
2022/1/18,1814.44
2022/1/19,1840.82
2022/1/20,1839.8
2022/1/21,1834.95
2022/1/22,1834.95
2022/1/23,1834.95
2022/1/24,1843.83
2022/1/25,1848.59
2022/1/26,1820.13
2022/1/27,1798.05
2022/1/28,1792.31
2022/1/29,1792.31
2022/1/30,1792.31
2022/1/31,1797.7
2022/2/1,1801.37
2022/2/2,1807.1
2022/2/3,1805.09
2022/2/4,1808.32
2022/2/5,1808.32
2022/2/6,1808.32
2022/2/7,1821.03
2022/2/8,1826.18
2022/2/9,1833.78
2022/2/10,1827.94
2022/2/11,1859.4
2022/2/12,1859.4
2022/2/13,1859.4
2022/2/14,1871.7
2022/2/15,1854.27
2022/2/16,1870.46
2022/2/17,1899.14
2022/2/18,1898.47
2022/2/19,1898.47
2022/2/20,1898.47
2022/2/21,1908.07
2022/2/22,1899.79
2022/2/23,1909.29
2022/2/24,1905.01
2022/2/25,1889.67
2022/2/26,1889.67
2022/2/27,1889.67
2022/2/28,1909.33
2022/3/1,1945.47
2022/3/2,1929.57
2022/3/3,1936.62
2022/3/4,1972.26
2022/3/5,1972.26
2022/3/6,1972.26
2022/3/7,1998.49
2022/3/8,2050.87
2022/3/9,1992.39
2022/3/10,1997.83
2022/3/11,1988.63
2022/3/12,1988.63
2022/3/13,1988.63
2022/3/14,1951.39
2022/3/15,1918.73
2022/3/16,1928.21
2022/3/17,1943.4
2022/3/18,1921.57
2022/3/19,1921.57
2022/3/20,1921.57
2022/3/21,1936.41
2022/3/22,1922.17
2022/3/23,1943.75
2022/3/24,1957.98
2022/3/25,1958.5
2022/3/26,1958.5
2022/3/27,1958.5
2022/3/28,1923.64
2022/3/29,1919.97
2022/3/30,1933.12
2022/3/31,1937.87
2022/4/1,1925.67
2022/4/2,1925.67
2022/4/3,1925.67
2022/4/4,1932.86
2022/4/5,1923.88
2022/4/6,1925.41
2022/4/7,1932.16
2022/4/8,1947.66
2022/4/9,1947.66
2022/4/10,1947.66
2022/4/11,1953.84
2022/4/12,1966.97
2022/4/13,1977.91
2022/4/14,1973.92
2022/4/15,1974.69
2022/4/16,1974.69
2022/4/17,1974.69
2022/4/18,1979.15
2022/4/19,1950.26
2022/4/20,1957.93
2022/4/21,1951.62
2022/4/22,1932.13
2022/4/23,1932.13
2022/4/24,1932.13
2022/4/25,1898
2022/4/26,1905.53
2022/4/27,1886.55
2022/4/28,1894.77
2022/4/29,1897.57
2022/4/30,1897.57
2022/5/1,1897.57
2022/5/2,1863.2
2022/5/3,1868.44
2022/5/4,1881.45
2022/5/5,1877.32
2022/5/6,1883.65
2022/5/7,1883.65
2022/5/8,1883.65
2022/5/9,1854.13
2022/5/10,1838.42
2022/5/11,1852.58
2022/5/12,1822.18
2022/5/13,1812.39
2022/5/14,1812.39
2022/5/15,1812.39
2022/5/16,1825.12
2022/5/17,1815.34
2022/5/18,1816.94
2022/5/19,1842.21
2022/5/20,1847.18
2022/5/21,1847.18
2022/5/22,1847.18
2022/5/23,1853.69
2022/5/24,1866.72
2022/5/25,1853.9
2022/5/26,1850.7
2022/5/27,1854.38
2022/5/28,1854.38
2022/5/29,1854.38
2022/5/30,1856.24
2022/5/31,1837.49
2022/6/1,1846.5
2022/6/2,1869.13
2022/6/3,1851.74
2022/6/4,1851.74
2022/6/5,1851.74
2022/6/6,1841.76
2022/6/7,1852.36
2022/6/8,1853.49
2022/6/9,1848.26
2022/6/10,1871.78
2022/6/11,1871.78
2022/6/12,1871.78
2022/6/13,1819.61
2022/6/14,1809.22
2022/6/15,1833.99
2022/6/16,1857.49
2022/6/17,1840
2022/6/18,1840
2022/6/19,1840
2022/6/20,1838.78
2022/6/21,1833.12
2022/6/22,1838.11
2022/6/23,1822.87
2022/6/24,1827.67
2022/6/25,1827.67
2022/6/26,1827.67
2022/6/27,1822.91
2022/6/28,1820.09
2022/6/29,1817.97
2022/6/30,1807.46
2022/7/1,1811.71
2022/7/2,1811.71
2022/7/3,1811.71
2022/7/4,1809.1
2022/7/5,1764.8
2022/7/6,1738.94
2022/7/7,1740.39
2022/7/8,1742.83
2022/7/9,1742.83
2022/7/10,1742.83
2022/7/11,1734.3
2022/7/12,1726.2
2022/7/13,1735.7
2022/7/14,1710.31
2022/7/15,1708.1
2022/7/16,1708.1
2022/7/17,1708.1
2022/7/18,1709.43
2022/7/19,1711.85
2022/7/20,1696.85
2022/7/21,1718.95
2022/7/22,1728.24
2022/7/23,1728.24
2022/7/24,1728.24
2022/7/25,1717.45
2022/7/26,1734.13
2022/7/27,1755.95
2022/7/28,1767.08
2022/7/29,1767.08
2022/7/30,1767.08
2022/7/31,1772.49
2022/8/1,1760.66
2022/8/2,1765.39
2022/8/3,1791.45
2022/8/4,1775.46
2022/8/5,1775.46
2022/8/6,1775.46
2022/8/7,1789.08
2022/8/8,1794.46
2022/8/9,1792.53
2022/8/10,1789.91
2022/8/11,1802.86
2022/8/12,1802.86
2022/8/13,1802.86
2022/8/14,1779.79
2022/8/15,1776.18
2022/8/16,1761.91
2022/8/17,1758.71
2022/8/18,1747.59
2022/8/19,1747.59
2022/8/20,1747.59
2022/8/21,1736.54
2022/8/22,1748.4
2022/8/23,1751.26
2022/8/24,1758.8
2022/8/25,1738.85
2022/8/26,1738.85
2022/8/27,1738.85
2022/8/28,1737.57
2022/8/29,1724.22
2022/8/30,1711.31
2022/8/31,1697.93
2022/9/1,1712.02
2022/9/2,1712.02
2022/9/3,1712.02
2022/9/4,1710.94
2022/9/5,1702.5
2022/9/6,1718.65
2022/9/7,1708.72
2022/9/8,1716.4
2022/9/9,1716.4
2022/9/10,1716.4
2022/9/11,1724.84
2022/9/12,1702.33
2022/9/13,1697.6
2022/9/14,1665.3
2022/9/15,1675.37
2022/9/16,1675.37
2022/9/17,1675.37
2022/9/18,1676.08
2022/9/19,1665.1
2022/9/20,1673.99
2022/9/21,1671.37
2022/9/22,1644.09
2022/9/23,1644.09
2022/9/24,1644.09
2022/9/25,1622.49
2022/9/26,1629.25
2022/9/27,1659.99
2022/9/28,1660.78
2022/9/29,1662.38
2022/9/30,1662.38
2022/10/1,1662.38
2022/10/2,1699.93
2022/10/3,1726.28
2022/10/4,1716.31
2022/10/5,1712.93
2022/10/6,1695.1
2022/10/7,1695.1
2022/10/8,1695.1
2022/10/9,1668.91
2022/10/10,1666.59
2022/10/11,1673.43
2022/10/12,1666.77
2022/10/13,1643.71
2022/10/14,1643.71
2022/10/15,1643.71
2022/10/16,1650.44
2022/10/17,1652.23
2022/10/18,1629.38
2022/10/19,1628.15
2022/10/20,1656.66
2022/10/21,1656.66
2022/10/22,1656.66
2022/10/23,1649.76
2022/10/24,1653.36
2022/10/25,1664.91
2022/10/26,1663.37
2022/10/27,1645.34
2022/10/28,1645.34
2022/10/29,1645.34
2022/10/30,1633.76
2022/10/31,1648.22
2022/11/1,1635.51
2022/11/2,1629.61
2022/11/3,1681.15
2022/11/4,1681.15
2022/11/5,1681.15
2022/11/6,1675.79
2022/11/7,1712.64
2022/11/8,1706.86
2022/11/9,1755.82
2022/11/10,1770.72
2022/11/11,1770.72
2022/11/12,1770.72
2022/11/13,1771.55
2022/11/14,1779.22
2022/11/15,1773.95
2022/11/16,1760.47
2022/11/17,1750.03
2022/11/18,1750.03
2022/11/19,1750.03
2022/11/20,1738.16
2022/11/21,1740.29
2022/11/22,1749.7
2022/11/23,1757.65
2022/11/24,1755.51
2022/11/25,1755.51
2022/11/26,1755.51
2022/11/27,1741.53
2022/11/28,1749.98
2022/11/29,1768.56
2022/11/30,1803.06
2022/12/1,1798.49
2022/12/2,1798.49
2022/12/3,1798.49
2022/12/4,1768.97
2022/12/5,1771.18
2022/12/6,1786.18
2022/12/7,1789.24
2022/12/8,1797.84
2022/12/9,1797.84
2022/12/10,1797.84
2022/12/11,1781.45
2022/12/12,1811.14
2022/12/13,1807.53
2022/12/14,1776.91
2022/12/15,1793.7
2022/12/16,1793.7
2022/12/17,1793.7
2022/12/18,1787.89
2022/12/19,1818.13
2022/12/20,1814.64
2022/12/21,1792.79
2022/12/22,1799.19
2022/12/23,1799.19
2022/12/24,1799.19
2022/12/25,1799.19
2022/12/26,1814
2022/12/27,1804.77
2022/12/28,1815.11
2022/12/29,1825.1
2022/12/30,1825.1
2022/12/31,1825.1
2023/1/1,1825.1
2023/1/2,1839.59
2023/1/3,1854.7
2023/1/4,1833.22
2023/1/5,1866.36
2023/1/6,1866.36
2023/1/7,1866.36
2023/1/8,1871.91
2023/1/9,1877.2
2023/1/10,1875.78
2023/1/11,1897.32
2023/1/12,1920.96
2023/1/13,1920.96
2023/1/14,1920.96
2023/1/15,1919.69
2023/1/16,1908.83
2023/1/17,1904.34
2023/1/18,1932.44
2023/1/19,1926.68
2023/1/20,1926.68
2023/1/21,1926.68
2023/1/22,1931.27
2023/1/23,1937.7
2023/1/24,1946.04
2023/1/25,1929.36
2023/1/26,1929.3
2023/1/27,1929.3
2023/1/28,1929.3
2023/1/29,1923.38
2023/1/30,1928.56
2023/1/31,1950.62
2023/2/1,1912.92
2023/2/2,1865.66
2023/2/3,1865.66
2023/2/4,1865.66
2023/2/5,1867.55
2023/2/6,1872.1
2023/2/7,1875.62
2023/2/8,1861.94
2023/2/9,1865.91
2023/2/10,1865.91
2023/2/11,1866.21
2023/2/12,1853.75
2023/2/13,1854.45
2023/2/14,1836.1
2023/2/15,1836.62
2023/2/16,1843
2023/2/17,1843
2023/2/18,1843.3
2023/2/19,1841.9
2023/2/20,1835.27
2023/2/21,1825.53
2023/2/22,1822.45
2023/2/23,1811.74
2023/2/24,1811.74
2023/2/25,1811.74
2023/2/26,1817.3
2023/2/27,1827.03
2023/2/28,1836.8
2023/3/1,1835.93
2023/3/2,1856.78
2023/3/3,1856.78
2023/3/4,1856.78
2023/3/5,1846.95
2023/3/6,1813.77
2023/3/7,1814.12
2023/3/8,1831.15
2023/3/9,1867.87
2023/3/10,1867.87
2023/3/11,1867.73
2023/3/12,1913.86
2023/3/13,1904.17
2023/3/14,1919.84
2023/3/15,1919.46
2023/3/16,1989.87
2023/3/17,1989.87
2023/3/18,1989.87
2023/3/19,1979.07
2023/3/20,1940.44
2023/3/21,1969.95
2023/3/22,1993.46
2023/3/23,1979.11
2023/3/24,1979.11
2023/3/25,1979.11
2023/3/26,1956.73
2023/3/27,1973.99
2023/3/28,1964.66
2023/3/29,1980.59
2023/3/30,1970.07
2023/3/31,1970.07
2023/4/1,1970.07
2023/4/2,1984.53
2023/4/3,2020.63
2023/4/4,2020.78
2023/4/5,2007.97
2023/4/6,2007.97
2023/4/7,2007.97
2023/4/8,2007.97
2023/4/9,1991.61
2023/4/10,2003.71
2023/4/11,2015.07
2023/4/12,2040.59
2023/4/13,2004.72
2023/4/14,2004.72
2023/4/15,2004.72
2023/4/16,1995.25
2023/4/17,2005.52
2023/4/18,1995.22
2023/4/19,2004.95
2023/4/20,1982.99
2023/4/21,1982.99
2023/4/22,1982.99
2023/4/23,1989.25
2023/4/24,1997.44
2023/4/25,1989.21
2023/4/26,1987.9
2023/4/27,1990.16
2023/4/28,1990.16
2023/4/29,1990.16
2023/4/30,1982.75
2023/5/1,2016.88
2023/5/2,2039.07
2023/5/3,2050.36
2023/5/4,2017.26
2023/5/5,2017.26
2023/5/6,2017.26
2023/5/7,2021.35
2023/5/8,2034.62
2023/5/9,2030.44
2023/5/10,2015.15
2023/5/11,2011.53
2023/5/12,2011.53
2023/5/13,2011.53
2023/5/14,2016.58
2023/5/15,1989.43
2023/5/16,1981.8
2023/5/17,1957.8
2023/5/18,1977.36
2023/5/19,1977.36
2023/5/20,1977.36
2023/5/21,1972.05
2023/5/22,1975.35
2023/5/23,1957.84
2023/5/24,1941.31
2023/5/25,1946.93
2023/5/26,1946.93
2023/5/27,1946.93
2023/5/28,1944.85
2023/5/29,1959.63
2023/5/30,1962.93
2023/5/31,1977.75
2023/6/1,1948.44
2023/6/2,1948.44
2023/6/3,1948.44
2023/6/4,1961.96
2023/6/5,1963.8
2023/6/6,1940.16
2023/6/7,1965.44
2023/6/8,1960.93
2023/6/9,1960.93
2023/6/10,1960.93
2023/6/11,1957.87
2023/6/12,1943.9
2023/6/13,1942.65
2023/6/14,1958.24
2023/6/15,1958.83
2023/6/16,1958.83
2023/6/17,1958.83
2023/6/18,1950.83
2023/6/19,1936.55
2023/6/20,1932.48
2023/6/21,1914.25
2023/6/22,1919.7
2023/6/23,1919.7
2023/6/24,1919.7
2023/6/25,1923.41
2023/6/26,1913.91
2023/6/27,1907.87
2023/6/28,1908.28
2023/6/29,1918.9
2023/6/30,1918.9
2023/7/1,1918.9
2023/7/2,1921.88
2023/7/3,1927.29
2023/7/4,1915.5
2023/7/5,1911.03
2023/7/6,1926.54
2023/7/7,1926.54
2023/7/8,1926.54
2023/7/9,1925.41
2023/7/10,1932.47
2023/7/11,1957.6
2023/7/12,1960.74
2023/7/13,1955.3
2023/7/14,1955.3
2023/7/15,1955.3
2023/7/16,1955.09
2023/7/17,1978.94
2023/7/18,1977.05
2023/7/19,1969.26
2023/7/20,1962.1
2023/7/21,1962.1
2023/7/22,1962.1
2023/7/23,1954.95
2023/7/24,1965.22
2023/7/25,1972.14
2023/7/26,1945.77
2023/7/27,1959.14
2023/7/28,1959.14
2023/7/29,1959.14
2023/7/30,1965.57
2023/7/31,1944.26
2023/8/1,1934.84
2023/8/2,1934.45
2023/8/3,1942.79
2023/8/4,1942.79
2023/8/5,1942.79
2023/8/6,1936.7
2023/8/7,1925.32
2023/8/8,1914.4
2023/8/9,1912.38
2023/8/10,1913.71
2023/8/11,1913.71
2023/8/12,1913.71
2023/8/13,1907.37
2023/8/14,1901.97
2023/8/15,1892.05
2023/8/16,1889.53
2023/8/17,1889.36
2023/8/18,1889.36
2023/8/19,1889.36
2023/8/20,1895.01
2023/8/21,1897.71
2023/8/22,1915.74
2023/8/23,1917.01
2023/8/24,1914.45
2023/8/25,1914.45
2023/8/26,1914.45
2023/8/27,1920.34
2023/8/28,1937.66
2023/8/29,1942.43
2023/8/30,1940.33
2023/8/31,1940.09
2023/9/1,1940.09
2023/9/2,1940.09
2023/9/3,1938.68
2023/9/4,1926.21
2023/9/5,1916.76
2023/9/6,1919.82
2023/9/7,1919.51
2023/9/8,1919.51
2023/9/9,1919.51
2023/9/10,1922.61
2023/9/11,1913.7
2023/9/12,1908.47
2023/9/13,1910.85
2023/9/14,1923.68
2023/9/15,1923.68
2023/9/16,1923.68
2023/9/17,1934
2023/9/18,1931.46
2023/9/19,1930.42
2023/9/20,1920.33
2023/9/21,1926.05
2023/9/22,1926.05
2023/9/23,1926.05
2023/9/24,1916.03
2023/9/25,1900.84
2023/9/26,1875.31
2023/9/27,1864.97
2023/9/28,1849.42
2023/9/29,1849.42
2023/9/30,1849.42
2023/10/1,1828.11
2023/10/2,1823.16
2023/10/3,1821.41
2023/10/4,1820.47
2023/10/5,1833.96
2023/10/6,1833.96
2023/10/7,1833.96
2023/10/8,1861.71
2023/10/9,1860.7
2023/10/10,1874.51
2023/10/11,1868.97
2023/10/12,1933.38
2023/10/13,1933.38
2023/10/14,1933.38
2023/10/15,1920.32
2023/10/16,1923.28
2023/10/17,1947.85
2023/10/18,1974.59
2023/10/19,1982.14
2023/10/20,1982.14
2023/10/21,1982.14
2023/10/22,1972.98
2023/10/23,1971.33
2023/10/24,1979.77
2023/10/25,1985.13
2023/10/26,2007.53
2023/10/27,2007.53
2023/10/28,2007.53
2023/10/29,1996.43
2023/10/30,1984.16
2023/10/31,1982.87
2023/11/1,1986.05
2023/11/2,1993.71
2023/11/3,1993.71
2023/11/4,1993.71
2023/11/5,1978.11
2023/11/6,1969.31
2023/11/7,1950.41
2023/11/8,1958.69
2023/11/9,1938.89
2023/11/10,1938.89
2023/11/11,1938.89
2023/11/12,1946.42
2023/11/13,1963.32
2023/11/14,1959.5
2023/11/15,1981.4
2023/11/16,1981.52
2023/11/17,1981.52
2023/11/18,1981.52
2023/11/19,1978.03
2023/11/20,1998.54
2023/11/21,1990.23
2023/11/22,1994
2023/11/23,2002.7
2023/11/24,2002.7
2023/11/25,2002.7
2023/11/26,2014.3
2023/11/27,2041.25
2023/11/28,2044.39
2023/11/29,2036.44
2023/11/30,2072.74
2023/12/1,2072.74
2023/12/2,2072.74
2023/12/3,2029.71
2023/12/4,2019.47
2023/12/5,2025.54
2023/12/6,2028.88
2023/12/7,2005.2
2023/12/8,2005.2
2023/12/9,2005.2
2023/12/10,1981.99
2023/12/11,1979.63
2023/12/12,2027.7
2023/12/13,2036.63
2023/12/14,2020.63
2023/12/15,2020.63
2023/12/16,2020.63
2023/12/17,2027.41
2023/12/18,2040.39
2023/12/19,2031.7
2023/12/20,2045.99
2023/12/21,2053.86
2023/12/22,2053.86
2023/12/23,2053.86
2023/12/24,2053.86
2023/12/25,2067.96
2023/12/26,2077.83
2023/12/27,2065.63
2023/12/28,2063.66
2023/12/29,2063.66
2023/12/30,2063.66
2023/12/31,2063.66
2024/1/1,2059.05
2024/1/2,2041.62
2024/1/3,2043.65
2024/1/4,2046.39
2024/1/5,2046.39
2024/1/6,2046.39
2024/1/7,2028.21
2024/1/8,2030.4
2024/1/9,2024.55
2024/1/10,2028.97
2024/1/11,2049.89
2024/1/12,2049.89
2024/1/13,2049.89
2024/1/14,2057.34
2024/1/15,2028.8
2024/1/16,2006.56
2024/1/17,2023.26
2024/1/18,2030.44
2024/1/19,2030.44
2024/1/20,2030.44
2024/1/21,2021.8
2024/1/22,2029.57
2024/1/23,2013.84
2024/1/24,2021.05
2024/1/25,2019.23
2024/1/26,2019.23
2024/1/27,2019.23
2024/1/28,2033.45
2024/1/29,2037.05
2024/1/30,2039.8
2024/1/31,2055.05
2024/2/1,2038.07
2024/2/2,2040.62
2024/2/3,2040.62
2024/2/4,2025.33
2024/2/5,2036.05
2024/2/6,2035.22
2024/2/7,2034.61
2024/2/8,2024.61
2024/2/9,2025.42
2024/2/10,2025.42
2024/2/11,2020.2
2024/2/12,1993.19
2024/2/13,1992.5
2024/2/14,2004.56
2024/2/15,2013.81
2024/2/16,2013.81
2024/2/17,2013.81
2024/2/18,2018.17
2024/2/19,2024.34
2024/2/20,2026.04
2024/2/21,2024.59
2024/2/22,2036.27
2024/2/23,2036.27
2024/2/24,2036.54
2024/2/25,2031.32
2024/2/26,2030.53
2024/2/27,2034.55
2024/2/28,2044.41
2024/2/29,2083.63
2024/3/1,2083.63
2024/3/2,2083.63
2024/3/3,2114.94
2024/3/4,2127.98
2024/3/5,2148.57
2024/3/6,2160.75
2024/3/7,2177.3
2024/3/8,2177.3
2024/3/9,2177.3
2024/3/10,2182.78
2024/3/11,2159.03
2024/3/12,2174.62
2024/3/13,2162.31
2024/3/14,2157.16
2024/3/15,2157.02
2024/3/16,2157.02
2024/3/17,2160.58
2024/3/18,2157.99
2024/3/19,2186.45
2024/3/20,2181.51
2024/3/21,2165.68
2024/3/22,2165.68
2024/3/23,2166.19
2024/3/24,2171.82
2024/3/25,2178.9
2024/3/26,2194.98
2024/3/27,2234.51
2024/3/28,2235.03
2024/3/29,2235.03
2024/3/30,2235.03
2024/3/31,2251.61
2024/4/1,2280.79
2024/4/2,2299.86
2024/4/3,2291.34
2024/4/4,2327.89
2024/4/5,2331.1
2024/4/6,2331.1
2024/4/7,2339.58
2024/4/8,2352.95
2024/4/9,2334.38
2024/4/10,2372.6
2024/4/11,2343.18
2024/4/12,2345.48
2024/4/13,2345.48
2024/4/14,2383.2
2024/4/15,2382.69
2024/4/16,2360.26
2024/4/17,2379.57
2024/4/18,2390.21
2024/4/19,2393.23
2024/4/20,2393.23
2024/4/21,2327.34
2024/4/22,2322.24
2024/4/23,2316.05
2024/4/24,2332.55
2024/4/25,2336.97
2024/4/26,2338.98
2024/4/27,2338.99
2024/4/28,2335.7
2024/4/29,2286.02
2024/4/30,2319.28
2024/5/1,2304.05
2024/5/2,2302.57
2024/5/3,2302.41
2024/5/4,2302.41
2024/5/5,2324.23
2024/5/6,2314.27
2024/5/7,2308.55
2024/5/8,2346.35
2024/5/9,2361.8
2024/5/10,2361.8
2024/5/11,2361.74
2024/5/12,2336.56
2024/5/13,2358.18
2024/5/14,2386.16
2024/5/15,2376.84
2024/5/16,2417.97
2024/5/17,2415.8
2024/5/18,2415.8
2024/5/19,2426.53
2024/5/20,2420.98
2024/5/21,2378.8
2024/5/22,2328.88
2024/5/23,2334.46
2024/5/24,2335.12
2024/5/25,2335.12
2024/5/26,2352.48
2024/5/27,2361.57
2024/5/28,2337.98
2024/5/29,2343.46
2024/5/30,2329.69
2024/5/31,2329.69
2024/6/1,2328.46
2024/6/2,2350.99
2024/6/3,2327.06
2024/6/4,2355.52
2024/6/5,2376.01
2024/6/6,2291.62
2024/6/7,2294.63
2024/6/8,2294.63
2024/6/9,2311.16
2024/6/10,2317.08
2024/6/11,2325.19
2024/6/12,2304.17
2024/6/13,2332.42
2024/6/14,2333.94
2024/6/15,2333.94
2024/6/16,2319.27
2024/6/17,2329.64
2024/6/18,2328.81
2024/6/19,2360.15
2024/6/20,2321.64
2024/6/21,2321.64
2024/6/22,2321.64
2024/6/23,2334.65
2024/6/24,2319.67
2024/6/25,2298.52
2024/6/26,2327.88
2024/6/27,2325.62
2024/6/28,2325.62
2024/6/29,2325.62
2024/6/30,2331.95
2024/7/1,2329.73
2024/7/2,2356.33
2024/7/3,2357.22
2024/7/4,2391.5
2024/7/5,2392.48
2024/7/6,2392.48
2024/7/7,2359.28
2024/7/8,2364.27
2024/7/9,2371.72
2024/7/10,2415.58
2024/7/11,2411.92
2024/7/12,2412.06
2024/7/13,2412.06
2024/7/14,2422.51
2024/7/15,2469
2024/7/16,2459.11
2024/7/17,2445.54
2024/7/18,2431.28
2024/7/19,2431.28
2024/7/20,2431.28
2024/7/21,2396.66
2024/7/22,2409.67
2024/7/23,2397.29
2024/7/24,2372.67
2024/7/25,2388.12
2024/7/26,2388.12
2024/7/27,2388.12
2024/7/28,2384.25
2024/7/29,2411.07
2024/7/30,2447.86
2024/7/31,2446.57
2024/8/1,2444.09
2024/8/2,2443.92
2024/8/3,2443.92
2024/8/4,2410.94
2024/8/5,2392.33
2024/8/6,2383.18
2024/8/7,2427.72
2024/8/8,2432.47
2024/8/9,2432.38
2024/8/10,2432.38
2024/8/11,2472.78
2024/8/12,2465.19
2024/8/13,2447.91
2024/8/14,2456.83
2024/8/15,2509.24
2024/8/16,2508.43
2024/8/17,2508.43
2024/8/18,2504.41
2024/8/19,2514.27
2024/8/20,2512.52
2024/8/21,2484.95
2024/8/22,2511.16
2024/8/23,2513.8
2024/8/24,2513.8
2024/8/25,2518.28
2024/8/26,2524.82
2024/8/27,2504.76
2024/8/28,2521.69
2024/8/29,2502.72
2024/8/30,2503.82
2024/8/31,2503.82
2024/9/1,2505.5
2024/9/2,2493.17
2024/9/3,2495.91
2024/9/4,2517.13
2024/9/5,2496.49
2024/9/6,2498.18
2024/9/7,2498.17
2024/9/8,2506.57
2024/9/9,2516.92
2024/9/10,2511.94
2024/9/11,2558.95
2024/9/12,2557.93
2024/9/13,2557.93
2024/9/14,2557.93
2024/9/15,2582.76
2024/9/16,2569.56
2024/9/17,2559.49
2024/9/18,2586.97
2024/9/19,2621.43
2024/9/20,2621.43
2024/9/21,2621.43
2024/9/22,2628.91
2024/9/23,2657.49
2024/9/24,2657.48
2024/9/25,2672.55
2024/9/26,2653.72
2024/9/27,2653.72
2024/9/28,2653.72
2024/9/29,2634.95
2024/9/30,2663.59
2024/10/1,2658.95
2024/10/2,2647.82
2024/10/3,2647.82
2024/10/4,2647.82
2024/10/5,2647.82
2024/10/6,2642.77
2024/10/7,2621.91
2024/10/8,2607.96
2024/10/9,2630.12
2024/10/10,2656.95
2024/10/11,2656.95
2024/10/12,2656.95
2024/10/13,2649.14
2024/10/14,2662.78
2024/10/15,2674
2024/10/16,2693.17
2024/10/17,2700.34
2024/10/18,2700.34
2024/10/19,2700.34
2024/10/20,2719.75
2024/10/21,2749.35
2024/10/22,2715.71
2024/10/23,2736.39
2024/10/24,2745.49
2024/10/25,2748.61
2024/10/26,2748.61
2024/10/27,2742.61
2024/10/28,2774.95
2024/10/29,2787.69
2024/10/30,2744.14
2024/10/31,2734.77
2024/11/1,2734.77
2024/11/2,2734.77
2024/11/3,2736.77
2024/11/4,2744.33
2024/11/5,2659.35
2024/11/6,2706.63
2024/11/7,2697.11
2024/11/8,2685.46
2024/11/9,2685.46
2024/11/10,2619.73
2024/11/11,2598.41
2024/11/12,2573.12
2024/11/13,2565.15
2024/11/14,2561.77
2024/11/15,2563.42
2024/11/16,2563.42
2024/11/17,2612.14
2024/11/18,2632.35
2024/11/19,2650.65
2024/11/20,2670.08
2024/11/21,2712.21
2024/11/22,2712.21
2024/11/23,2712.21
2024/11/24,2625.41
2024/11/25,2633.19
2024/11/26,2636.2
2024/11/27,2638.15
2024/11/28,2651.89
2024/11/29,2651.89
2024/11/30,2651.89
2024/12/1,2639.15
2024/12/2,2643.86
2024/12/3,2650.11
2024/12/4,2632.14
2024/12/5,2633.11
2024/12/6,2633.99
2024/12/7,2633.99
2024/12/8,2660.45
2024/12/9,2694.33
2024/12/10,2718.51
2024/12/11,2681.11
2024/12/12,2650.07
2024/12/13,2650.07
2024/12/14,2649.44
2024/12/15,2653.06
2024/12/16,2646.33
2024/12/17,2585.56
2024/12/18,2594.34
2024/12/19,2621.89
2024/12/20,2621.89
2024/12/21,2621.89
2024/12/22,2613.08
2024/12/23,2617.58
2024/12/24,2617.58
2024/12/25,2633.7
2024/12/26,2619.07
2024/12/27,2619.07
2024/12/28,2619.07
2024/12/29,2605.96
2024/12/30,2624.11
2024/12/31,2624.11
2025/1/1,2658.24
2025/1/2,2640.21
2025/1/3,2640.21
2025/1/4,2640.61
2025/1/5,2636.58
2025/1/6,2648.91
2025/1/7,2661.97
2025/1/8,2670.53
2025/1/9,2689.26
2025/1/10,2689.26
2025/1/11,2689.26
2025/1/12,2663.36
2025/1/13,2678.04
2025/1/14,2697.02
2025/1/15,2714.52
2025/1/16,2714.76
2025/1/17,2703.83
2025/1/18,2703.83
2025/1/19,2708.61
2025/1/20,2745.16
2025/1/21,2756.41
2025/1/22,2754.96
2025/1/23,2769.11
2025/1/24,2769.11
2025/1/25,2769.11
2025/1/26,2769.11
2025/1/27,2769.11
2025/1/28,2769.11
2025/1/29,2769.11
2025/1/30,2799.91
2025/1/31,2799.91
2025/2/1,2799.91
2025/2/2,2814.86
2025/2/3,2842.71
2025/2/4,2866.74
2025/2/5,2856.28
2025/2/6,2861.13
2025/2/7,2861.62
2025/2/8,2861.62
2025/2/9,2908.26
2025/2/10,2897.65
2025/2/11,2904.64
2025/2/12,2928.11
2025/2/13,2932.72
2025/2/14,2883.88
2025/2/15,2883.88
2025/2/16,2899.52
2025/2/17,2935.68
2025/2/18,2933.69
2025/2/19,2936.38
2025/2/20,2937.76
2025/2/21,2937.14
2025/2/22,2937.14
2025/2/23,2953.2
2025/2/24,2915.15
2025/2/25,2916.72
2025/2/26,2877.56
2025/2/27,2858.12
2025/2/28,2858.12
2025/3/1,2858.12
2025/3/2,2893.45
2025/3/3,2917.74
2025/3/4,2919.55
2025/3/5,2911.87
2025/3/6,2906.04
2025/3/7,2906.04
2025/3/8,2906.04
2025/3/9,2889.02
2025/3/10,2916.36
2025/3/11,2934.11
2025/3/12,2989.4
2025/3/13,2988.25
2025/3/14,2988.25
2025/3/15,2986.54
2025/3/16,3001.24
2025/3/17,3034.76
2025/3/18,3047.81
2025/3/19,3045.1
2025/3/20,3023.35
2025/3/21,3023.35
2025/3/22,3024.55
2025/3/23,3012.44
2025/3/24,3020.22
2025/3/25,3019.92
2025/3/26,3056.45
2025/3/27,3083.69
2025/3/28,3083.69
2025/3/29,3086.31
2025/3/30,3123.68
2025/3/31,3114.18
2025/4/1,3136.62
2025/4/2,3164.73
2025/4/3,3036.22
2025/4/4,3036.22
2025/4/5,3040.6
2025/4/6,2983.42
2025/4/7,2982.78
2025/4/8,3082.86
2025/4/9,3175.88
2025/4/10,3188.42
2025/4/11,3188.42
2025/4/12,3188.42
2025/4/13,3210.86
2025/4/14,3230.32
2025/4/15,3343.32
2025/4/16,3328.12
2025/4/17,3328.12
2025/4/18,3328.12
2025/4/19,3328.12
2025/4/20,3424.76
2025/4/21,3381.32
2025/4/22,3288.89
2025/4/23,3348.95
2025/4/24,3314.77
2025/4/25,3320.04
2025/4/26,3320.04
2025/4/27,3344.13
2025/4/28,3317.51
2025/4/29,3313.66
2025/4/30,3313.66
2025/5/1,3313.66
2025/5/2,3313.66
2025/5/3,3313.66
2025/5/4,3333.79
2025/5/5,3431.73
2025/5/6,3365.03
2025/5/7,3386.14
2025/5/8,3386.14
2025/5/9,3386.14
2025/5/10,3386.14
2025/5/11,3235.65
2025/5/12,3250.37
2025/5/13,3177.52
2025/5/14,3240.14
2025/5/15,3198.97
2025/5/16,3198.97
2025/5/17,3198.97
2025/5/18,3229.88
2025/5/19,3290.4
2025/5/20,3315.61
2025/5/21,3295.31
2025/5/22,3358.42
2025/5/23,3358.42
2025/5/24,3358.42
2025/5/25,3343.29
2025/5/26,3301.67
2025/5/27,3287.91
2025/5/28,3318.44
2025/5/29,3292.29
2025/5/30,3292.29
2025/5/31,3289.96
2025/6/1,3381.69
2025/6/2,3353.99
2025/6/3,3373.24
2025/6/4,3381.01
2025/6/5,3311.34
2025/6/6,3311.34
2025/6/7,3311.34
2025/6/8,3325.75
2025/6/9,3323.28
2025/6/10,3355.7
2025/6/11,3386.72
2025/6/12,3434.18
2025/6/13,3434.18
2025/6/14,3434.18
2025/6/15,3384.94
2025/6/16,3388.48
2025/6/17,3369.24
2025/6/18,3371.92
2025/6/19,3366.1
2025/6/20,3366.1
2025/6/21,3366.1
2025/6/22,3369.27
2025/6/23,3324.19
2025/6/24,3332.84
2025/6/25,3328.35
2025/6/26,3273.7
2025/6/27,3273.7
2025/6/28,3273.7
2025/6/29,3303.61
2025/6/30,3338.62
2025/7/1,3357.63
2025/7/2,3326.69
2025/7/3,3338.69
2025/7/4,3338.69
2025/7/5,3338.69
2025/7/6,3337.09
2025/7/7,3301.98
2025/7/8,3314.27
2025/7/9,3324.59
2025/7/10,3358.25
2025/7/11,3358.25
2025/7/12,3358.25
2025/7/13,3344.1
2025/7/14,3324.76
2025/7/15,3348.72
2025/7/16,3339.84
2025/7/17,3351.27
2025/7/18,3351.27
2025/7/19,3351.27
2025/7/20,3397.87
2025/7/21,3431.92
2025/7/22,3387.86
2025/7/23,3368.92
2025/7/24,3339.2
2025/7/25,3337.79
2025/7/26,3337.79
2025/7/27,3315.44
2025/7/28,3327.11
2025/7/29,3275.73
2025/7/30,3290.92
2025/7/31,3362.83
2025/8/1,3362.83
2025/8/2,3362.83
2025/8/3,3374.38
2025/8/4,3381.41
2025/8/5,3369.55
2025/8/6,3397.91
2025/8/7,3398.34
2025/8/8,3398.34
2025/8/9,3398.34
2025/8/10,3343.16
2025/8/11,3348.51
2025/8/12,3356.76
2025/8/13,3335.59
2025/8/14,3336.45
2025/8/15,3336.45
2025/8/16,3336.45
2025/8/17,3333.31
2025/8/18,3316.65
2025/8/19,3349.09
2025/8/20,3339.5
2025/8/21,3371.85
2025/8/22,3371.85
2025/8/23,3371.85
2025/8/24,3366.69
2025/8/25,3394.32
2025/8/26,3397.89
2025/8/27,3418.05
2025/8/28,3449.64
2025/8/29,3449.64
2025/8/30,3449.64
2025/8/31,3477.07
2025/9/1,3534.2
2025/9/2,3560.26
2025/9/3,3547.11
2025/9/4,3590.14
2025/9/5,3590.14
2025/9/6,3590.14
2025/9/7,3636.85
2025/9/8,3626.65
2025/9/9,3641.05
2025/9/10,3634.48
2025/9/11,3642.57
2025/9/12,3642.57
2025/9/13,3642.57
2025/9/14,3679.88
2025/9/15,3690.76
2025/9/16,3660.66
2025/9/17,3645.11
2025/9/18,3684.86
2025/9/19,3684.86
2025/9/20,3684.86
2025/9/21,3747.17
2025/9/22,3765.14
2025/9/23,3736.71
2025/9/24,3750.39
2025/9/25,3763.12
2025/9/26,3761.77
2025/9/27,3761.77
2025/9/28,3834.04
2025/9/29,3859.31
2025/9/30,3866.32
2025/10/1,3857.69
2025/10/2,3885.05
2025/10/3,3885.05
2025/10/4,3885.05
2025/10/5,3960.88
2025/10/6,3985.46
2025/10/7,4041.63
2025/10/8,3977.6
2025/10/9,4013.08
2025/10/10,4013.08
2025/10/11,4013.08
2025/10/12,4111.61
2025/10/13,4143.49
2025/10/14,4209.04
2025/10/15,4329
2025/10/16,4248.14
2025/10/17,4248.14
2025/10/18,4248.14
2025/10/19,4357.08
2025/10/20,4126.99
2025/10/21,4098.8
2025/10/22,4126.68
2025/10/23,4109.57
2025/10/24,4109.57
2025/10/25,4109.57
2025/10/26,3982.09
2025/10/27,3952.92
2025/10/28,3930.04
2025/10/29,4024.83
2025/10/30,4003.52
2025/10/31,4003.52
2025/11/1,4003.52
2025/11/2,4002.14
2025/11/3,3932.42
2025/11/4,3980.22
2025/11/5,3977.54
2025/11/6,4000.55
2025/11/7,4000.55
2025/11/8,4000.55
2025/11/9,4116.31
2025/11/10,4127.32
2025/11/11,4196.01
2025/11/12,4171.72
2025/11/13,4081.16
2025/11/14,4081.16
2025/11/15,4081.16
2025/11/16,4045.73
2025/11/17,4067.81
2025/11/18,4078.32
2025/11/19,4077.21
2025/11/20,4065.07
2025/11/21,4065.07
2025/11/22,4065.07
2025/11/23,4135.74
2025/11/24,4131.11
2025/11/25,4163.65
2025/11/26,4159.02
2025/11/27,4239.3
2025/11/28,4239.3
2025/11/29,4239.3
2025/11/30,4232.27
2025/12/1,4206.66
2025/12/2,4203.66
2025/12/3,4208.75
2025/12/4,4194.79
2025/12/5,4198.41
2025/12/6,4198.46
2025/12/7,4191.03
2025/12/8,4208.26
2025/12/9,4228.82
2025/12/10,4280.6
2025/12/11,4301.88
2025/12/12,4300.08
2025/12/13,4300.08
2025/12/14,4305.59
2025/12/15,4303.19
2025/12/16,4338.66
2025/12/17,4333.1
2025/12/18,4338.72
2025/12/19,4338.72
2025/12/20,4338.72
2025/12/21,4444.03
2025/12/22,4484.28
2025/12/23,4478.78
2025/12/24,4478.78
2025/12/25,4532.85
2025/12/26,4532.85
2025/12/27,4532.85
2025/12/28,4332.98
2025/12/29,4338.97
2025/12/30,4321.65
