2001-09-09,271.75
2001-09-10,286.25
2001-09-11,278.25
2001-09-12,281.25
2001-09-13,285.55
2001-09-16,289.45
2001-09-17,287.75
2001-09-18,290.5
2001-09-19,288.65
2001-09-20,291.45
2001-09-23,289.25
2001-09-24,289.75
2001-09-25,293.25
2001-09-26,291.95
2001-09-27,293.25
2001-09-30,291.7
2001-10-01,289.45
2001-10-02,289.45
2001-10-03,289.85
2001-10-04,291
2001-10-07,291.9
2001-10-08,288
2001-10-09,284.85
2001-10-10,281.25
2001-10-11,284.45
2001-10-14,281.45
2001-10-15,281.35
2001-10-16,282.45
2001-10-17,279.45
2001-10-18,279.65
2001-10-21,275.55
2001-10-22,275.95
2001-10-23,275.45
2001-10-24,277.25
2001-10-25,277.35
2001-10-28,279.27
2001-10-29,280.5
2001-10-30,279.65
2001-10-31,279.65
2001-11-01,279.95
2001-11-04,278.95
2001-11-05,280.25
2001-11-06,280.75
2001-11-07,276.75
2001-11-08,277.45
2001-11-11,278.25
2001-11-12,277.55
2001-11-13,278.3
2001-11-14,275.35
2001-11-15,274.85
2001-11-18,272.95
2001-11-19,273.48
2001-11-20,273.15
2001-11-21,272.85
2001-11-22,272.9
2001-11-25,273.15
2001-11-26,273.45
2001-11-27,274.35
2001-11-28,274.05
2001-11-29,274.4
2001-12-02,277.25
2001-12-03,275.7
2001-12-04,274.45
2001-12-05,274.55
2001-12-06,274.55
2001-12-09,273.15
2001-12-10,272.8
2001-12-11,274.55
2001-12-12,274.45
2001-12-13,278.45
2001-12-16,278.15
2001-12-17,280.45
2001-12-18,276.15
2001-12-19,276.25
2001-12-20,278.15
2001-12-23,278.05
2001-12-24,278.75
2001-12-25,279.38
2001-12-26,277.05
2001-12-27,276.55
2001-12-30,278.95
2001-12-31,278.95
2002-01-01,278.75
2002-01-02,278.45
2002-01-03,278.95
2002-01-06,278.75
2002-01-07,279.05
2002-01-08,283.95
2002-01-09,286.35
2002-01-10,287.55
2002-01-13,284.95
2002-01-14,284.65
2002-01-15,287.15
2002-01-16,284.05
2002-01-17,283.55
2002-01-20,282.55
2002-01-21,282
2002-01-22,279.25
2002-01-23,278.98
2002-01-24,279.45
2002-01-27,278.65
2002-01-28,281.85
2002-01-29,281.9
2002-01-30,282.55
2002-01-31,286.25
2002-02-03,289.9
2002-02-04,297.55
2002-02-05,297
2002-02-06,301.15
2002-02-07,303.75
2002-02-10,299.75
2002-02-11,300.25
2002-02-12,299.25
2002-02-13,300
2002-02-14,297.85
2002-02-17,297.75
2002-02-18,293.1
2002-02-19,291.45
2002-02-20,292.75
2002-02-21,292.75
2002-02-24,292.55
2002-02-25,297.75
2002-02-26,296.8
2002-02-27,296.55
2002-02-28,298.15
2002-03-03,296.85
2002-03-04,293.95
2002-03-05,293.5
2002-03-06,289.55
2002-03-07,289.75
2002-03-10,290.7
2002-03-11,293.85
2002-03-12,293.35
2002-03-13,291.25
2002-03-14,290.05
2002-03-17,292.57
2002-03-18,293.2
2002-03-19,292.45
2002-03-20,293.15
2002-03-21,297.75
2002-03-24,298.25
2002-03-25,296.75
2002-03-26,302.38
2002-03-27,302.65
2002-03-28,302.65
2002-03-31,303.35
2002-04-01,305.85
2002-04-02,302.55
2002-04-03,301
2002-04-04,300.05
2002-04-07,300.5
2002-04-08,298.55
2002-04-09,301.25
2002-04-10,302.6
2002-04-11,302.15
2002-04-14,299.85
2002-04-15,299
2002-04-16,302.05
2002-04-17,303.65
2002-04-18,302.35
2002-04-21,302.9
2002-04-22,303.65
2002-04-23,304.05
2002-04-24,307.65
2002-04-25,311.35
2002-04-28,311.1
2002-04-29,308.45
2002-04-30,308.75
2002-05-01,307.85
2002-05-02,311.95
2002-05-05,312.3
2002-05-06,311.45
2002-05-07,308.15
2002-05-08,309.55
2002-05-09,311.05
2002-05-12,310.85
2002-05-13,307.65
2002-05-14,309.05
2002-05-15,309.85
2002-05-16,311.05
2002-05-19,315.95
2002-05-20,316.15
2002-05-21,317.95
2002-05-22,322.05
2002-05-23,320.55
2002-05-26,320.25
2002-05-27,324.25
2002-05-28,325.05
2002-05-29,325.05
2002-05-30,326.55
2002-06-02,327.65
2002-06-03,327.85
2002-06-04,321.45
2002-06-05,325.65
2002-06-06,323.95
2002-06-09,319.05
2002-06-10,321.05
2002-06-11,319.25
2002-06-12,318.15
2002-06-13,319.35
2002-06-16,316.85
2002-06-17,320.05
2002-06-18,320.85
2002-06-19,323.95
2002-06-20,324.65
2002-06-23,322.45
2002-06-24,321.35
2002-06-25,319.25
2002-06-26,318.25
2002-06-27,314.45
2002-06-30,315.15
2002-07-01,312.95
2002-07-02,311.15
2002-07-03,310.75
2002-07-04,311.55
2002-07-07,312.85
2002-07-08,316.85
2002-07-09,316.35
2002-07-10,316.5
2002-07-11,316.05
2002-07-14,318.15
2002-07-15,318.25
2002-07-16,317.65
2002-07-17,317.95
2002-07-18,323.95
2002-07-21,323.15
2002-07-22,313.25
2002-07-23,311.25
2002-07-24,310.05
2002-07-25,303.75
2002-07-28,302.55
2002-07-29,304.75
2002-07-30,303.55
2002-07-31,304.65
2002-08-01,307.35
2002-08-04,308.15
2002-08-05,306.35
2002-08-06,314.05
2002-08-07,310.65
2002-08-08,314.55
2002-08-11,314.25
2002-08-12,315.65
2002-08-13,311.65
2002-08-14,314.65
2002-08-15,313.95
2002-08-18,306.75
2002-08-19,309.45
2002-08-20,308.05
2002-08-21,307.05
2002-08-22,307.05
2002-08-25,309.45
2002-08-26,312.75
2002-08-27,310.05
2002-08-28,313.45
2002-08-29,312.75
2002-09-01,312.25
2002-09-02,314.15
2002-09-03,314.65
2002-09-04,319.25
2002-09-05,320.25
2002-09-08,321.25
2002-09-09,317.75
2002-09-10,317.65
2002-09-11,319.05
2002-09-12,316.85
2002-09-15,317.45
2002-09-16,318.35
2002-09-17,320.35
2002-09-18,323.35
2002-09-19,322.15
2002-09-22,323.25
2002-09-23,326.15
2002-09-24,322.25
2002-09-25,320.05
2002-09-26,319.95
2002-09-29,323.55
2002-09-30,320.35
2002-10-01,323.05
2002-10-02,321.65
2002-10-03,322.25
2002-10-06,322.45
2002-10-07,318.25
2002-10-08,320.05
2002-10-09,316.85
2002-10-10,316.75
2002-10-13,317.95
2002-10-14,313.55
2002-10-15,314.55
2002-10-16,311.45
2002-10-17,312.85
2002-10-20,311.15
2002-10-21,313.05
2002-10-22,311.95
2002-10-23,311.65
2002-10-24,313.85
2002-10-27,315.65
2002-10-28,316.85
2002-10-29,316.05
2002-10-30,317.75
2002-10-31,319.75
2002-11-03,318.55
2002-11-04,317.75
2002-11-05,318.15
2002-11-06,321.05
2002-11-07,321.55
2002-11-10,321.75
2002-11-11,324.45
2002-11-12,319.15
2002-11-13,318.25
2002-11-14,320.55
2002-11-17,319.25
2002-11-18,318.95
2002-11-19,317.85
2002-11-20,317.65
2002-11-21,321.05
2002-11-24,318.15
2002-11-25,318.35
2002-11-26,316.75
2002-11-27,317.85
2002-11-28,318.15
2002-12-01,317.85
2002-12-02,320.75
2002-12-03,322.15
2002-12-04,324.65
2002-12-05,326.25
2002-12-08,326
2002-12-09,323.75
2002-12-10,324.85
2002-12-11,331.25
2002-12-12,333.15
2002-12-15,336.65
2002-12-16,336.75
2002-12-17,343.25
2002-12-18,345.55
2002-12-19,340.75
2002-12-22,345.65
2002-12-23,346.55
2002-12-24,343.85
2002-12-25,349.65
2002-12-26,349.25
2002-12-29,343.65
2002-12-30,348.05
2002-12-31,348.05
2003-01-01,346.05
2003-01-02,351.25
2003-01-05,351.25
2003-01-06,347.25
2003-01-07,353.63
2003-01-08,352.75
2003-01-09,354.75
2003-01-12,354.55
2003-01-13,351.35
2003-01-14,350.75
2003-01-15,357.45
2003-01-16,356.55
2003-01-19,355.75
2003-01-20,357.75
2003-01-21,361.85
2003-01-22,363.05
2003-01-23,368.25
2003-01-26,369.65
2003-01-27,369.25
2003-01-28,365.95
2003-01-29,370.35
2003-01-30,368.15
2003-02-02,371.05
2003-02-03,381.25
2003-02-04,371.75
2003-02-05,370.05
2003-02-06,369.75
2003-02-09,362.15
2003-02-10,363.88
2003-02-11,352.75
2003-02-12,356.55
2003-02-13,351.55
2003-02-16,345.55
2003-02-17,343.55
2003-02-18,349.45
2003-02-19,352.25
2003-02-20,351.35
2003-02-23,357.75
2003-02-24,351.85
2003-02-25,354.35
2003-02-26,345.45
2003-02-27,349.95
2003-03-02,349.05
2003-03-03,354.25
2003-03-04,353.55
2003-03-05,356.25
2003-03-06,350.75
2003-03-09,354.45
2003-03-10,350.65
2003-03-11,345.75
2003-03-12,334.35
2003-03-13,336.35
2003-03-16,336.55
2003-03-17,337.85
2003-03-18,336.45
2003-03-19,332.25
2003-03-20,326.05
2003-03-23,329.65
2003-03-24,328.55
2003-03-25,330.25
2003-03-26,329.25
2003-03-27,331.85
2003-03-30,337.45
2003-03-31,334.95
2003-04-01,329.95
2003-04-02,325.25
2003-04-03,325.55
2003-04-06,323.05
2003-04-07,322.75
2003-04-08,326.85
2003-04-09,326.55
2003-04-10,328.05
2003-04-13,324.85
2003-04-14,324.95
2003-04-15,326.45
2003-04-16,327.15
2003-04-17,325.95
2003-04-20,333.55
2003-04-21,332.95
2003-04-22,331.25
2003-04-23,334.45
2003-04-24,333.25
2003-04-27,333.85
2003-04-28,334.25
2003-04-29,338.55
2003-04-30,341.75
2003-05-01,340.95
2003-05-04,342.25
2003-05-05,344.25
2003-05-06,342.05
2003-05-07,348.65
2003-05-08,348.55
2003-05-11,351.25
2003-05-12,349.85
2003-05-13,352.45
2003-05-14,351.95
2003-05-15,354.75
2003-05-18,366.25
2003-05-19,367.95
2003-05-20,371.55
2003-05-21,367.05
2003-05-22,368.75
2003-05-25,370.35
2003-05-26,366.25
2003-05-27,365.05
2003-05-28,369.25
2003-05-29,364.45
2003-06-01,365.85
2003-06-02,365.25
2003-06-03,361.27
2003-06-04,368.75
2003-06-05,363.75
2003-06-08,361.85
2003-06-09,352.15
2003-06-10,355.65
2003-06-11,353.45
2003-06-12,356.65
2003-06-15,359.15
2003-06-16,363.35
2003-06-17,357.35
2003-06-18,361.35
2003-06-19,357.38
2003-06-22,353
2003-06-23,346.8
2003-06-24,347.4
2003-06-25,344.15
2003-06-26,345.25
2003-06-29,346.4
2003-06-30,350.75
2003-07-01,351.5
2003-07-02,351.15
2003-07-03,350.85
2003-07-06,348.25
2003-07-07,344.45
2003-07-08,344.55
2003-07-09,345.45
2003-07-10,345.2
2003-07-13,347.3
2003-07-14,342.15
2003-07-15,343.55
2003-07-16,344.75
2003-07-17,347.25
2003-07-20,351.75
2003-07-21,350.75
2003-07-22,359.65
2003-07-23,361.65
2003-07-24,362.75
2003-07-27,365.15
2003-07-28,361.85
2003-07-29,356.35
2003-07-30,354.35
2003-07-31,346.15
2003-08-03,349.45
2003-08-04,352.05
2003-08-05,351.75
2003-08-06,352.85
2003-08-07,356.75
2003-08-10,361.85
2003-08-11,358.45
2003-08-12,362.7
2003-08-13,365.95
2003-08-14,363.75
2003-08-17,358.35
2003-08-18,362.05
2003-08-19,366.25
2003-08-20,360.75
2003-08-21,362.95
2003-08-24,361.25
2003-08-25,364.45
2003-08-26,372.55
2003-08-27,369.65
2003-08-28,375.55
2003-08-31,375.55
2003-09-01,371.95
2003-09-02,373.85
2003-09-03,373.35
2003-09-04,377.35
2003-09-07,375.25
2003-09-08,382.65
2003-09-09,380.45
2003-09-10,380.15
2003-09-11,375.25
2003-09-14,374.05
2003-09-15,373.25
2003-09-16,376.75
2003-09-17,376.35
2003-09-18,381.85
2003-09-21,387.1
2003-09-22,384.75
2003-09-23,388.85
2003-09-24,385.35
2003-09-25,380.85
2003-09-28,382.25
2003-09-29,385.35
2003-09-30,384.75
2003-10-01,382.85
2003-10-02,369.55
2003-10-05,372.95
2003-10-06,376.45
2003-10-07,375.25
2003-10-08,370.05
2003-10-09,373.05
2003-10-12,374.75
2003-10-13,375.25
2003-10-14,372.95
2003-10-15,371.65
2003-10-16,371.65
2003-10-19,373.35
2003-10-20,380.75
2003-10-21,385.85
2003-10-22,384.25
2003-10-23,388.55
2003-10-26,387.95
2003-10-27,382.85
2003-10-28,386.5
2003-10-29,383.55
2003-10-30,384.25
2003-11-02,376.65
2003-11-03,379.55
2003-11-04,381.35
2003-11-05,379.95
2003-11-06,383.05
2003-11-09,385.95
2003-11-10,387.95
2003-11-11,394.05
2003-11-12,394.65
2003-11-13,397.55
2003-11-16,391.05
2003-11-17,398.75
2003-11-18,395.05
2003-11-19,394.45
2003-11-20,396.05
2003-11-23,391.48
2003-11-24,391.25
2003-11-25,396.65
2003-11-26,395.25
2003-11-27,398.15
2003-11-30,402.25
2003-12-01,403.25
2003-12-02,404.75
2003-12-03,402.75
2003-12-04,406.35
2003-12-07,406.75
2003-12-08,408.25
2003-12-09,405.45
2003-12-10,404.95
2003-12-11,408.85
2003-12-14,409.75
2003-12-15,407.25
2003-12-16,412.55
2003-12-17,410.75
2003-12-18,409.35
2003-12-21,410.05
2003-12-22,410.75
2003-12-23,412.05
2003-12-24,412.95
2003-12-25,412.25
2003-12-28,414.58
2003-12-29,416.25
2003-12-30,415.45
2003-12-31,415.85
2004-01-01,415.85
2004-01-04,423.65
2004-01-05,422.35
2004-01-06,420.55
2004-01-07,423.88
2004-01-08,426.38
2004-01-11,424.45
2004-01-12,424.15
2004-01-13,419.95
2004-01-14,408.88
2004-01-15,406.75
2004-01-18,407.25
2004-01-19,412.85
2004-01-20,410.55
2004-01-21,409.35
2004-01-22,408.08
2004-01-25,404.05
2004-01-26,410.35
2004-01-27,410.35
2004-01-28,399.35
2004-01-29,402.45
2004-02-01,398.35
2004-02-02,399.65
2004-02-03,400.75
2004-02-04,396.95
2004-02-05,403.35
2004-02-08,406.75
2004-02-09,406.35
2004-02-10,411.15
2004-02-11,411.85
2004-02-12,410.15
2004-02-15,411.65
2004-02-16,415.55
2004-02-17,410.95
2004-02-18,409.98
2004-02-19,397.55
2004-02-22,398.65
2004-02-23,403.85
2004-02-24,396.05
2004-02-25,395.05
2004-02-26,396.15
2004-02-29,399.55
2004-03-01,393.05
2004-03-02,393.35
2004-03-03,393.05
2004-03-04,401.25
2004-03-07,401.45
2004-03-08,402.75
2004-03-09,400.15
2004-03-10,402.92
2004-03-11,395.25
2004-03-14,399.48
2004-03-15,402.25
2004-03-16,407.35
2004-03-17,411.35
2004-03-18,412.35
2004-03-21,417.25
2004-03-22,419.75
2004-03-23,415.55
2004-03-24,416.25
2004-03-25,422.35
2004-03-28,417.85
2004-03-29,420.85
2004-03-30,426.45
2004-03-31,425.9
2004-04-01,420.65
2004-04-04,415.65
2004-04-05,419.45
2004-04-06,423.05
2004-04-07,420.05
2004-04-08,420.05
2004-04-11,418.65
2004-04-12,406.65
2004-04-13,400.55
2004-04-14,399.35
2004-04-15,400.55
2004-04-18,401.05
2004-04-19,394.85
2004-04-20,390.05
2004-04-21,392.95
2004-04-22,395.05
2004-04-25,396.35
2004-04-26,398.75
2004-04-27,385.65
2004-04-28,387.85
2004-04-29,386.75
2004-05-02,387.15
2004-05-03,392.65
2004-05-04,393.25
2004-05-05,387.75
2004-05-06,378.75
2004-05-09,378.75
2004-05-10,377.85
2004-05-11,378.13
2004-05-12,374.85
2004-05-13,376.65
2004-05-16,379.15
2004-05-17,377.15
2004-05-18,382.45
2004-05-19,379.65
2004-05-20,384.35
2004-05-23,385.55
2004-05-24,388.65
2004-05-25,388.75
2004-05-26,394.75
2004-05-27,393.35
2004-05-30,395.55
2004-05-31,394.65
2004-06-01,391.55
2004-06-02,388.35
2004-06-03,389.95
2004-06-06,393.75
2004-06-07,391.35
2004-06-08,384.65
2004-06-09,386.05
2004-06-10,384.55
2004-06-13,383.55
2004-06-14,389.05
2004-06-15,384.65
2004-06-16,388.88
2004-06-17,394.85
2004-06-20,393.85
2004-06-21,394.95
2004-06-22,395.75
2004-06-23,402.15
2004-06-24,401.55
2004-06-27,400.88
2004-06-28,392.55
2004-06-29,394.25
2004-06-30,395.95
2004-07-01,397.95
2004-07-04,398.25
2004-07-05,392.75
2004-07-06,402.45
2004-07-07,407.95
2004-07-08,407.65
2004-07-11,407.95
2004-07-12,401.65
2004-07-13,405.45
2004-07-14,404.05
2004-07-15,406.65
2004-07-18,405.65
2004-07-19,400.15
2004-07-20,396.75
2004-07-21,395.05
2004-07-22,390.15
2004-07-25,388.95
2004-07-26,387.25
2004-07-27,387.85
2004-07-28,387.55
2004-07-29,391.05
2004-08-01,392.15
2004-08-02,394.05
2004-08-03,391.65
2004-08-04,392.85
2004-08-05,399.75
2004-08-08,400.25
2004-08-09,398.65
2004-08-10,395.45
2004-08-11,393.75
2004-08-12,398.95
2004-08-15,402.25
2004-08-16,405.05
2004-08-17,404.55
2004-08-18,406.65
2004-08-19,412.75
2004-08-22,409.95
2004-08-23,403.15
2004-08-24,406.55
2004-08-25,406.55
2004-08-26,403.25
2004-08-29,408.05
2004-08-30,409.85
2004-08-31,408.85
2004-09-01,406.35
2004-09-02,401.05
2004-09-05,402.55
2004-09-06,397.75
2004-09-07,399.65
2004-09-08,398.95
2004-09-09,402.75
2004-09-12,403.95
2004-09-13,405.42
2004-09-14,405.15
2004-09-15,404.52
2004-09-16,405.65
2004-09-19,405.05
2004-09-20,409.25
2004-09-21,407.35
2004-09-22,410.13
2004-09-23,407.83
2004-09-26,408.63
2004-09-27,412.25
2004-09-28,412.95
2004-09-29,418.25
2004-09-30,419.47
2004-10-03,414.05
2004-10-04,418.75
2004-10-05,417.88
2004-10-06,417.65
2004-10-07,422.78
2004-10-10,422.05
2004-10-11,415.25
2004-10-12,416.25
2004-10-13,417.75
2004-10-14,418.8
2004-10-17,416.25
2004-10-18,419.85
2004-10-19,424.13
2004-10-20,423.75
2004-10-21,424.23
2004-10-24,428.45
2004-10-25,426.85
2004-10-26,424.25
2004-10-27,424.35
2004-10-28,428.55
2004-10-31,427.55
2004-11-01,421.55
2004-11-02,426.85
2004-11-03,429.55
2004-11-04,433.55
2004-11-07,431.95
2004-11-08,435.15
2004-11-09,434.55
2004-11-10,434.88
2004-11-11,437.85
2004-11-14,436.75
2004-11-15,439.45
2004-11-16,444.65
2004-11-17,442.95
2004-11-18,447.05
2004-11-21,448.94
2004-11-22,447.05
2004-11-23,449.55
2004-11-24,451.69
2004-11-25,451.95
2004-11-28,453.95
2004-11-29,450.95
2004-11-30,454.75
2004-12-01,449.25
2004-12-02,455.9
2004-12-05,452.25
2004-12-06,450.9
2004-12-07,440.6
2004-12-08,437.3
2004-12-09,434.2
2004-12-12,438.85
2004-12-13,435.6
2004-12-14,440.6
2004-12-15,437.2
2004-12-16,441.5
2004-12-19,442.99
2004-12-20,441.6
2004-12-21,439.7
2004-12-22,442.24
2004-12-23,442.65
2004-12-26,444.35
2004-12-27,443.75
2004-12-28,436.45
2004-12-29,437.99
2004-12-30,438.45
2005-01-02,429.55
2005-01-03,427.55
2005-01-04,426.55
2005-01-05,421.4
2005-01-06,419.05
2005-01-09,419.63
2005-01-10,421.65
2005-01-11,426.15
2005-01-12,425.2
2005-01-13,423.15
2005-01-16,422.13
2005-01-17,423.05
2005-01-18,423.15
2005-01-19,422.35
2005-01-20,427.25
2005-01-23,427.35
2005-01-24,422.2
2005-01-25,426.8
2005-01-26,426.2
2005-01-27,427
2005-01-30,422.6
2005-01-31,421.13
2005-02-01,421.96
2005-02-02,417.2
2005-02-03,414.7
2005-02-06,413.4
2005-02-07,412.7
2005-02-08,413.35
2005-02-09,417.8
2005-02-10,420.9
2005-02-13,425.75
2005-02-14,425.75
2005-02-15,425.2
2005-02-16,427.17
2005-02-17,427.41
2005-02-20,427.45
2005-02-21,435.85
2005-02-22,434.55
2005-02-23,433.75
2005-02-24,435.25
2005-02-27,435.65
2005-02-28,432.6
2005-03-01,432.95
2005-03-02,429.65
2005-03-03,434.3
2005-03-06,434.55
2005-03-07,440.55
2005-03-08,440.6
2005-03-09,442.13
2005-03-10,444.95
2005-03-13,440.97
2005-03-14,440.7
2005-03-15,443.15
2005-03-16,438.8
2005-03-17,439.35
2005-03-20,431.2
2005-03-21,427.11
2005-03-22,425.35
2005-03-23,425.05
2005-03-24,424.88
2005-03-27,426.2
2005-03-28,426.1
2005-03-29,426.35
2005-03-30,428.35
2005-03-31,426.25
2005-04-03,424.25
2005-04-04,425.35
2005-04-05,426.7
2005-04-06,425.9
2005-04-07,427.1
2005-04-10,428
2005-04-11,428.2
2005-04-12,428.9
2005-04-13,424
2005-04-14,424.9
2005-04-17,427.35
2005-04-18,434
2005-04-19,434.6
2005-04-20,432.57
2005-04-21,434.6
2005-04-24,434.7
2005-04-25,437.1
2005-04-26,432.46
2005-04-27,431.4
2005-04-28,434.39
2005-05-01,429.8
2005-05-02,427.9
2005-05-03,429.8
2005-05-04,430.4
2005-05-05,426.2
2005-05-08,426.1
2005-05-09,426.6
2005-05-10,427.4
2005-05-11,422.4
2005-05-12,420.4
2005-05-15,419.75
2005-05-16,418.75
2005-05-17,421.75
2005-05-18,420.6
2005-05-19,417.65
2005-05-22,417.55
2005-05-23,418.35
2005-05-24,419.55
2005-05-25,417.8
2005-05-26,420.45
2005-05-29,418.55
2005-05-30,417.25
2005-05-31,415.4
2005-06-01,421.8
2005-06-02,422.45
2005-06-05,425.95
2005-06-06,424.75
2005-06-07,423.15
2005-06-08,423.7
2005-06-09,427.05
2005-06-12,428.9
2005-06-13,426.85
2005-06-14,428.9
2005-06-15,435.65
2005-06-16,437.65
2005-06-19,437.9
2005-06-20,438.6
2005-06-21,438.15
2005-06-22,441.3
2005-06-23,439.95
2005-06-26,439.8
2005-06-27,435.55
2005-06-28,437.25
2005-06-29,435.5
2005-06-30,427.4
2005-07-03,427.9
2005-07-04,423.6
2005-07-05,423.76
2005-07-06,424.2
2005-07-07,423.1
2005-07-10,425.9
2005-07-11,426.95
2005-07-12,424.1
2005-07-13,419.6
2005-07-14,421.55
2005-07-17,421.05
2005-07-18,420.1
2005-07-19,423.15
2005-07-20,425.6
2005-07-21,425
2005-07-24,425.85
2005-07-25,423.5
2005-07-26,425.5
2005-07-27,428
2005-07-28,429.8
2005-07-31,432.2
2005-08-01,432.3
2005-08-02,436.8
2005-08-03,437.6
2005-08-04,437.3
2005-08-07,435
2005-08-08,434.8
2005-08-09,437.6
2005-08-10,445.9
2005-08-11,446.2
2005-08-14,442.4
2005-08-15,446.15
2005-08-16,440.1
2005-08-17,439.7
2005-08-18,436.3
2005-08-21,438.2
2005-08-22,439.2
2005-08-23,437.67
2005-08-24,438.7
2005-08-25,437.7
2005-08-28,436.9
2005-08-29,431.6
2005-08-30,435.2
2005-08-31,443.25
2005-09-01,444.4
2005-09-04,445.35
2005-09-05,444
2005-09-06,444.7
2005-09-07,447.4
2005-09-08,449.2
2005-09-11,449.75
2005-09-12,446.5
2005-09-13,450.3
2005-09-14,455.75
2005-09-15,459.75
2005-09-18,464.75
2005-09-19,463.85
2005-09-20,472.35
2005-09-21,466.05
2005-09-22,463.25
2005-09-25,466.65
2005-09-26,462.5
2005-09-27,469
2005-09-28,472.15
2005-09-29,469.3
2005-10-02,465.95
2005-10-03,466.25
2005-10-04,464.75
2005-10-05,473.45
2005-10-06,474.85
2005-10-09,475.24
2005-10-10,475.5
2005-10-11,470.9
2005-10-12,471.6
2005-10-13,469.7
2005-10-16,474
2005-10-17,472.2
2005-10-18,464.55
2005-10-19,461.2
2005-10-20,466.89
2005-10-23,465.25
2005-10-24,472.6
2005-10-25,470.95
2005-10-26,473.65
2005-10-27,473.49
2005-10-30,465.18
2005-10-31,459.15
2005-11-01,463.2
2005-11-02,461.1
2005-11-03,456.9
2005-11-06,459.6
2005-11-07,460.8
2005-11-08,467.1
2005-11-09,466.85
2005-11-10,468.7
2005-11-13,467.5
2005-11-14,468.52
2005-11-15,479.3
2005-11-16,486
2005-11-17,485.8
2005-11-20,491.76
2005-11-21,494.58
2005-11-22,492.5
2005-11-23,493.49
2005-11-24,496.08
2005-11-27,498.7
2005-11-28,499.8
2005-11-29,493.08
2005-11-30,503.9
2005-12-01,503.38
2005-12-04,509.4
2005-12-05,511.4
2005-12-06,515.2
2005-12-07,521.13
2005-12-08,526.4
2005-12-11,528
2005-12-12,518.7
2005-12-13,506.5
2005-12-14,502.98
2005-12-15,503.24
2005-12-18,503.8
2005-12-19,492.25
2005-12-20,495.33
2005-12-21,504.33
2005-12-22,502.8
2005-12-25,505.13
2005-12-26,507.9
2005-12-27,516.6
2005-12-28,516.9
2005-12-29,517
2006-01-01,516.88
2006-01-02,534.15
2006-01-03,534.4
2006-01-04,524.8
2006-01-05,539.95
2006-01-08,548.95
2006-01-09,542.5
2006-01-10,547.5
2006-01-11,546.4
2006-01-12,557.34
2006-01-15,562.2
2006-01-16,554.8
2006-01-17,542.95
2006-01-18,557.8
2006-01-19,554.49
2006-01-22,559.4
2006-01-23,558.6
2006-01-24,563.4
2006-01-25,560.65
2006-01-26,559.5
2006-01-29,568.35
2006-01-30,568.9
2006-01-31,569.35
2006-02-01,572.2
2006-02-02,568.9
2006-02-05,569.9
2006-02-06,548.45
2006-02-07,551.45
2006-02-08,564.4
2006-02-09,551
2006-02-12,540.35
2006-02-13,547.55
2006-02-14,539.95
2006-02-15,548.15
2006-02-16,552.1
2006-02-19,555.84
2006-02-20,554.35
2006-02-21,555.2
2006-02-22,548.84
2006-02-23,559.05
2006-02-26,553.95
2006-02-27,561.55
2006-02-28,562.95
2006-03-01,569.85
2006-03-02,565.4
2006-03-05,555.35
2006-03-06,552.7
2006-03-07,543.55
2006-03-08,546.05
2006-03-09,541.05
2006-03-12,545.9
2006-03-13,551.05
2006-03-14,552.95
2006-03-15,555.4
2006-03-16,554.1
2006-03-19,554.9
2006-03-20,552.1
2006-03-21,550.8
2006-03-22,549.8
2006-03-23,560.13
2006-03-26,567.3
2006-03-27,563.6
2006-03-28,573.6
2006-03-29,588.65
2006-03-30,583.65
2006-04-02,587.85
2006-04-03,586.7
2006-04-04,588.5
2006-04-05,595.3
2006-04-06,588.85
2006-04-09,599.75
2006-04-10,593.41
2006-04-11,598.38
2006-04-12,596.47
2006-04-13,602.99
2006-04-16,613.47
2006-04-17,621.07
2006-04-18,640.2
2006-04-19,612.5
2006-04-20,633.97
2006-04-23,620.7
2006-04-24,630.3
2006-04-25,638.63
2006-04-26,633.63
2006-04-27,654.42
2006-04-30,655.1
2006-05-01,668.8
2006-05-02,667
2006-05-03,679.7
2006-05-04,683.8
2006-05-07,678.7
2006-05-08,700.9
2006-05-09,707.9
2006-05-10,714.3
2006-05-11,714.8
2006-05-14,677.4
2006-05-15,690.4
2006-05-16,687.1
2006-05-17,682.3
2006-05-18,657.6
2006-05-21,656.05
2006-05-22,666.5
2006-05-23,640.7
2006-05-24,650.9
2006-05-25,653.7
2006-05-28,647.77
2006-05-29,652.9
2006-05-30,645.2
2006-05-31,629.6
2006-06-01,638.2
2006-06-04,637.15
2006-06-05,630.65
2006-06-06,626.45
2006-06-07,613.25
2006-06-08,607.45
2006-06-11,604.25
2006-06-12,562.05
2006-06-13,559.75
2006-06-14,577.05
2006-06-15,581.15
2006-06-18,565.25
2006-06-19,575.85
2006-06-20,587.55
2006-06-21,580.65
2006-06-22,583.05
2006-06-25,585.25
2006-06-26,579.05
2006-06-27,580.15
2006-06-28,599.65
2006-06-29,615.85
2006-07-02,623.49
2006-07-03,620.24
2006-07-04,628.15
2006-07-05,633.03
2006-07-06,629.25
2006-07-09,624.15
2006-07-10,641.45
2006-07-11,651.53
2006-07-12,660.05
2006-07-13,664.15
2006-07-16,643.03
2006-07-17,633.05
2006-07-18,642.75
2006-07-19,628.15
2006-07-20,619.75
2006-07-23,615.25
2006-07-24,619.13
2006-07-25,624.75
2006-07-26,634.35
2006-07-27,634.75
2006-07-30,636.74
2006-07-31,646.84
2006-08-01,651.25
2006-08-02,644.92
2006-08-03,646.5
2006-08-06,648.65
2006-08-07,642.55
2006-08-08,650.03
2006-08-09,636.25
2006-08-10,632.55
2006-08-13,626.7
2006-08-14,624.8
2006-08-15,629.05
2006-08-16,614
2006-08-17,614.9
2006-08-20,628.1
2006-08-21,625
2006-08-22,622.34
2006-08-23,621.4
2006-08-24,622.53
2006-08-27,614.78
2006-08-28,614.95
2006-08-29,619.28
2006-08-30,627.3
2006-08-31,625.45
2006-09-03,626.5
2006-09-04,638.3
2006-09-05,633.7
2006-09-06,616.8
2006-09-07,610.8
2006-09-10,589.74
2006-09-11,587.45
2006-09-12,590.19
2006-09-13,575.25
2006-09-14,579.33
2006-09-17,587.2
2006-09-18,573.65
2006-09-19,576.8
2006-09-20,584.2
2006-09-21,589.6
2006-09-24,590.8
2006-09-25,592
2006-09-26,603.1
2006-09-27,601.3
2006-09-28,598.3
2006-10-01,596.7
2006-10-02,574.5
2006-10-03,567
2006-10-04,574.3
2006-10-05,574.1
2006-10-08,577.1
2006-10-09,573
2006-10-10,573
2006-10-11,579.3
2006-10-12,590.4
2006-10-15,596
2006-10-16,590.1
2006-10-17,590.2
2006-10-18,599.4
2006-10-19,591.5
2006-10-22,581.95
2006-10-23,586.45
2006-10-24,591.05
2006-10-25,597.15
2006-10-26,599.95
2006-10-29,604.1
2006-10-30,606.6
2006-10-31,617.6
2006-11-01,624.7
2006-11-02,627.4
2006-11-05,623.2
2006-11-06,624.8
2006-11-07,615.8
2006-11-08,633.41
2006-11-09,628.55
2006-11-12,625.7
2006-11-13,620.88
2006-11-14,623.1
2006-11-15,618.25
2006-11-16,621.7
2006-11-19,622.9
2006-11-20,627.5
2006-11-21,630.3
2006-11-22,631.25
2006-11-23,638.2
2006-11-26,640.6
2006-11-27,640
2006-11-28,636.65
2006-11-29,648
2006-11-30,645.6
2006-12-03,646.2
2006-12-04,643.15
2006-12-05,630.95
2006-12-06,633.84
2006-12-07,625.15
2006-12-10,630.45
2006-12-11,630.05
2006-12-12,628.75
2006-12-13,625.85
2006-12-14,615.35
2006-12-17,616.25
2006-12-18,622.95
2006-12-19,620.44
2006-12-20,618.5
2006-12-21,621.01
2006-12-24,620.75
2006-12-25,624.7
2006-12-26,627.2
2006-12-27,634.9
2006-12-28,636.7
2006-12-31,636.8
2007-01-01,640.5
2007-01-02,627.5
2007-01-03,622
2007-01-04,607.4
2007-01-07,610
2007-01-08,613.7
2007-01-09,611.3
2007-01-10,611.6
2007-01-11,627.2
2007-01-14,626.7
2007-01-15,624.8
2007-01-16,631.8
2007-01-17,627.7
2007-01-18,635.4
2007-01-21,633.4
2007-01-22,646.7
2007-01-23,648.8
2007-01-24,646.1
2007-01-25,646
2007-01-28,643.7
2007-01-29,647.3
2007-01-30,653.2
2007-01-31,657.2
2007-02-01,647.85
2007-02-04,648.45
2007-02-05,653.3
2007-02-06,651.45
2007-02-07,660.45
2007-02-08,666.85
2007-02-11,661.1
2007-02-12,664.25
2007-02-13,669.13
2007-02-14,669.75
2007-02-15,669.05
2007-02-18,670.75
2007-02-19,657.25
2007-02-20,678.85
2007-02-21,677.45
2007-02-22,682.55
2007-02-25,686.55
2007-02-26,663.35
2007-02-27,669.35
2007-02-28,664.45
2007-03-01,642.45
2007-03-04,636.6
2007-03-05,646.5
2007-03-06,649
2007-03-07,651.8
2007-03-08,650.27
2007-03-11,650.5
2007-03-12,643.8
2007-03-13,644.7
2007-03-14,646.6
2007-03-15,653.4
2007-03-18,654.2
2007-03-19,658.8
2007-03-20,664.2
2007-03-21,664
2007-03-22,657.4
2007-03-25,664.1
2007-03-26,664.41
2007-03-27,665.55
2007-03-28,661.5
2007-03-29,663.79
2007-04-01,664
2007-04-02,663.95
2007-04-03,674.35
2007-04-04,674.45
2007-04-05,675
2007-04-08,670.75
2007-04-09,677.9
2007-04-10,677.3
2007-04-11,676.1
2007-04-12,685.52
2007-04-15,690.2
2007-04-16,686.55
2007-04-17,690.05
2007-04-18,682.95
2007-04-19,691.95
2007-04-22,689.15
2007-04-23,683.65
2007-04-24,686.25
2007-04-25,674.75
2007-04-26,681.55
2007-04-29,678.45
2007-04-30,673.45
2007-05-01,673.15
2007-05-02,682.35
2007-05-03,688.85
2007-05-06,688.75
2007-05-07,685.65
2007-05-08,680.55
2007-05-09,665.65
2007-05-10,670.85
2007-05-13,669.75
2007-05-14,672.05
2007-05-15,662.15
2007-05-16,657.65
2007-05-17,661.75
2007-05-20,663.25
2007-05-21,659.25
2007-05-22,661.85
2007-05-23,654.65
2007-05-24,656
2007-05-27,655.55
2007-05-28,656.85
2007-05-29,653.45
2007-05-30,660.5
2007-05-31,671.75
2007-06-03,671.15
2007-06-04,670.05
2007-06-05,670.75
2007-06-06,659.15
2007-06-07,648.85
2007-06-10,653.65
2007-06-11,647.25
2007-06-12,651.75
2007-06-13,651.95
2007-06-14,655.35
2007-06-17,656.35
2007-06-18,661.45
2007-06-19,654.55
2007-06-20,651.73
2007-06-21,654.3
2007-06-24,651
2007-06-25,640.9
2007-06-26,643.5
2007-06-27,648.95
2007-06-28,649.65
2007-07-01,657.25
2007-07-02,653.2
2007-07-03,654.2
2007-07-04,649.5
2007-07-05,655.9
2007-07-08,660.4
2007-07-09,663.3
2007-07-10,660.65
2007-07-11,666.8
2007-07-12,666.9
2007-07-15,664.9
2007-07-16,664.9
2007-07-17,673
2007-07-18,677.5
2007-07-19,683.4
2007-07-22,681.6
2007-07-23,681
2007-07-24,674.9
2007-07-25,662.9
2007-07-26,661.2
2007-07-29,665
2007-07-30,664.3
2007-07-31,666.9
2007-08-01,665.55
2007-08-02,673
2007-08-05,672.01
2007-08-06,672.4
2007-08-07,674.8
2007-08-08,662.1
2007-08-09,672.8
2007-08-12,669.5
2007-08-13,669.2
2007-08-14,667.6
2007-08-15,652.01
2007-08-16,657.8
2007-08-19,657.11
2007-08-20,657.3
2007-08-21,660.8
2007-08-22,660.38
2007-08-23,668.2
2007-08-26,667.6
2007-08-27,662.5
2007-08-28,667.6
2007-08-29,665.3
2007-08-30,673.4
2007-09-02,672.52
2007-09-03,681.65
2007-09-04,681.8
2007-09-05,695.41
2007-09-06,701
2007-09-09,703.1
2007-09-10,712.5
2007-09-11,711.6
2007-09-12,708.3
2007-09-13,707.6
2007-09-16,717.9
2007-09-17,723.5
2007-09-18,721.4
2007-09-19,733.26
2007-09-20,731.5
2007-09-23,730.6
2007-09-24,731.7
2007-09-25,728.8
2007-09-26,734.43
2007-09-27,743.6
2007-09-30,747.2
2007-10-01,731.6
2007-10-02,727.9
2007-10-03,738
2007-10-04,742.7
2007-10-07,733.3
2007-10-08,737.9
2007-10-09,741.1
2007-10-10,747.88
2007-10-11,749.1
2007-10-14,759.4
2007-10-15,760.5
2007-10-16,754.82
2007-10-17,768.2
2007-10-18,765.2
2007-10-21,754.2
2007-10-22,759.8
2007-10-23,763.95
2007-10-24,769.3
2007-10-25,785.2
2007-10-28,791.8
2007-10-29,782.1
2007-10-30,796.59
2007-10-31,787.3
2007-11-01,807
2007-11-04,806.5
2007-11-05,825
2007-11-06,831.09
2007-11-07,833.59
2007-11-08,832
2007-11-11,793.5
2007-11-12,802
2007-11-13,811.95
2007-11-14,788.45
2007-11-15,786.3
2007-11-18,781.75
2007-11-19,803.2
2007-11-20,800.32
2007-11-21,804.53
2007-11-22,823.8
2007-11-25,824.6
2007-11-26,812.59
2007-11-27,804.83
2007-11-28,793.07
2007-11-29,783.75
2007-12-02,794.3
2007-12-03,801.7
2007-12-04,795.15
2007-12-05,802.42
2007-12-06,794.8
2007-12-09,808.53
2007-12-10,796.98
2007-12-11,813.48
2007-12-12,797.62
2007-12-13,794.49
2007-12-16,793.35
2007-12-17,802.88
2007-12-18,802.19
2007-12-19,796.38
2007-12-20,811.72
2007-12-23,811.8
2007-12-24,807
2007-12-25,824.5
2007-12-26,825.58
2007-12-27,840.5
2007-12-30,833.92
2007-12-31,833.7
2008-01-01,857.55
2008-01-02,864.93
2008-01-03,859.6
2008-01-06,858.16
2008-01-07,878.16
2008-01-08,878.8
2008-01-09,893.3
2008-01-10,895.4
2008-01-13,904.13
2008-01-14,888.1
2008-01-15,877.03
2008-01-16,877.76
2008-01-17,883.17
2008-01-20,865
2008-01-21,892.34
2008-01-22,890.32
2008-01-23,912.85
2008-01-24,913.95
2008-01-27,928.97
2008-01-28,923.76
2008-01-29,929.4
2008-01-30,925.99
2008-01-31,905.48
2008-02-03,903.58
2008-02-04,888.17
2008-02-05,900.6
2008-02-06,910.51
2008-02-07,922.99
2008-02-10,923.5
2008-02-11,906.39
2008-02-12,906.6
2008-02-13,908.2
2008-02-14,902.5
2008-02-17,905.2
2008-02-18,927.8
2008-02-19,944.1
2008-02-20,946.1
2008-02-21,945.2
2008-02-24,939.6
2008-02-25,948.15
2008-02-26,957.84
2008-02-27,970.74
2008-02-28,974.17
2008-03-02,983.7
2008-03-03,964.01
2008-03-04,989.8
2008-03-05,978.99
2008-03-06,973.2
2008-03-09,972.84
2008-03-10,973.3
2008-03-11,982.93
2008-03-12,994.83
2008-03-13,1002.95
2008-03-16,1002.7
2008-03-17,982.24
2008-03-18,944.2
2008-03-19,910.2
2008-03-20,919.5
2008-03-23,915.3
2008-03-24,938.78
2008-03-25,954.17
2008-03-26,947.2
2008-03-27,931.05
2008-03-30,916.88
2008-03-31,882.7
2008-04-01,904.35
2008-04-02,902.9
2008-04-03,913.79
2008-04-06,920
2008-04-07,914.9
2008-04-08,934
2008-04-09,928.99
2008-04-10,925.3
2008-04-13,924.45
2008-04-14,927.91
2008-04-15,944.59
2008-04-16,938.8
2008-04-17,917.09
2008-04-20,916.74
2008-04-21,915.9
2008-04-22,904.25
2008-04-23,886.13
2008-04-24,886.3
2008-04-27,893.26
2008-04-28,870.5
2008-04-29,877.55
2008-04-30,852.7
2008-05-01,856.45
2008-05-04,874.2
2008-05-05,876.4
2008-05-06,868.75
2008-05-07,881.85
2008-05-08,884.85
2008-05-11,882.68
2008-05-12,866.95
2008-05-13,864
2008-05-14,881.65
2008-05-15,902.4
2008-05-18,905.2
2008-05-19,919.25
2008-05-20,932.55
2008-05-21,921.85
2008-05-22,925.1
2008-05-25,929.1
2008-05-26,906.45
2008-05-27,900.85
2008-05-28,877.9
2008-05-29,886.5
2008-06-01,891.42
2008-06-02,880.55
2008-06-03,880.9
2008-06-04,877.2
2008-06-05,902.25
2008-06-08,892.9
2008-06-09,867
2008-06-10,880.35
2008-06-11,868.2
2008-06-12,871.55
2008-06-15,882.4
2008-06-16,882.75
2008-06-17,894.35
2008-06-18,898.47
2008-06-19,902.3
2008-06-22,883.8
2008-06-23,889.6
2008-06-24,886.38
2008-06-25,917.3
2008-06-26,927.8
2008-06-29,925.4
2008-06-30,939.63
2008-07-01,945.15
2008-07-02,934.45
2008-07-03,933.25
2008-07-06,925.85
2008-07-07,919.63
2008-07-08,928.57
2008-07-09,947.66
2008-07-10,964.2
2008-07-13,972.6
2008-07-14,977.5
2008-07-15,959.95
2008-07-16,957.43
2008-07-17,955
2008-07-20,965.55
2008-07-21,946.4
2008-07-22,920.85
2008-07-23,928.05
2008-07-24,929.85
2008-07-27,930.63
2008-07-28,918.9
2008-07-29,906.1
2008-07-30,914.07
2008-07-31,910.95
2008-08-03,894.8
2008-08-04,874.4
2008-08-05,879.8
2008-08-06,873.05
2008-08-07,856.6
2008-08-10,823.85
2008-08-11,812.32
2008-08-12,826.8
2008-08-13,806.63
2008-08-14,787.7
2008-08-17,800.07
2008-08-18,814.2
2008-08-19,813.67
2008-08-20,837
2008-08-21,823.05
2008-08-24,821.95
2008-08-25,824.9
2008-08-26,826.9
2008-08-27,834.05
2008-08-28,831.15
2008-08-31,817.7
2008-09-01,805.35
2008-09-02,801.3
2008-09-03,796.45
2008-09-04,803.5
2008-09-07,802.3
2008-09-08,777.25
2008-09-09,752.45
2008-09-10,746.47
2008-09-11,765.5
2008-09-14,786.65
2008-09-15,779.75
2008-09-16,863.85
2008-09-17,850.84
2008-09-18,873.55
2008-09-21,897
2008-09-22,892.15
2008-09-23,882.63
2008-09-24,877.9
2008-09-25,878.75
2008-09-28,909.5
2008-09-29,870.95
2008-09-30,870.8
2008-10-01,836.4
2008-10-02,835.5
2008-10-05,859.75
2008-10-06,887.1
2008-10-07,907.62
2008-10-08,913.25
2008-10-09,849.85
2008-10-12,833.05
2008-10-13,836.7
2008-10-14,846.9
2008-10-15,804.6
2008-10-16,783.35
2008-10-19,796.9
2008-10-20,771.65
2008-10-21,730.45
2008-10-22,721.45
2008-10-23,734.75
2008-10-26,730.8
2008-10-27,746.95
2008-10-28,754.95
2008-10-29,738.13
2008-10-30,724.55
2008-11-02,723.45
2008-11-03,763.25
2008-11-04,740.35
2008-11-05,732.85
2008-11-06,736.65
2008-11-09,746.2
2008-11-10,731.7
2008-11-11,712.3
2008-11-12,736.5
2008-11-13,742.1
2008-11-16,737.92
2008-11-17,738.15
2008-11-18,734.55
2008-11-19,745.06
2008-11-20,800.4
2008-11-23,821.65
2008-11-24,821.05
2008-11-25,812.9
2008-11-26,815.83
2008-11-27,818.05
2008-11-30,768.95
2008-12-01,782.35
2008-12-02,773.95
2008-12-03,767
2008-12-04,756.45
2008-12-07,772.7
2008-12-08,776.95
2008-12-09,810.6
2008-12-10,821.35
2008-12-11,822.35
2008-12-14,838.45
2008-12-15,858.1
2008-12-16,867.9
2008-12-17,852.91
2008-12-18,838.28
2008-12-21,848.05
2008-12-22,840.2
2008-12-23,848
2008-12-24,846.99
2008-12-25,869.3
2008-12-28,880.3
2008-12-29,873.7
2008-12-30,882.05
2008-12-31,879.45
2009-01-01,875.4
2009-01-04,859.5
2009-01-05,863.9
2009-01-06,842.95
2009-01-07,857.4
2009-01-08,854.2
2009-01-11,820.85
2009-01-12,822
2009-01-13,811.7
2009-01-14,817.8
2009-01-15,843.15
2009-01-18,835.9
2009-01-19,857.25
2009-01-20,854.25
2009-01-21,857
2009-01-22,899.75
2009-01-25,903.35
2009-01-26,899.22
2009-01-27,887.55
2009-01-28,908.65
2009-01-29,927.85
2009-02-01,905.49
2009-02-02,900.35
2009-02-03,905.75
2009-02-04,914.55
2009-02-05,911.5
2009-02-08,894.55
2009-02-09,915.1
2009-02-10,938.99
2009-02-11,946.75
2009-02-12,941.7
2009-02-15,941.75
2009-02-16,970.25
2009-02-17,984.9
2009-02-18,974.65
2009-02-19,992.9
2009-02-22,991.75
2009-02-23,962.67
2009-02-24,953.83
2009-02-25,946.2
2009-02-26,942.35
2009-03-01,926.1
2009-03-02,916.28
2009-03-03,906.5
2009-03-04,932.4
2009-03-05,939.35
2009-03-08,921.97
2009-03-09,898.15
2009-03-10,909.4
2009-03-11,926.63
2009-03-12,929.75
2009-03-15,923.15
2009-03-16,915.4
2009-03-17,942
2009-03-18,959.85
2009-03-19,952.2
2009-03-22,939.5
2009-03-23,925.87
2009-03-24,934.02
2009-03-25,934.1
2009-03-26,923.15
2009-03-29,915.84
2009-03-30,919.15
2009-03-31,927.4
2009-04-01,904.05
2009-04-02,893.15
2009-04-05,868.9
2009-04-06,881.24
2009-04-07,880.5
2009-04-08,879.35
2009-04-09,881.65
2009-04-12,893.85
2009-04-13,890.72
2009-04-14,891.05
2009-04-15,875.7
2009-04-16,868.8
2009-04-19,884.5
2009-04-20,883.8
2009-04-21,889.75
2009-04-22,904.3
2009-04-23,913.2
2009-04-26,906.5
2009-04-27,893.38
2009-04-28,898
2009-04-29,888.2
2009-04-30,886.55
2009-05-03,902.1
2009-05-04,897.15
2009-05-05,911.22
2009-05-06,910.7
2009-05-07,916.65
2009-05-10,913.33
2009-05-11,923.35
2009-05-12,926.3
2009-05-13,926.5
2009-05-14,931.8
2009-05-17,918.25
2009-05-18,925.05
2009-05-19,938.65
2009-05-20,953.8
2009-05-21,957.35
2009-05-24,958.8
2009-05-25,952
2009-05-26,949.9
2009-05-27,959.45
2009-05-28,979.15
2009-05-31,975.27
2009-06-01,981.85
2009-06-02,963.07
2009-06-03,980.25
2009-06-04,955.25
2009-06-07,951.82
2009-06-08,954.78
2009-06-09,954.49
2009-06-10,953.95
2009-06-11,939.3
2009-06-14,928.3
2009-06-15,934.8
2009-06-16,938.87
2009-06-17,933.06
2009-06-18,934.05
2009-06-21,922.7
2009-06-22,925.83
2009-06-23,931.4
2009-06-24,939.25
2009-06-25,939.6
2009-06-28,937.95
2009-06-29,926.6
2009-06-30,940.8
2009-07-01,929.8
2009-07-02,932.25
2009-07-05,924.95
2009-07-06,924.68
2009-07-07,909.5
2009-07-08,912.35
2009-07-09,913.05
2009-07-12,920.3
2009-07-13,925.7
2009-07-14,939.2
2009-07-15,937.34
2009-07-16,937.5
2009-07-19,948.7
2009-07-20,948.5
2009-07-21,951.4
2009-07-22,949.15
2009-07-23,951.35
2009-07-26,953.84
2009-07-27,937.5
2009-07-28,930
2009-07-29,934.4
2009-07-30,954
2009-08-02,956.8
2009-08-03,966.95
2009-08-04,963.45
2009-08-05,963.25
2009-08-06,954.95
2009-08-09,946.3
2009-08-10,946.1
2009-08-11,947.1
2009-08-12,954.95
2009-08-13,948.55
2009-08-16,934.55
2009-08-17,938.6
2009-08-18,942.05
2009-08-19,940.65
2009-08-20,953.85
2009-08-23,941.55
2009-08-24,944.75
2009-08-25,945.55
2009-08-26,948.15
2009-08-27,955
2009-08-30,951.25
2009-08-31,956.35
2009-09-01,978.5
2009-09-02,991.85
2009-09-03,994.4
2009-09-06,995.25
2009-09-07,995.4
2009-09-08,991.15
2009-09-20,1002.05
2009-09-26,992.0999
2009-09-27,991.2
2009-09-28,992.5999
2009-09-29,1007.95
2009-09-30,999.48
2009-10-01,1002.2
2009-10-04,1017.55
2009-10-05,1042.399
2009-10-06,1044.35
2009-10-07,1055.4
2009-10-08,1048.9
2009-10-11,1057.349
2009-10-12,1064.549
2009-10-13,1062.749
2009-10-14,1050.55
2009-10-15,1053.2
2009-10-18,1064.35
2009-10-19,1055.5
2009-10-20,1059.299
2009-10-21,1060.199
2009-10-22,1055.35
2009-10-25,1039.05
2009-10-26,1040.25
2009-10-27,1028.349
2009-10-28,1047.399
2009-10-29,1045.449
2009-11-01,1059.8
2009-11-02,1084.799
2009-11-03,1092.35
2009-11-04,1090.6
2009-11-05,1095.8
2009-11-08,1104.099
2009-11-09,1105.95
2009-11-10,1117.85
2009-11-11,1104.1
2009-11-12,1119.15
2009-11-15,1139.449
2009-11-16,1142.349
2009-11-17,1145.699
2009-11-18,1144.7
2009-11-19,1151
2009-11-22,1166.2
2009-11-23,1169.45
2009-11-24,1192.06
2009-11-25,1192.66
2009-11-26,1178.249
2009-11-29,1179.86
2009-11-30,1196.849
2009-12-01,1216.059
2009-12-02,1208.06
2009-12-03,1162.859
2009-12-06,1158.549
2009-12-07,1128.5
2009-12-08,1129.05
2009-12-09,1131.65
2009-12-10,1115.849
2009-12-13,1126.949
2009-12-14,1125.6
2009-12-15,1138.3
2009-12-16,1099.049
2009-12-17,1112.199
2009-12-20,1093.75
2009-12-21,1084.15
2009-12-22,1088.05
2009-12-23,1104.449
2009-12-27,1107.25
2009-12-28,1097.21
2009-12-29,1093.35
2009-12-30,1097.099
2010-01-03,1121.749
2010-01-04,1118.349
2010-01-05,1138.549
2010-01-06,1131.91
2010-01-07,1136.649
2010-01-10,1152.109
2010-01-11,1128.909
2010-01-12,1138.409
2010-01-13,1143.01
2010-01-14,1131.659
2010-01-17,1134.309
2010-01-18,1138.71
2010-01-19,1111.559
2010-01-20,1094.46
2010-01-21,1093.06
2010-01-24,1098.75
2010-01-25,1098.05
2010-01-26,1088.7
2010-01-27,1086.999
2010-01-28,1081.999
2010-01-31,1105.8
2010-02-01,1114.749
2010-02-02,1110.099
2010-02-03,1063.85
2010-02-04,1067.799
2010-02-07,1063.409
2010-02-08,1078.409
2010-02-09,1072.31
2010-02-10,1095.61
2010-02-11,1092.95
2010-02-14,1101.25
2010-02-15,1119.649
2010-02-16,1107.099
2010-02-17,1109.199
2010-02-18,1117.9
2010-02-21,1114.71
2010-02-22,1103.71
2010-02-23,1097.91
2010-02-24,1106.909
2010-02-25,1117.36
2010-02-28,1119.099
2010-03-01,1134.85
2010-03-02,1140.199
2010-03-03,1132.4
2010-03-04,1132.3
2010-03-07,1123.81
2010-03-08,1121.96
2010-03-09,1108.659
2010-03-10,1109.759
2010-03-11,1102.76
2010-03-14,1110.05
2010-03-15,1125.799
2010-03-16,1125.35
2010-03-17,1126.599
2010-03-18,1106.4
2010-03-21,1102.35
2010-03-22,1105.449
2010-03-23,1086.799
2010-03-24,1090.7
2010-03-25,1108.799
2010-03-28,1110.11
2010-03-29,1103.85
2010-03-30,1113.3
2010-03-31,1127.05
2010-04-01,1127.7
2010-04-04,1132.2
2010-04-05,1134.55
2010-04-06,1149.65
2010-04-07,1150.81
2010-04-08,1160.95
2010-04-11,1156.55
2010-04-12,1150.9
2010-04-13,1155.6
2010-04-14,1159.55
2010-04-15,1136.9
2010-04-18,1136.01
2010-04-19,1141.01
2010-04-20,1146.86
2010-04-21,1141.81
2010-04-22,1156.56
2010-04-25,1153.96
2010-04-26,1168.11
2010-04-27,1166.01
2010-04-28,1167.21
2010-04-29,1178.91
2010-05-02,1182.56
2010-05-03,1171.36
2010-05-04,1175.56
2010-05-05,1208.66
2010-05-06,1208.21
2010-05-09,1203.26
2010-05-10,1232.96
2010-05-11,1239.21
2010-05-12,1233.11
2010-05-13,1231.11
2010-05-16,1222.71
2010-05-17,1225.41
2010-05-18,1194.01
2010-05-19,1182.71
2010-05-20,1177.65
2010-05-23,1191.85
2010-05-24,1204.45
2010-05-25,1212
2010-05-26,1212.45
2010-05-27,1214.9
2010-05-30,1216.45
2010-05-31,1225.95
2010-06-01,1223.75
2010-06-02,1206.95
2010-06-03,1218.9
2010-06-06,1240.4
2010-06-07,1236.95
2010-06-08,1233.75
2010-06-09,1216.75
2010-06-10,1227.11
2010-06-13,1221.55
2010-06-14,1234.55
2010-06-15,1229.5
2010-06-16,1245.25
2010-06-17,1256.2
2010-06-20,1233.95
2010-06-21,1240.2
2010-06-22,1237.65
2010-06-23,1243.65
2010-06-24,1254.4
2010-06-27,1239.15
2010-06-28,1240.75
2010-06-29,1242.55
2010-06-30,1199.2
2010-07-01,1211.8
2010-07-04,1209.45
2010-07-05,1193.05
2010-07-06,1203
2010-07-07,1198.15
2010-07-08,1210.75
2010-07-11,1197
2010-07-12,1212.45
2010-07-13,1208.4
2010-07-14,1208.65
2010-07-15,1193.35
2010-07-18,1183.3
2010-07-19,1192.2
2010-07-20,1185.4
2010-07-21,1195.15
2010-07-22,1189.45
2010-07-25,1183.7
2010-07-26,1161.9
2010-07-27,1163.9
2010-07-28,1168.35
2010-07-29,1181.75
2010-08-01,1183.1
2010-08-02,1186.25
2010-08-03,1195.05
2010-08-04,1195.2
2010-08-05,1205.79
2010-08-08,1201.7
2010-08-09,1204.5
2010-08-10,1198.2
2010-08-11,1214.35
2010-08-12,1215.35
2010-08-15,1225.5
2010-08-16,1225.1
2010-08-17,1229.7
2010-08-18,1232.45
2010-08-19,1227.75
2010-08-22,1226.35
2010-08-23,1230.85
2010-08-24,1240.3
2010-08-25,1237.75
2010-08-26,1238.1
2010-08-29,1237.05
2010-08-30,1247.65
2010-08-31,1244.6
2010-09-01,1251.3
2010-09-02,1247.65
2010-09-05,1250.2
2010-09-06,1255.8
2010-09-07,1255.3
2010-09-08,1244.1
2010-09-09,1246.25
2010-09-12,1245.8
2010-09-13,1268.4
2010-09-14,1268.3
2010-09-15,1275.5
2010-09-16,1275.2
2010-09-19,1278.75
2010-09-20,1287.2
2010-09-21,1291.6
2010-09-22,1292.6
2010-09-23,1296.55
2010-09-26,1294.5
2010-09-27,1309.4
2010-09-28,1310.05
2010-09-29,1308.45
2010-09-30,1319.45
2010-10-03,1315.45
2010-10-04,1340.93
2010-10-05,1349.1
2010-10-06,1333.75
2010-10-07,1347.34
2010-10-10,1354.2
2010-10-11,1350.5
2010-10-12,1372.4
2010-10-13,1381.25
2010-10-14,1368.4
2010-10-17,1368.55
2010-10-18,1332.3
2010-10-19,1346.5
2010-10-20,1325.9
2010-10-21,1327.95
2010-10-24,1340.05
2010-10-25,1340.55
2010-10-26,1325.45
2010-10-27,1344.25
2010-10-28,1358.69
2010-10-31,1354.03
2010-11-01,1357.5
2010-11-02,1348.7
2010-11-03,1392.65
2010-11-04,1395.7
2010-11-07,1409.65
2010-11-08,1393.05
2010-11-09,1404.05
2010-11-10,1408.65
2010-11-11,1368.45
2010-11-14,1360.68
2010-11-15,1339.78
2010-11-16,1336.15
2010-11-17,1353.55
2010-11-18,1353.85
2010-11-21,1366.95
2010-11-22,1376.55
2010-11-23,1373.45
2010-11-24,1375
2010-11-25,1364.35
2010-11-28,1366.35
2010-11-29,1386.38
2010-11-30,1388.05
2010-12-01,1385.3
2010-12-02,1414.1
2010-12-05,1423.87
2010-12-06,1402.2
2010-12-07,1382.15
2010-12-08,1387.16
2010-12-09,1387.05
2010-12-12,1394.23
2010-12-13,1396.3
2010-12-14,1380.91
2010-12-15,1370.26
2010-12-16,1375.14
2010-12-19,1385.65
2010-12-20,1385.9
2010-12-21,1385.7
2010-12-22,1380.25
2010-12-23,1385.8
2010-12-26,1383.9
2010-12-27,1406.05
2010-12-28,1411.95
2010-12-29,1404.95
2010-12-30,1418.05
2011-01-02,1414.95
2011-01-03,1380.9
2011-01-04,1378.45
2011-01-05,1371.75
2011-01-06,1369.8
2011-01-09,1375.95
2011-01-10,1381.75
2011-01-11,1388.05
2011-01-12,1374
2011-01-13,1360.5
2011-01-16,1361.75
2011-01-17,1368.5
2011-01-18,1370.25
2011-01-19,1346.35
2011-01-20,1343.05
2011-01-23,1334.55
2011-01-24,1332.55
2011-01-25,1346.1
2011-01-26,1314.1
2011-01-27,1336.8
2011-01-30,1332.9
2011-01-31,1341.5
2011-02-01,1335.35
2011-02-02,1354.55
2011-02-03,1349.5
2011-02-06,1351.4
2011-02-07,1364
2011-02-08,1363.8
2011-02-09,1363.9
2011-02-10,1356.85
2011-02-13,1361.95
2011-02-14,1373.9
2011-02-15,1374.55
2011-02-16,1384.1
2011-02-17,1388.1
2011-02-20,1406.7
2011-02-21,1399.3
2011-02-22,1411.85
2011-02-23,1403.15
2011-02-24,1408.6
2011-02-27,1411.55
2011-02-28,1433.5
2011-03-01,1434.7
2011-03-02,1416.15
2011-03-03,1428.55
2011-03-06,1432.25
2011-03-07,1429.15
2011-03-08,1431
2011-03-09,1411.95
2011-03-10,1417.35
2011-03-13,1426.55
2011-03-14,1395.9
2011-03-15,1399.1
2011-03-16,1404
2011-03-17,1418.9
2011-03-20,1427.9
2011-03-21,1427.85
2011-03-22,1437.6
2011-03-23,1430.8
2011-03-24,1428.3
2011-03-27,1420.7
2011-03-28,1418.65
2011-03-29,1423.25
2011-03-30,1432.5
2011-03-31,1427.95
2011-04-03,1434.15
2011-04-04,1456.05
2011-04-05,1459.9
2011-04-06,1458.3
2011-04-07,1474
2011-04-10,1463.4
2011-04-11,1453.2
2011-04-12,1457.5
2011-04-13,1474.4
2011-04-14,1487.75
2011-04-17,1495.45
2011-04-18,1496.5
2011-04-19,1502.5
2011-04-20,1505.1
2011-04-21,1506.15
2011-04-24,1507.5
2011-04-25,1506.5
2011-04-26,1527.25
2011-04-27,1536.7
2011-04-28,1562.95
2011-05-01,1545.9
2011-05-02,1536.25
2011-05-03,1516.75
2011-05-04,1474.45
2011-05-05,1491.4
2011-05-08,1514.22
2011-05-09,1516.5
2011-05-10,1501.4
2011-05-11,1506.1
2011-05-12,1493.5
2011-05-15,1489.76
2011-05-16,1487.05
2011-05-17,1497.49
2011-05-18,1493.6
2011-05-19,1513.8
2011-05-22,1517.37
2011-05-23,1527
2011-05-24,1525.45
2011-05-25,1519.27
2011-05-26,1536.75
2011-05-29,1539.1
2011-05-30,1536.05
2011-05-31,1540.15
2011-06-01,1534.21
2011-06-02,1541.8
2011-06-05,1544.98
2011-06-06,1544.63
2011-06-07,1537.89
2011-06-08,1544.52
2011-06-09,1531.65
2011-06-12,1515.66
2011-06-13,1524.05
2011-06-14,1531.2
2011-06-15,1530.11
2011-06-16,1539.11
2011-06-19,1541
2011-06-20,1546.55
2011-06-21,1549.25
2011-06-22,1521.6
2011-06-23,1503.03
2011-06-26,1498.29
2011-06-27,1501.7
2011-06-28,1512.77
2011-06-29,1500.46
2011-06-30,1487.16
2011-07-03,1496.8
2011-07-04,1516.56
2011-07-05,1529.55
2011-07-06,1532.67
2011-07-07,1543.72
2011-07-10,1554.22
2011-07-11,1568.35
2011-07-12,1582.83
2011-07-13,1587.75
2011-07-14,1594.38
2011-07-17,1605.33
2011-07-18,1588.75
2011-07-19,1600.75
2011-07-20,1590.95
2011-07-21,1603
2011-07-24,1614.53
2011-07-25,1619.97
2011-07-26,1613.9
2011-07-27,1616.25
2011-07-28,1626.3
2011-07-31,1619.85
2011-08-01,1661.45
2011-08-02,1662.1
2011-08-03,1646.9
2011-08-04,1660.85
2011-08-07,1719.75
2011-08-08,1741.05
2011-08-09,1793.45
2011-08-10,1764.4
2011-08-11,1746.15
2011-08-14,1766.6
2011-08-15,1785.75
2011-08-16,1791.6
2011-08-17,1824.3
2011-08-18,1850.9
2011-08-21,1898.05
2011-08-22,1828.9
2011-08-23,1759.24
2011-08-24,1775.17
2011-08-25,1819.6
2011-08-28,1788.69
2011-08-29,1835.82
2011-08-30,1826.3
2011-08-31,1826.45
2011-09-01,1882.35
2011-09-04,1901.05
2011-09-05,1875.7
2011-09-06,1818.11
2011-09-07,1870.74
2011-09-08,1857.05
2011-09-11,1815.65
2011-09-12,1833.99
2011-09-13,1820.1
2011-09-14,1788.9
2011-09-15,1810.05
2011-09-18,1779.2
2011-09-19,1803.95
2011-09-20,1782.85
2011-09-21,1740.65
2011-09-22,1645.25
2011-09-25,1627.4
2011-09-26,1651.4
2011-09-27,1609.8
2011-09-28,1615.1
2011-09-29,1623.45
2011-10-02,1658.91
2011-10-03,1624.4
2011-10-04,1641.45
2011-10-05,1652.01
2011-10-06,1638.45
2011-10-09,1677.55
2011-10-10,1662.75
2011-10-11,1676.62
2011-10-12,1668.4
2011-10-13,1681.4
2011-10-14,1681.25
2011-10-16,1671.1
2011-10-17,1658.15
2011-10-18,1640.95
2011-10-19,1620.8
2011-10-20,1640.13
2011-10-23,1653.95
2011-10-24,1705.5
2011-10-25,1725.4
2011-10-26,1745.25
2011-10-27,1744.25
2011-10-28,1744.25
2011-10-30,1715.1
2011-10-31,1720.15
2011-11-01,1738.9
2011-11-02,1764.15
2011-11-03,1755.15
2011-11-06,1795.37
2011-11-07,1786.55
2011-11-08,1770.15
2011-11-09,1758.7
2011-11-10,1789.35
2011-11-13,1780.7
2011-11-14,1781.05
2011-11-15,1763.6
2011-11-16,1721.9
2011-11-17,1724.75
2011-11-20,1677.65
2011-11-21,1699.98
2011-11-22,1692.6
2011-11-23,1697.02
2011-11-24,1686.9
2011-11-27,1712.96
2011-11-28,1715.93
2011-11-29,1746.6
2011-11-30,1745.2
2011-12-01,1746.9
2011-12-04,1723.15
2011-12-05,1728.7
2011-12-06,1742.2
2011-12-07,1708.7
2011-12-08,1711.91
2011-12-09,1711.91
2011-12-11,1666.85
2011-12-12,1631.69
2011-12-13,1574.3
2011-12-14,1570.75
2011-12-15,1599.25
2011-12-18,1594.45
2011-12-19,1616.1
2011-12-20,1615.45
2011-12-21,1606.55
2011-12-22,1607.3
2011-12-23,1607.57
2011-12-26,1593.62
2011-12-27,1557.42
2011-12-28,1546.16
2011-12-29,1565.38
2011-12-30,1565.38
2012-01-02,1604.52
2012-01-03,1612.63
2012-01-04,1623.15
2012-01-05,1617.97
2012-01-08,1611.65
2012-01-09,1632.77
2012-01-10,1642.17
2012-01-11,1650.35
2012-01-12,1639.65
2012-01-15,1643.95
2012-01-16,1652.59
2012-01-17,1660.27
2012-01-18,1659.19
2012-01-19,1666.94
2012-01-22,1677.09
2012-01-23,1665.8
2012-01-24,1710.75
2012-01-25,1723.55
2012-01-26,1739.29
2012-01-29,1730.18
2012-01-30,1738.18
2012-01-31,1744.25
2012-02-01,1759.9
2012-02-02,1726.56
2012-02-05,1720.61
2012-02-06,1745.72
2012-02-07,1733.58
2012-02-08,1729.9
2012-02-09,1722.05
2012-02-12,1722.5
2012-02-13,1720.45
2012-02-14,1728.4
2012-02-15,1728.3
2012-02-16,1723.79
2012-02-19,1735.9
2012-02-20,1759.45
2012-02-21,1776.45
2012-02-22,1781
2012-02-23,1772.7
2012-02-26,1767.9
2012-02-27,1784.45
2012-02-28,1697.15
2012-02-29,1718.55
2012-03-01,1712.85
2012-03-04,1706.65
2012-03-05,1674.55
2012-03-06,1685.2
2012-03-07,1700.1
2012-03-08,1714.45
2012-03-11,1701.55
2012-03-12,1674.45
2012-03-13,1645.05
2012-03-14,1658.95
2012-03-15,1660.29
2012-03-18,1664.75
2012-03-19,1651
2012-03-20,1650.95
2012-03-21,1646.2
2012-03-22,1662.25
2012-03-25,1690.4
2012-03-26,1680.9
2012-03-27,1663.95
2012-03-28,1661.85
2012-03-29,1668.7
2012-04-01,1678.05
2012-04-02,1646.45
2012-04-03,1620.95
2012-04-04,1631.5
2012-04-05,1643.15
2012-04-08,1640.6
2012-04-09,1660.15
2012-04-10,1659.3
2012-04-11,1676
2012-04-12,1658.82
2012-04-15,1652.2
2012-04-16,1649.8
2012-04-17,1642.5
2012-04-18,1643.2
2012-04-19,1643.45
2012-04-22,1639.2
2012-04-23,1642.45
2012-04-24,1643.9
2012-04-25,1657.7
2012-04-26,1663.2
2012-04-29,1665.1
2012-04-30,1662.65
2012-05-01,1653.75
2012-05-02,1636.2
2012-05-03,1642.45
2012-05-04,1642.6
2012-05-06,1638.75
2012-05-07,1605.7
2012-05-08,1589.8
2012-05-09,1594.25
2012-05-10,1579.7
2012-05-13,1556.85
2012-05-14,1544.45
2012-05-15,1539.85
2012-05-16,1574.54
2012-05-17,1593.6
2012-05-20,1593.4
2012-05-21,1568.8
2012-05-22,1561.7
2012-05-23,1559.35
2012-05-24,1573.25
2012-05-27,1578.9
2012-05-28,1555.25
2012-05-29,1563.7
2012-05-30,1560.7
2012-05-31,1623.05
2012-06-03,1619.2
2012-06-04,1617.3
2012-06-05,1619.55
2012-06-06,1589.55
2012-06-07,1593.85
2012-06-10,1596.95
2012-06-11,1610.05
2012-06-12,1617.3
2012-06-13,1623.95
2012-06-14,1627.6
2012-06-17,1628.35
2012-06-18,1618.65
2012-06-19,1607.7
2012-06-20,1566.65
2012-06-21,1572.7
2012-06-24,1584.8
2012-06-25,1573.15
2012-06-26,1574.35
2012-06-27,1552.95
2012-06-28,1597.55
2012-07-01,1597.3
2012-07-02,1617.55
2012-07-03,1615.2
2012-07-04,1604.85
2012-07-05,1584.15
2012-07-08,1587.85
2012-07-09,1567.5
2012-07-10,1576.65
2012-07-11,1572.4
2012-07-12,1590.05
2012-07-15,1581.05
2012-07-16,1583.75
2012-07-17,1573.8
2012-07-18,1581.6
2012-07-19,1584.7
2012-07-22,1577.05
2012-07-23,1581
2012-07-24,1604.7
2012-07-25,1615.9
2012-07-26,1623.75
2012-07-29,1622.372
2012-07-30,1614.6
2012-07-31,1600
2012-08-01,1588.85
2012-08-02,1603.8
2012-08-05,1610.85
2012-08-06,1612.55
2012-08-07,1612.4
2012-08-08,1617.55
2012-08-09,1620.6
2012-08-12,1610.05
2012-08-13,1599.3
2012-08-14,1603.3
2012-08-15,1615.25
2012-08-16,1616.35
2012-08-19,1620.75
2012-08-20,1638.05
2012-08-21,1654.78
2012-08-22,1670.8
2012-08-23,1671
2012-08-26,1664.3
2012-08-27,1667.15
2012-08-28,1656.75
2012-08-29,1655.8
2012-08-30,1692.3
2012-09-02,1693.2
2012-09-03,1696.25
2012-09-04,1693.25
2012-09-05,1700.8
2012-09-06,1736.3
2012-09-09,1726.45
2012-09-10,1732.25
2012-09-11,1730.95
2012-09-12,1767.15
2012-09-13,1770.8
2012-09-16,1761.65
2012-09-17,1772.2
2012-09-18,1770.65
2012-09-19,1768.7
2012-09-20,1773.55
2012-09-23,1764.65
2012-09-24,1760.95
2012-09-25,1753.05
2012-09-26,1777.45
2012-09-27,1772.55
2012-09-30,1775.848
2012-10-01,1774.7
2012-10-02,1778.3
2012-10-03,1790.7
2012-10-04,1781.15
2012-10-07,1775.15
2012-10-08,1764.45
2012-10-09,1762.55
2012-10-10,1767.45
2012-10-11,1754.45
2012-10-14,1737.75
2012-10-15,1747.97
2012-10-16,1750.5
2012-10-17,1741.75
2012-10-18,1722.03
2012-10-21,1728.97
2012-10-22,1708.08
2012-10-23,1702.33
2012-10-24,1712.37
2012-10-25,1711.89
2012-10-28,1709.8
2012-10-29,1710
2012-10-30,1721.09
2012-10-31,1714.7
2012-11-01,1678.46
2012-11-04,1685.32
2012-11-05,1716.26
2012-11-06,1718.05
2012-11-07,1731.7
2012-11-08,1731.38
2012-11-11,1728.73
2012-11-12,1725.36
2012-11-13,1727.06
2012-11-14,1716.25
2012-11-15,1714.15
2012-11-18,1732.11
2012-11-19,1727.4
2012-11-20,1729.12
2012-11-21,1730.5
2012-11-22,1751.9
2012-11-25,1749.08
2012-11-26,1742.48
2012-11-27,1720.23
2012-11-28,1726.35
2012-11-29,1715.28
2012-12-02,1716.49
2012-12-03,1697.93
2012-12-04,1694.35
2012-12-05,1700.28
2012-12-06,1704.55
2012-12-09,1713.2
2012-12-10,1710.36
2012-12-11,1712.05
2012-12-12,1697.61
2012-12-13,1696.12
2012-12-16,1698.51
2012-12-17,1671.75
2012-12-18,1667.65
2012-12-19,1648.25
2012-12-20,1657.801
2012-12-23,1660.11
2012-12-25,1659.87
2012-12-26,1664.58
2012-12-27,1656.45
2012-12-30,1663.23
2013-01-01,1687.12
2013-01-02,1664.08
2013-01-03,1656.48
2013-01-06,1647.39
2013-01-07,1659.6
2013-01-08,1658.18
2013-01-09,1675.7
2013-01-10,1663.33
2013-01-13,1668.21
2013-01-14,1679.83
2013-01-15,1680.33
2013-01-16,1688.13
2013-01-17,1684.58
2013-01-20,1691
2013-01-21,1693
2013-01-22,1686.22
2013-01-23,1668.38
2013-01-24,1659.18
2013-01-27,1656
2013-01-28,1664.14
2013-01-29,1677.35
2013-01-30,1664.05
2013-01-31,1667.2
2013-02-03,1674.5
2013-02-04,1673.1
2013-02-05,1677.85
2013-02-06,1671.75
2013-02-07,1667.56
2013-02-10,1648.32
2013-02-11,1651.4
2013-02-12,1642.75
2013-02-13,1635.05
2013-02-14,1610.35
2013-02-17,1609.75
2013-02-18,1605.35
2013-02-19,1564.75
2013-02-20,1576.45
2013-02-21,1582.28
2013-02-24,1593.55
2013-02-25,1613.85
2013-02-26,1597.55
2013-02-27,1579.85
2013-02-28,1576.68
2013-03-03,1574.18
2013-03-04,1575.35
2013-03-05,1584.1
2013-03-06,1579.05
2013-03-07,1579.28
2013-03-10,1581.85
2013-03-11,1593.05
2013-03-12,1588.15
2013-03-13,1590.3
2013-03-14,1592.44
2013-03-17,1605.82
2013-03-18,1613
2013-03-19,1607.19
2013-03-20,1614.85
2013-03-21,1608.99
2013-03-24,1605.3
2013-03-25,1600.1
2013-03-26,1605.4
2013-03-27,1597.13
2013-03-31,1599.95
2013-04-01,1575.98
2013-04-02,1558.04
2013-04-03,1554.82
2013-04-04,1581.42
2013-04-07,1573.7
2013-04-08,1585.57
2013-04-09,1558.61
2013-04-10,1561.5
2013-04-11,1483.56
2013-04-14,1348.3
2013-04-15,1367.95
2013-04-16,1376.75
2013-04-17,1390.69
2013-04-18,1404.1
2013-04-21,1426.8
2013-04-22,1413.3
2013-04-23,1431.85
2013-04-24,1467.7
2013-04-25,1461.91
2013-04-28,1475.55
2013-04-29,1476.85
2013-04-30,1457.76
2013-05-01,1467.44
2013-05-02,1470.95
2013-05-05,1469.68
2013-05-06,1452.87
2013-05-07,1474.08
2013-05-08,1457.98
2013-05-09,1448.2
2013-05-12,1430.95
2013-05-13,1425.75
2013-05-14,1393.3
2013-05-15,1386.69
2013-05-16,1359.67
2013-05-19,1393.93
2013-05-20,1376.6
2013-05-21,1370.03
2013-05-22,1391.25
2013-05-23,1386.73
2013-05-26,1395.35
2013-05-27,1381.55
2013-05-28,1393.15
2013-05-29,1414.62
2013-05-30,1388.31
2013-06-02,1411.78
2013-06-03,1399.77
2013-06-04,1403.67
2013-06-05,1414.34
2013-06-06,1383.36
2013-06-09,1386.95
2013-06-10,1378.66
2013-06-11,1389.37
2013-06-12,1386.55
2013-06-13,1391.05
2013-06-16,1385.65
2013-06-17,1368.05
2013-06-18,1351.8
2013-06-19,1285.21
2013-06-20,1297.05
2013-06-23,1282.74
2013-06-24,1278.12
2013-06-25,1226.87
2013-06-26,1201.19
2013-06-27,1234.83
2013-06-30,1253.05
2013-07-01,1243.99
2013-07-02,1253.19
2013-07-03,1251.25
2013-07-04,1223.85
2013-07-07,1237.43
2013-07-08,1251.82
2013-07-09,1260.29
2013-07-10,1286.41
2013-07-11,1285.93
2013-07-14,1285.23
2013-07-15,1292.59
2013-07-16,1276.38
2013-07-17,1284.5
2013-07-18,1296.37
2013-07-21,1336.17
2013-07-22,1345.55
2013-07-23,1322.74
2013-07-24,1334.15
2013-07-25,1333.68
2013-07-28,1329.86
2013-07-29,1326.81
2013-07-30,1325.47
2013-07-31,1310.66
2013-08-01,1312.83
2013-08-04,1303.51
2013-08-05,1283.59
2013-08-06,1288.01
2013-08-07,1313.52
2013-08-08,1314.89
2013-08-11,1338.88
2013-08-12,1322.25
2013-08-13,1336.42
2013-08-14,1366.67
2013-08-15,1376.86
2013-08-18,1366.33
2013-08-19,1371.55
2013-08-20,1367.08
2013-08-21,1376.46
2013-08-22,1398.2
2013-08-25,1404.92
2013-08-26,1415.44
2013-08-27,1417.95
2013-08-28,1408.15
2013-08-29,1395.79
2013-09-01,1392.58
2013-09-02,1412.84
2013-09-03,1392.11
2013-09-04,1367.92
2013-09-05,1392.34
2013-09-08,1387.36
2013-09-09,1364.15
2013-09-10,1365.5
2013-09-11,1321.97
2013-09-12,1326.54
2013-09-15,1313.26
2013-09-16,1311.04
2013-09-17,1364.41
2013-09-18,1366.73
2013-09-19,1325.88
2013-09-22,1323.06
2013-09-23,1323.77
2013-09-24,1334.6
2013-09-25,1324.5
2013-09-26,1337.17
2013-09-29,1329.46
2013-09-30,1288.2
2013-10-01,1316.46
2013-10-02,1317.24
2013-10-03,1311.13
2013-10-06,1323.54
2013-10-07,1319.66
2013-10-08,1306.21
2013-10-09,1288.15
2013-10-10,1272.57
2013-10-13,1272.68
2013-10-14,1282.55
2013-10-15,1282.99
2013-10-16,1320.89
2013-10-17,1316.65
2013-10-20,1316.31
2013-10-21,1340.4
2013-10-22,1333.74
2013-10-23,1347.03
2013-10-24,1351.02
2013-10-27,1352.98
2013-10-28,1345.41
2013-10-29,1344.84
2013-10-30,1323.22
2013-10-31,1316.5
2013-11-03,1314.94
2013-11-04,1312.31
2013-11-05,1318.12
2013-11-06,1307.88
2013-11-07,1288.97
2013-11-10,1283.2
2013-11-11,1268.36
2013-11-12,1282.11
2013-11-13,1287.51
2013-11-14,1290.69
2013-11-17,1275.72
2013-11-18,1275.91
2013-11-19,1244.59
2013-11-20,1243.38
2013-11-21,1244.1
2013-11-24,1251.71
2013-11-25,1243.19
2013-11-26,1238.26
2013-11-27,1247.28
2013-11-28,1254.78
2013-12-01,1220.12
2013-12-02,1223.75
2013-12-03,1243.92
2013-12-04,1225.47
2013-12-05,1229.59
2013-12-08,1240.66
2013-12-09,1262.46
2013-12-10,1252.57
2013-12-11,1225.8
2013-12-12,1239.19
2013-12-15,1241.62
2013-12-16,1231.37
2013-12-17,1218.73
2013-12-18,1188.95
2013-12-19,1203.6
2013-12-22,1199.09
2013-12-23,1203.56
2013-12-25,1211.03
2013-12-26,1213.53
2013-12-29,1196.85
2013-12-30,1206.81
2014-01-01,1224.65
2014-01-02,1237.11
2014-01-05,1238.25
2014-01-06,1232.44
2014-01-07,1226.26
2014-01-08,1228.3
2014-01-09,1248.62
2014-01-12,1253.51
2014-01-13,1245.54
2014-01-14,1242.27
2014-01-15,1242.66
2014-01-16,1254.42
2014-01-19,1255.01
2014-01-20,1241.76
2014-01-21,1237.39
2014-01-22,1264.27
2014-01-23,1270.48
2014-01-26,1257.24
2014-01-27,1257.41
2014-01-28,1267.78
2014-01-29,1244.09
2014-01-30,1244.73
2014-02-02,1257.87
2014-02-03,1255.05
2014-02-04,1258.32
2014-02-05,1258.55
2014-02-06,1267.74
2014-02-09,1275.06
2014-02-10,1291.63
2014-02-11,1291.43
2014-02-12,1303.26
2014-02-13,1319.06
2014-02-16,1329.22
2014-02-17,1322.34
2014-02-18,1311.83
2014-02-19,1323.45
2014-02-20,1324.62
2014-02-23,1337.24
2014-02-24,1340.95
2014-02-25,1330.94
2014-02-26,1331.71
2014-02-27,1326.8
2014-03-02,1350.88
2014-03-03,1334.84
2014-03-04,1337.12
2014-03-05,1351.09
2014-03-06,1340.39
2014-03-09,1340.04
2014-03-10,1349.27
2014-03-11,1367.16
2014-03-12,1370.7
2014-03-13,1383.74
2014-03-16,1367.31
2014-03-17,1356.02
2014-03-18,1330.01
2014-03-19,1328.16
2014-03-20,1334.75
2014-03-23,1309.13
2014-03-24,1311.46
2014-03-25,1304.74
2014-03-26,1291.63
2014-03-27,1295.74
2014-03-30,1284.3
2014-03-31,1279.34
2014-04-01,1290.15
2014-04-02,1287.03
2014-04-03,1303.65
2014-04-06,1297.65
2014-04-07,1309
2014-04-08,1312.13
2014-04-09,1319.23
2014-04-10,1318.74
2014-04-13,1328.25
2014-04-14,1302.95
2014-04-15,1302.79
2014-04-16,1295.53
2014-04-17,1300.15
2014-04-20,1290.12
2014-04-21,1284.1
2014-04-22,1284.2
2014-04-23,1293.66
2014-04-24,1303.65
2014-04-27,1297.04
2014-04-28,1296.2
2014-04-29,1291.81
2014-04-30,1284.68
2014-05-01,1299.84
2014-05-04,1310.52
2014-05-05,1308.38
2014-05-06,1290.07
2014-05-07,1289.75
2014-05-08,1289.18
2014-05-11,1296.07
2014-05-12,1293.93
2014-05-13,1306.22
2014-05-14,1296.54
2014-05-15,1293.82
2014-05-18,1293.42
2014-05-19,1294.63
2014-05-20,1292.34
2014-05-21,1294.42
2014-05-22,1292.98
2014-05-25,1293.13
2014-05-26,1265.19
2014-05-27,1258.57
2014-05-28,1256.01
2014-05-29,1250.03
2014-06-01,1244.3
2014-06-02,1245.44
2014-06-03,1244.17
2014-06-04,1254
2014-06-05,1253.45
2014-06-08,1252.77
2014-06-09,1260.2
2014-06-10,1261.34
2014-06-11,1273.71
2014-06-12,1277.44
2014-06-15,1272.3
2014-06-16,1270.99
2014-06-17,1278.07
2014-06-18,1320.68
2014-06-19,1314.96
2014-06-21,1314.85
2014-06-22,1317.78
2014-06-23,1318.64
2014-06-24,1319.53
2014-06-25,1316.94
2014-06-26,1316.34
2014-06-29,1327.57
2014-06-30,1326.73
2014-07-01,1327.2
2014-07-02,1319.96
2014-07-03,1321.02
2014-07-06,1320.21
2014-07-07,1319.65
2014-07-08,1328.08
2014-07-09,1336.08
2014-07-10,1338.8
2014-07-13,1307.63
2014-07-14,1294.4
2014-07-15,1299.41
2014-07-16,1319.53
2014-07-17,1310.98
2014-07-20,1312.73
2014-07-21,1306.72
2014-07-22,1304.94
2014-07-23,1293.99
2014-07-24,1307.82
2014-07-27,1304.39
2014-07-28,1299.45
2014-07-29,1296.57
2014-07-30,1282.92
2014-07-31,1294.16
2014-08-03,1288.54
2014-08-04,1289.05
2014-08-05,1306.22
2014-08-06,1312.77
2014-08-07,1310.11
2014-08-10,1308.81
2014-08-11,1309.75
2014-08-12,1313.33
2014-08-13,1313.8
2014-08-14,1304.97
2014-08-17,1298.67
2014-08-18,1296.04
2014-08-19,1292.23
2014-08-20,1277.06
2014-08-21,1281.26
2014-08-24,1277.12
2014-08-25,1281.4
2014-08-26,1282.93
2014-08-27,1289.82
2014-08-28,1287.61
2014-08-31,1286.95
2014-09-01,1265.62
2014-09-02,1269.67
2014-09-03,1262.25
2014-09-04,1269.13
2014-09-07,1255.71
2014-09-08,1255.76
2014-09-09,1250.1
2014-09-10,1241.22
2014-09-11,1229.85
2014-09-14,1233.56
2014-09-15,1235.87
2014-09-16,1223.78
2014-09-17,1225.35
2014-09-18,1216.31
2014-09-21,1215.37
2014-09-22,1223.73
2014-09-23,1217.42
2014-09-24,1221.86
2014-09-25,1218.61
2014-09-28,1216.13
2014-09-29,1208.54
2014-09-30,1214.12
2014-10-01,1214.91
2014-10-02,1191.89
2014-10-05,1207.57
2014-10-06,1209.3
2014-10-07,1221.48
2014-10-08,1224.59
2014-10-09,1223.58
2014-10-12,1236.16
2014-10-13,1232.99
2014-10-14,1242.39
2014-10-15,1239.12
2014-10-16,1238.57
2014-10-19,1247.19
2014-10-20,1248.99
2014-10-21,1241.6
2014-10-22,1232.15
2014-10-23,1231.35
2014-10-26,1226.83
2014-10-27,1228.82
2014-10-28,1212.56
2014-10-29,1199.13
2014-10-30,1173.35
2014-11-02,1165.82
2014-11-03,1168.7
2014-11-04,1140.87
2014-11-05,1142.18
2014-11-06,1178.06
2014-11-09,1151.74
2014-11-10,1164.63
2014-11-11,1162.93
2014-11-12,1162.85
2014-11-13,1189.1
2014-11-16,1186.92
2014-11-17,1197.43
2014-11-18,1183.02
2014-11-19,1194.1
2014-11-20,1201.81
2014-11-23,1197.41
2014-11-24,1201.29
2014-11-25,1198.25
2014-11-26,1189.4
2014-11-27,1169.14
2014-11-30,1212.36
2014-12-01,1198.74
2014-12-02,1209.78
2014-12-03,1205.61
2014-12-04,1192.53
2014-12-07,1203.85
2014-12-08,1231.61
2014-12-09,1226.75
2014-12-10,1228.37
2014-12-11,1223.15
2014-12-14,1193.49
2014-12-15,1197.83
2014-12-16,1189.8
2014-12-17,1198.54
2014-12-18,1196.87
2014-12-21,1177.04
2014-12-22,1176.75
2014-12-23,1177.05
2014-12-25,1198.02
2014-12-28,1184.03
2014-12-29,1200.78
2014-12-30,1182.85
2015-01-01,1190.62
2015-01-04,1205.63
2015-01-05,1219.13
2015-01-06,1211.66
2015-01-07,1209.4
2015-01-08,1223.21
2015-01-11,1234.34
2015-01-12,1231.32
2015-01-13,1229.28
2015-01-14,1263.5
2015-01-15,1280.86
2015-01-18,1279.97
2015-01-19,1295.41
2015-01-20,1294.12
2015-01-21,1301.83
2015-01-22,1294.63
2015-01-25,1282.08
2015-01-26,1292.93
2015-01-27,1285.62
2015-01-28,1257.7
2015-01-29,1284.69
2015-02-01,1274.71
2015-02-02,1261.2
2015-02-03,1269.79
2015-02-04,1265.24
2015-02-05,1234.53
2015-02-08,1239.5
2015-02-09,1233.87
2015-02-10,1218.62
2015-02-11,1222.31
2015-02-12,1230.1
2015-02-15,1232.9
2015-02-16,1210.1
2015-02-17,1213.07
2015-02-18,1207.44
2015-02-19,1202.84
2015-02-22,1202.02
2015-02-23,1200.77
2015-02-24,1205.36
2015-02-25,1209.72
2015-02-26,1213.5
2015-03-01,1207.1
2015-03-02,1203.98
2015-03-03,1200.63
2015-03-04,1198.69
2015-03-05,1168.05
2015-03-08,1167.54
2015-03-09,1162.14
2015-03-10,1155.69
2015-03-11,1154.05
2015-03-12,1158.04
2015-03-15,1155.11
2015-03-16,1149.82
2015-03-17,1168.26
2015-03-18,1171.47
2015-03-19,1182.85
2015-03-22,1189.98
2015-03-23,1193.58
2015-03-24,1195.69
2015-03-25,1205.14
2015-03-26,1199.13
2015-03-29,1186.48
2015-03-30,1183.83
2015-03-31,1204.39
2015-04-01,1202.9
2015-04-02,1211.12
2015-04-05,1215.23
2015-04-06,1209.54
2015-04-07,1202.84
2015-04-08,1195.17
2015-04-09,1207.76
2015-04-12,1198.97
2015-04-13,1193.15
2015-04-14,1202.93
2015-04-15,1198.85
2015-04-16,1204.53
2015-04-19,1196.27
2015-04-20,1203.09
2015-04-21,1187.27
2015-04-22,1194.29
2015-04-23,1179.81
2015-04-26,1202.4
2015-04-27,1212.53
2015-04-28,1205.01
2015-04-29,1184.67
2015-04-30,1178.72
2015-05-03,1188.69
2015-05-04,1193.67
2015-05-05,1192.54
2015-05-06,1184.74
2015-05-07,1188.87
2015-05-10,1184.37
2015-05-11,1194.38
2015-05-12,1216.09
2015-05-13,1221.49
2015-05-14,1224.46
2015-05-17,1225.8
2015-05-18,1208.1
2015-05-19,1210.08
2015-05-20,1206.65
2015-05-21,1206.61
2015-05-24,1207.69
2015-05-25,1187.62
2015-05-26,1188.25
2015-05-27,1188.77
2015-05-28,1190.63
2015-05-31,1189.63
2015-06-01,1193.39
2015-06-02,1185.45
2015-06-03,1177.17
2015-06-04,1172.52
2015-06-07,1174.44
2015-06-08,1177.23
2015-06-09,1186.36
2015-06-10,1182.4
2015-06-11,1181.9
2015-06-14,1186.77
2015-06-15,1182.38
2015-06-16,1186.1
2015-06-17,1202.22
2015-06-18,1200.57
2015-06-21,1186.33
2015-06-22,1179
2015-06-23,1175.7
2015-06-24,1173.47
2015-06-25,1175.64
2015-06-28,1180.2
2015-06-29,1172.55
2015-06-30,1168.97
2015-07-01,1166.65
2015-07-02,1169.23
2015-07-05,1170.58
2015-07-06,1155.48
2015-07-07,1158.49
2015-07-08,1159.61
2015-07-09,1163.85
2015-07-12,1158.33
2015-07-13,1156.87
2015-07-14,1149.88
2015-07-15,1145.73
2015-07-16,1134.86
2015-07-19,1097.04
2015-07-20,1101.45
2015-07-21,1094.58
2015-07-22,1090.95
2015-07-23,1099.46
2015-07-26,1094.2
2015-07-27,1095.68
2015-07-28,1097.58
2015-07-29,1089.02
2015-07-30,1096.08
2015-08-02,1087.13
2015-08-03,1088.03
2015-08-04,1085.38
2015-08-05,1089.97
2015-08-06,1094.52
2015-08-09,1104.82
2015-08-10,1109.32
2015-08-11,1124.77
2015-08-12,1115.51
2015-08-13,1115.25
2015-08-16,1117.94
2015-08-17,1118.06
2015-08-18,1134.3
2015-08-19,1152.38
2015-08-20,1160.87
2015-08-23,1155.43
2015-08-24,1140.97
2015-08-25,1125.52
2015-08-26,1125.27
2015-08-27,1134.03
2015-08-30,1135.25
2015-08-31,1140.59
2015-09-01,1134.38
2015-09-02,1125.7
2015-09-03,1122.37
2015-09-06,1119.52
2015-09-07,1122.02
2015-09-08,1108.11
2015-09-09,1111.11
2015-09-10,1108.18
2015-09-13,1109.4
2015-09-14,1105.54
2015-09-15,1119.88
2015-09-16,1131.87
2015-09-17,1139.56
2015-09-20,1133.8
2015-09-21,1125.14
2015-09-22,1130.57
2015-09-23,1154.39
2015-09-24,1146.5
2015-09-27,1132.33
2015-09-28,1127.81
2015-09-29,1115.43
2015-09-30,1114.04
2015-10-01,1138.85
2015-10-04,1136.12
2015-10-05,1147.59
2015-10-06,1145.95
2015-10-07,1139.4
2015-10-08,1156.53
2015-10-11,1164.23
2015-10-12,1169.23
2015-10-13,1184.57
2015-10-14,1183.69
2015-10-15,1177.35
2015-10-18,1171.22
2015-10-19,1176.42
2015-10-20,1167.6
2015-10-21,1166.33
2015-10-22,1164.82
2015-10-25,1163.38
2015-10-26,1167.52
2015-10-27,1156.55
2015-10-28,1146.51
2015-10-29,1142.44
2015-11-01,1133.89
2015-11-02,1118.23
2015-11-03,1108.4
2015-11-04,1104.32
2015-11-05,1089.92
2015-11-08,1092.68
2015-11-09,1090.03
2015-11-10,1086.79
2015-11-11,1085.63
2015-11-12,1084.36
2015-11-15,1083.25
2015-11-16,1070.69
2015-11-17,1071.23
2015-11-18,1082.62
2015-11-19,1078.41
2015-11-22,1069.54
2015-11-23,1076.14
2015-11-24,1071.86
2015-11-25,1073.14
2015-11-26,1059.54
2015-11-29,1065.39
2015-11-30,1069.62
2015-12-01,1053.99
2015-12-02,1062.42
2015-12-03,1086.82
2015-12-06,1071.89
2015-12-07,1075.29
2015-12-08,1073.16
2015-12-09,1071.88
2015-12-10,1075.11
2015-12-13,1061.02
2015-12-14,1061.55
2015-12-15,1072.91
2015-12-16,1051.46
2015-12-17,1066.56
2015-12-20,1078.93
2015-12-21,1072.87
2015-12-22,1070.82
2015-12-23,1077.26
2015-12-27,1069.66
2015-12-28,1069.52
2015-12-29,1061.95
2015-12-30,1063.02
2016-01-03,1075.18
2016-01-04,1078.03
2016-01-05,1094.06
2016-01-06,1109.43
2016-01-07,1105.04
2016-01-10,1094.64
2016-01-11,1086.83
2016-01-12,1094.02
2016-01-13,1078.78
2016-01-14,1089.04
2016-01-17,1090.06
2016-01-18,1087.76
2016-01-19,1101.18
2016-01-20,1101.57
2016-01-21,1098.02
2016-01-24,1108.39
2016-01-25,1120.22
2016-01-26,1125.48
2016-01-27,1115.31
2016-01-28,1118.55
2016-01-31,1128.79
2016-02-01,1129.54
2016-02-02,1142.89
2016-02-03,1155.87
2016-02-04,1173.87
2016-02-07,1189.54
2016-02-08,1189.42
2016-02-09,1197.5
2016-02-10,1247.12
2016-02-11,1237.93
2016-02-14,1209.49
2016-02-15,1200.32
2016-02-16,1208.73
2016-02-17,1231.33
2016-02-18,1226.79
2016-02-21,1209.06
2016-02-22,1226.03
2016-02-23,1229.17
2016-02-24,1233.5
2016-02-25,1223.39
2016-02-28,1238.94
2016-02-29,1232.47
2016-03-01,1240.32
2016-03-02,1264.6
2016-03-03,1259.27
2016-03-06,1267.58
2016-03-07,1262.16
2016-03-08,1253.49
2016-03-09,1272.61
2016-03-10,1251.16
2016-03-13,1235.6
2016-03-14,1233
2016-03-15,1262.89
2016-03-16,1258.22
2016-03-17,1255.62
2016-03-19,1256.22
2016-03-20,1244.1
2016-03-21,1248.72
2016-03-22,1220.37
2016-03-23,1217.46
2016-03-24,1217.58
2016-03-27,1222.01
2016-03-28,1242.65
2016-03-29,1225.55
2016-03-30,1232.95
2016-03-31,1222.81
2016-04-03,1216.07
2016-04-04,1231.72
2016-04-05,1222.88
2016-04-06,1240.84
2016-04-07,1240.25
2016-04-10,1258.25
2016-04-11,1255.89
2016-04-12,1243.16
2016-04-13,1228.16
2016-04-14,1234.1
2016-04-17,1232.96
2016-04-18,1250.66
2016-04-19,1244.54
2016-04-20,1248.47
2016-04-21,1232.62
2016-04-24,1238.34
2016-04-25,1243.72
2016-04-26,1246.27
2016-04-27,1266.37
2016-04-28,1294.15
2016-05-01,1292.03
2016-05-02,1287.07
2016-05-03,1280.04
2016-05-04,1278.19
2016-05-05,1288.79
2016-05-08,1264.29
2016-05-09,1266.16
2016-05-10,1277.74
2016-05-11,1264.32
2016-05-12,1273.75
2016-05-15,1274.54
2016-05-16,1279.32
2016-05-17,1258.82
2016-05-18,1255.06
2016-05-19,1252.73
2016-05-22,1249.45
2016-05-23,1227.54
2016-05-24,1224.68
2016-05-25,1220.24
2016-05-26,1213.34
2016-05-29,1205.55
2016-05-30,1215.85
2016-05-31,1213.33
2016-06-01,1211.35
2016-06-02,1244.88
2016-06-05,1245.66
2016-06-06,1244.23
2016-06-07,1263.12
2016-06-08,1269.97
2016-06-09,1274.43
2016-06-12,1284.23
2016-06-13,1285.99
2016-06-14,1291.76
2016-06-15,1278.85
2016-06-16,1299.74
2016-06-19,1290.54
2016-06-20,1268.84
2016-06-21,1267.44
2016-06-22,1256.48
2016-06-23,1316.12
2016-06-26,1324.73
2016-06-27,1312
2016-06-28,1319.2
2016-06-29,1322.17
2016-06-30,1342.59
2016-07-03,1351.44
2016-07-04,1356.54
2016-07-05,1364.42
2016-07-06,1361.03
2016-07-07,1368.37
2016-07-10,1355.85
2016-07-11,1333.43
2016-07-12,1343.14
2016-07-13,1335.56
2016-07-14,1338.18
2016-07-17,1329.04
2016-07-18,1332.48
2016-07-19,1316.55
2016-07-20,1331.61
2016-07-21,1322.7
2016-07-24,1316.28
2016-07-25,1320.84
2016-07-26,1340.3
2016-07-27,1336.27
2016-07-28,1351.29
2016-07-31,1353.73
2016-08-01,1363.95
2016-08-02,1358.77
2016-08-03,1362.01
2016-08-04,1337.38
2016-08-07,1336.11
2016-08-08,1341.27
2016-08-09,1346.73
2016-08-10,1339.37
2016-08-11,1336.68
2016-08-14,1339.81
2016-08-15,1346.83
2016-08-16,1349.28
2016-08-17,1352.63
2016-08-18,1340.58
2016-08-21,1339.29
2016-08-22,1338.5
2016-08-23,1325.34
2016-08-24,1322.2
2016-08-25,1321.99
2016-08-28,1323.61
2016-08-29,1311.23
2016-08-30,1309.36
2016-08-31,1314.29
2016-09-01,1326.48
2016-09-04,1327.5
2016-09-05,1350.43
2016-09-06,1345.49
2016-09-07,1338.36
2016-09-08,1328.57
2016-09-11,1328.23
2016-09-12,1319.1
2016-09-13,1323.06
2016-09-14,1314.97
2016-09-15,1310.49
2016-09-18,1314.03
2016-09-19,1315.24
2016-09-20,1337.37
2016-09-21,1337.59
2016-09-22,1339.02
2016-09-25,1338.32
2016-09-26,1327.36
2016-09-27,1322.22
2016-09-28,1320.86
2016-09-29,1317.32
2016-10-02,1312.21
2016-10-03,1268.82
2016-10-04,1267.17
2016-10-05,1255.15
2016-10-06,1258.29
2016-10-09,1260.19
2016-10-10,1253.19
2016-10-11,1255.65
2016-10-12,1258.55
2016-10-13,1251.3
2016-10-16,1256.29
2016-10-17,1263.18
2016-10-18,1269.74
2016-10-19,1266.29
2016-10-20,1267.13
2016-10-23,1264.8
2016-10-24,1274.32
2016-10-25,1267.4
2016-10-26,1268.87
2016-10-27,1276.68
2016-10-30,1277.84
2016-10-31,1288.58
2016-11-01,1297.46
2016-11-02,1303.08
2016-11-03,1305.39
2016-11-06,1282.14
2016-11-07,1276.17
2016-11-08,1278.41
2016-11-09,1259.71
2016-11-10,1229.09
2016-11-13,1221.72
2016-11-14,1229.23
2016-11-15,1225.59
2016-11-16,1216.75
2016-11-17,1208.9
2016-11-19,1209.97
2016-11-20,1214.77
2016-11-21,1212.85
2016-11-22,1190.05
2016-11-23,1185.06
2016-11-24,1183.07
2016-11-27,1193.84
2016-11-28,1188.96
2016-11-29,1173.76
2016-11-30,1172.06
2016-12-01,1177.98
2016-12-04,1170.88
2016-12-05,1170.34
2016-12-06,1174.48
2016-12-07,1171.11
2016-12-08,1160.86
2016-12-11,1162.83
2016-12-12,1158.72
2016-12-13,1143.8
2016-12-14,1128.83
2016-12-15,1135.98
2016-12-18,1138.85
2016-12-19,1132.76
2016-12-20,1131.85
2016-12-21,1128.82
2016-12-22,1135.44
2016-12-26,1139.44
2016-12-27,1141.93
2016-12-28,1158.51
2016-12-29,1153.9
2017-01-02,1159.59
2017-01-03,1163.91
2017-01-04,1180.86
2017-01-05,1173.14
2017-01-08,1181.4
2017-01-09,1188.42
2017-01-10,1192.02
2017-01-11,1195.87
2017-01-12,1197.92
2017-01-15,1203.19
2017-01-16,1217.48
2017-01-17,1204.68
2017-01-18,1205.25
2017-01-19,1209.42
2017-01-22,1218.41
2017-01-23,1209.36
2017-01-24,1201.13
2017-01-25,1188.99
2017-01-26,1192.23
2017-01-29,1195.97
2017-01-30,1211.1
2017-01-31,1210.24
2017-02-01,1216.33
2017-02-02,1220.71
2017-02-05,1235.93
2017-02-06,1234.38
2017-02-07,1241.85
2017-02-08,1229.91
2017-02-09,1234.47
2017-02-12,1225.86
2017-02-13,1228.87
2017-02-14,1234.06
2017-02-15,1239.67
2017-02-16,1236.16
2017-02-19,1237.91
2017-02-20,1236.34
2017-02-21,1237.6
2017-02-22,1249.6
2017-02-23,1258.44
2017-02-26,1253.17
2017-02-27,1248.41
2017-02-28,1250.22
2017-03-01,1234.74
2017-03-02,1234.87
2017-03-05,1226.01
2017-03-06,1216.14
2017-03-07,1208.43
2017-03-08,1201.19
2017-03-09,1204.81
2017-03-12,1204.38
2017-03-13,1199.15
2017-03-14,1219.64
2017-03-15,1226.81
2017-03-16,1229.64
2017-03-19,1234.64
2017-03-20,1244.84
2017-03-21,1249.44
2017-03-22,1245.7
2017-03-23,1245.53
2017-03-26,1254.88
2017-03-27,1251.9
2017-03-28,1253.72
2017-03-29,1243.6
2017-03-30,1248.52
2017-04-02,1253.8
2017-04-03,1256.49
2017-04-04,1255.88
2017-04-05,1252.1
2017-04-06,1255.47
2017-04-09,1255.14
2017-04-10,1274.68
2017-04-11,1286.88
2017-04-12,1288.09
2017-04-16,1285.02
2017-04-17,1289.77
2017-04-18,1281.51
2017-04-19,1283.35
2017-04-20,1284.71
2017-04-23,1276.9
2017-04-24,1265.6
2017-04-25,1270.53
2017-04-26,1264.66
2017-04-27,1268.26
2017-04-30,1258.57
2017-05-01,1257.85
2017-05-02,1238.95
2017-05-03,1228.14
2017-05-04,1228.8
2017-05-07,1226.38
2017-05-08,1222.38
2017-05-09,1219.9
2017-05-10,1226.07
2017-05-11,1228.47
2017-05-14,1231.44
2017-05-15,1238.07
2017-05-16,1262.49
2017-05-17,1248
2017-05-18,1255.75
2017-05-21,1261.66
2017-05-22,1252.2
2017-05-23,1259.6
2017-05-24,1256.59
2017-05-25,1267.48
2017-05-28,1267.26
2017-05-29,1263.22
2017-05-30,1269.81
2017-05-31,1266.12
2017-06-01,1279.59
2017-06-04,1279.76
2017-06-05,1295.2
2017-06-06,1287.08
2017-06-07,1278.23
2017-06-08,1267.49
2017-06-11,1267.06
2017-06-12,1267.44
2017-06-13,1262.42
2017-06-14,1254.17
2017-06-15,1254.27
2017-06-18,1244.93
2017-06-19,1243.44
2017-06-20,1247.79
2017-06-21,1250.72
2017-06-22,1256.93
2017-06-25,1245.79
2017-06-26,1248.23
2017-06-27,1249.44
2017-06-28,1245.58
2017-06-29,1241.69
2017-07-02,1220.68
2017-07-03,1223.44
2017-07-04,1227.73
2017-07-05,1226.37
2017-07-06,1212.58
2017-07-09,1214.49
2017-07-10,1218.46
2017-07-11,1220.67
2017-07-12,1218.5
2017-07-13,1229.13
2017-07-16,1235.23
2017-07-17,1243.62
2017-07-18,1242.22
2017-07-19,1245.8
2017-07-20,1255.01
2017-07-23,1256.37
2017-07-24,1250.27
2017-07-25,1262.06
2017-07-26,1259.24
2017-07-27,1270.12
2017-07-30,1270.6
2017-07-31,1270.04
2017-08-01,1267.74
2017-08-02,1269.49
2017-08-03,1259.45
2017-08-06,1258.47
2017-08-07,1261.85
2017-08-08,1278.47
2017-08-09,1287.44
2017-08-10,1290.59
2017-08-13,1282.5
2017-08-14,1272.09
2017-08-15,1284.27
2017-08-16,1289.03
2017-08-17,1286.28
2017-08-20,1292.6
2017-08-21,1286.13
2017-08-22,1291.81
2017-08-23,1287.27
2017-08-24,1291.51
2017-08-27,1310.77
2017-08-28,1309.78
2017-08-29,1309.96
2017-08-30,1322.55
2017-08-31,1326.43
2017-09-03,1334.48
2017-09-04,1340.83
2017-09-05,1334.84
2017-09-06,1349.98
2017-09-07,1346.97
2017-09-10,1328.43
2017-09-11,1332.22
2017-09-12,1324.03
2017-09-13,1330.63
2017-09-14,1320.64
2017-09-17,1308.45
2017-09-18,1312.27
2017-09-19,1301.48
2017-09-20,1292.53
2017-09-21,1297.06
2017-09-24,1311.85
2017-09-25,1294.9
2017-09-26,1283.94
2017-09-27,1288.27
2017-09-28,1279.98
2017-10-01,1271.21
2017-10-02,1272.96
2017-10-03,1275.85
2017-10-04,1269.39
2017-10-05,1276.22
2017-10-08,1284.23
2017-10-09,1288.89
2017-10-10,1293.03
2017-10-11,1294.69
2017-10-12,1303.6
2017-10-15,1295.98
2017-10-16,1285.41
2017-10-17,1282.1
2017-10-18,1290.88
2017-10-19,1280.73
2017-10-22,1283.18
2017-10-23,1277.92
2017-10-24,1278.55
2017-10-25,1268.2
2017-10-26,1273.27
2017-10-29,1276.56
2017-10-30,1271.27
2017-10-31,1274.96
2017-11-01,1276.25
2017-11-02,1270.55
2017-11-05,1282.96
2017-11-06,1276.23
2017-11-07,1282.42
2017-11-08,1286.02
2017-11-09,1276.39
2017-11-12,1278.95
2017-11-13,1281.17
2017-11-14,1279.26
2017-11-15,1279.67
2017-11-16,1295.08
2017-11-19,1277.85
2017-11-20,1281.45
2017-11-21,1292.95
2017-11-22,1291.6
2017-11-23,1288.88
2017-11-26,1294.67
2017-11-27,1294.11
2017-11-28,1284.7
2017-11-29,1275.19
2017-11-30,1282.02
2017-12-03,1276.29
2017-12-04,1266.16
2017-12-05,1263.57
2017-12-06,1247.32
2017-12-07,1248.69
2017-12-10,1242.37
2017-12-11,1244.65
2017-12-12,1255.88
2017-12-13,1253.68
2017-12-14,1255.47
2017-12-17,1262.29
2017-12-18,1261.86
2017-12-19,1265.66
2017-12-20,1266.85
2017-12-21,1275.21
2017-12-25,1283.16
2017-12-26,1287.45
2017-12-27,1295.15
2017-12-28,1302.69
2018-01-01,1317.79
2018-01-02,1313.4
2018-01-03,1322.96
2018-01-04,1320.79
2018-01-07,1320.67
2018-01-08,1313.03
2018-01-09,1316.89
2018-01-10,1322.69
2018-01-11,1338.67
2018-01-14,1340.4
2018-01-15,1338.76
2018-01-16,1326.7
2018-01-17,1327.21
2018-01-18,1332.07
2018-01-21,1334.19
2018-01-22,1341.6
2018-01-23,1358.83
2018-01-24,1348.65
2018-01-25,1351.15
2018-01-28,1340.7
2018-01-29,1338.88
2018-01-30,1345.33
2018-01-31,1349.2
2018-02-01,1331.4
2018-02-04,1339.88
2018-02-05,1324.82
2018-02-06,1318.72
2018-02-07,1319.19
2018-02-08,1317.41
2018-02-11,1322.93
2018-02-12,1329.71
2018-02-13,1350.72
2018-02-14,1353.58
2018-02-15,1348.21
2018-02-18,1347.02
2018-02-19,1329.7
2018-02-20,1324.85
2018-02-21,1332.4
2018-02-22,1329.18
2018-02-25,1333.53
2018-02-26,1318.76
2018-02-27,1318.52
2018-02-28,1317.32
2018-03-01,1322.28
2018-03-04,1320.61
2018-03-05,1334.89
2018-03-06,1325.85
2018-03-07,1322.18
2018-03-08,1323.85
2018-03-11,1323.28
2018-03-12,1326.64
2018-03-13,1325.08
2018-03-14,1316.45
2018-03-15,1313.93
2018-03-18,1317.08
2018-03-19,1311.51
2018-03-20,1332.5
2018-03-21,1329.31
2018-03-22,1348.12
2018-03-25,1353.75
2018-03-26,1345.03
2018-03-27,1325.14
2018-03-28,1325.57
2018-04-01,1341.58
2018-04-02,1333.09
2018-04-03,1333.54
2018-04-04,1326.83
2018-04-05,1333.22
2018-04-08,1336.52
2018-04-09,1339.87
2018-04-10,1353.44
2018-04-11,1335.26
2018-04-12,1345.39
2018-04-15,1346.1
2018-04-16,1347.54
2018-04-17,1349.57
2018-04-18,1345.85
2018-04-19,1336.28
2018-04-22,1325.1
2018-04-23,1330.66
2018-04-24,1323.61
2018-04-25,1317.18
2018-04-26,1323.64
2018-04-29,1315.68
2018-04-30,1304.23
2018-05-01,1305.13
2018-05-02,1312.45
2018-05-03,1315.27
2018-05-06,1314.46
2018-05-07,1314.68
2018-05-08,1312.97
2018-05-09,1321.58
2018-05-10,1319.23
2018-05-13,1313.66
2018-05-14,1290.85
2018-05-15,1291.01
2018-05-16,1291.13
2018-05-17,1292.69
2018-05-20,1292.92
2018-05-21,1291.59
2018-05-22,1293.66
2018-05-23,1305.11
2018-05-24,1301.09
2018-05-27,1298.45
2018-05-28,1299.51
2018-05-29,1301.69
2018-05-30,1298.51
2018-05-31,1294.06
2018-06-03,1292.25
2018-06-04,1296.7
2018-06-05,1296.81
2018-06-06,1297.4
2018-06-07,1299.16
2018-06-10,1300.55
2018-06-11,1296.06
2018-06-12,1299.79
2018-06-13,1302.39
2018-06-14,1279.98
2018-06-17,1278.64
2018-06-18,1274.81
2018-06-19,1268.24
2018-06-20,1267.39
2018-06-21,1269.85
2018-06-24,1265.76
2018-06-25,1259.13
2018-06-26,1252.29
2018-06-27,1248.48
2018-06-28,1253.34
2018-07-01,1242.2
2018-07-02,1253.22
2018-07-03,1257.11
2018-07-04,1257.97
2018-07-05,1255.73
2018-07-08,1257.94
2018-07-09,1255.83
2018-07-10,1242.41
2018-07-11,1247.34
2018-07-12,1241.31
2018-07-15,1241.15
2018-07-16,1227.93
2018-07-17,1227.76
2018-07-18,1223.06
2018-07-19,1231.62
2018-07-22,1224.78
2018-07-23,1224.77
2018-07-24,1231.86
2018-07-25,1222.87
2018-07-26,1223.19
2018-07-29,1221.73
2018-07-30,1224.06
2018-07-31,1216.27
2018-08-01,1208.14
2018-08-02,1213.63
2018-08-05,1207.61
2018-08-06,1211.25
2018-08-07,1213.98
2018-08-08,1212.57
2018-08-09,1211.56
2018-08-12,1193.86
2018-08-13,1194.25
2018-08-14,1175.01
2018-08-15,1174.37
2018-08-16,1184.52
2018-08-19,1190.74
2018-08-20,1196.43
2018-08-21,1195.78
2018-08-22,1185.51
2018-08-23,1206.29
2018-08-26,1211.51
2018-08-27,1201.37
2018-08-28,1206.86
2018-08-29,1200.07
2018-08-30,1200.97
2018-09-02,1201.53
2018-09-03,1191.71
2018-09-04,1196.99
2018-09-05,1200.36
2018-09-06,1196.15
2018-09-09,1196.14
2018-09-10,1198.96
2018-09-11,1206.44
2018-09-12,1201.71
2018-09-13,1193.95
2018-09-16,1201.72
2018-09-17,1198.56
2018-09-18,1204.21
2018-09-19,1207.41
2018-09-20,1199.29
2018-09-23,1199.05
2018-09-24,1201.43
2018-09-25,1194.68
2018-09-26,1183.02
2018-09-27,1191.67
2018-09-30,1189.41
2018-10-01,1203.28
2018-10-02,1197.64
2018-10-03,1200.11
2018-10-04,1203.27
2018-10-07,1188.22
2018-10-08,1190.08
2018-10-09,1195.07
2018-10-10,1224.58
2018-10-11,1217.87
2018-10-14,1227.16
2018-10-15,1225.06
2018-10-16,1222.54
2018-10-17,1226.13
2018-10-18,1226.93
2018-10-21,1222.31
2018-10-22,1230.4
2018-10-23,1234.46
2018-10-24,1232.5
2018-10-25,1234.21
2018-10-28,1229.66
2018-10-29,1223.22
2018-10-30,1215.01
2018-10-31,1233.8
2018-11-01,1233.12
2018-11-04,1231.91
2018-11-05,1227.73
2018-11-06,1227.27
2018-11-07,1224.24
2018-11-08,1209.67
2018-11-11,1200.94
2018-11-12,1202.41
2018-11-13,1211.68
2018-11-14,1214.09
2018-11-15,1221.68
2018-11-18,1224.36
2018-11-19,1221.87
2018-11-20,1226.24
2018-11-21,1227.76
2018-11-22,1224.85
2018-11-25,1222.56
2018-11-26,1215.3
2018-11-27,1221.37
2018-11-28,1224.71
2018-11-29,1222.03
2018-12-02,1230.96
2018-12-03,1238.71
2018-12-04,1237.37
2018-12-05,1238.16
2018-12-06,1248.21
2018-12-09,1245.24
2018-12-10,1243.82
2018-12-11,1246.31
2018-12-12,1242.71
2018-12-13,1238.43
2018-12-16,1246.65
2018-12-17,1250.34
2018-12-18,1243.28
2018-12-19,1259.99
2018-12-20,1255.93
2018-12-23,1269.91
2018-12-25,1267.23
2018-12-26,1276.05
2018-12-27,1280.9
2018-12-30,1280.27
2019-01-01,1284.74
2019-01-02,1294.48
2019-01-03,1285.12
2019-01-06,1289.95
2019-01-07,1285.64
2019-01-08,1293.52
2019-01-09,1286.77
2019-01-10,1287.95
2019-01-13,1291.86
2019-01-14,1290.16
2019-01-15,1293.94
2019-01-16,1292.23
2019-01-17,1281.56
2019-01-20,1280.43
2019-01-21,1285.31
2019-01-22,1282.92
2019-01-23,1281.34
2019-01-24,1303.31
2019-01-27,1304.11
2019-01-28,1312.1
2019-01-29,1319.9
2019-01-30,1321.61
2019-01-31,1318.15
2019-02-03,1312.35
2019-02-04,1315.49
2019-02-05,1306.75
2019-02-06,1310.66
2019-02-07,1314.16
2019-02-10,1308.4
2019-02-11,1311.04
2019-02-12,1306.39
2019-02-13,1312.66
2019-02-14,1321.53
2019-02-17,1327.15
2019-02-18,1341.31
2019-02-19,1339.32
2019-02-20,1323.56
2019-02-21,1327.96
2019-02-24,1327.66
2019-02-25,1329.18
2019-02-26,1320.07
2019-02-27,1313.39
2019-02-28,1293.35
2019-03-03,1286.88
2019-03-04,1288.65
2019-03-05,1286.64
2019-03-06,1285.84
2019-03-07,1298.49
2019-03-10,1293.69
2019-03-11,1301.76
2019-03-12,1309.26
2019-03-13,1296.37
2019-03-14,1302.49
2019-03-17,1303.85
2019-03-18,1306.7
2019-03-19,1312.75
2019-03-20,1309.59
2019-03-21,1313.43
2019-03-24,1322.07
2019-03-25,1315.84
2019-03-26,1310.36
2019-03-27,1290.61
2019-03-28,1292.35
2019-03-31,1287.94
2019-04-01,1292.75
2019-04-02,1290.22
2019-04-03,1292.44
2019-04-04,1291.78
2019-04-07,1297.76
2019-04-08,1304.76
2019-04-09,1308.28
2019-04-10,1292.85
2019-04-11,1291.05
2019-04-14,1288.11
2019-04-15,1277.25
2019-04-16,1274.29
2019-04-17,1275.91
2019-04-21,1275.1
2019-04-22,1272.66
2019-04-23,1275.95
2019-04-24,1277.54
2019-04-25,1286.01
2019-04-28,1280.05
2019-04-29,1284.24
2019-04-30,1277.4
2019-05-01,1271.26
2019-05-02,1279.07
2019-05-05,1281.1
2019-05-06,1284.68
2019-05-07,1281.68
2019-05-08,1284.72
2019-05-09,1286.17
2019-05-12,1300.04
2019-05-13,1297.25
2019-05-14,1296.85
2019-05-15,1287.16
2019-05-16,1277.95
2019-05-19,1278.16
2019-05-20,1275.25
2019-05-21,1273.58
2019-05-22,1283.8
2019-05-23,1285.09
2019-05-26,1285.32
2019-05-27,1279.61
2019-05-28,1280.46
2019-05-29,1288.6
2019-05-30,1305.45
2019-06-02,1325.43
2019-06-03,1326.06
2019-06-04,1331.03
2019-06-05,1336.68
2019-06-06,1340.99
2019-06-09,1328.22
2019-06-10,1327.26
2019-06-11,1334.2
2019-06-12,1342.24
2019-06-13,1341.47
2019-06-14,1341.47
2019-06-16,1340.06
2019-06-17,1347.06
2019-06-18,1360.68
2019-06-19,1389.05
2019-06-20,1399.22
2019-06-21,1399.22
2019-06-23,1420.32
2019-06-24,1424.05
2019-06-25,1409.33
2019-06-26,1410.39
2019-06-27,1410.19
2019-06-28,1410.19
2019-07-01,1418.6
2019-07-02,1419.26
2019-07-03,1416.35
2019-07-04,1399.06
2019-07-05,1399.06
2019-07-07,1395.53
2019-07-08,1397.86
2019-07-09,1419.13
2019-07-10,1404.26
2019-07-11,1415.83
2019-07-12,1415.83
2019-07-14,1414.18
2019-07-15,1406.01
2019-07-16,1426.48
2019-07-17,1446.76
2019-07-18,1425.61
2019-07-19,1425.61
2019-07-21,1425.03
2019-07-22,1417.79
2019-07-23,1425.79
2019-07-24,1414.5
2019-07-25,1418.58
2019-07-26,1418.58
2019-07-28,1427.17
2019-07-29,1430.98
2019-07-30,1413.16
2019-07-31,1445.1
2019-08-01,1440.78
2019-08-02,1440.78
2019-08-04,1464.03
2019-08-05,1474.76
2019-08-06,1501.56
2019-08-07,1501.21
2019-08-08,1497.67
2019-08-09,1497.67
2019-08-11,1511.83
2019-08-12,1501.66
2019-08-13,1519.77
2019-08-14,1523.37
2019-08-15,1512.48
2019-08-16,1512.48
2019-08-18,1496.15
2019-08-19,1507.95
2019-08-20,1502.96
2019-08-21,1498.37
2019-08-22,1526.45
2019-08-23,1526.45
2019-08-25,1527.37
2019-08-26,1542.94
2019-08-27,1541.19
2019-08-28,1527.86
2019-08-29,1523.15
2019-08-30,1523.15
2019-09-01,1529.6
2019-09-02,1547.86
2019-09-03,1552.81
2019-09-04,1546.17
2019-09-05,1546.17
2019-09-06,1507.64
2019-09-09,1499.1
2019-09-10,1485.73
2019-09-11,1497.01
2019-09-12,1499.51
2019-09-13,1489.21
2019-09-16,1498.45
2019-09-17,1502.69
2019-09-18,1494.38
2019-09-19,1499.19
2019-09-20,1516.59
2019-09-23,1522.4
2019-09-24,1532.48
2019-09-25,1503.83
2019-09-26,1504.78
2019-09-27,1497.02
2019-09-30,1472.79
2019-10-01,1479.33
2019-10-02,1500.11
2019-10-03,1505.25
2019-10-04,1504.28
2019-10-07,1493.48
2019-10-08,1493.64
2019-10-09,1505.9
2019-10-10,1493.76
2019-10-11,1487.36
2019-10-14,1493.36
2019-10-15,1481.25
2019-10-16,1483.23
2019-10-17,1492.33
2019-10-18,1490.39
2019-10-21,1484.64
2019-10-22,1487.8
2019-10-23,1492.15
2019-10-24,1504.03
2019-10-25,1504.61
2019-10-28,1492.72
2019-10-29,1487.98
2019-10-30,1496.01
2019-10-31,1494.31
2019-11-01,1514.1
2019-11-04,1509.79
2019-11-05,1483.79
2019-11-06,1490.72
2019-11-07,1491.04
2019-11-08,1469.06
2019-11-11,1456.17
2019-11-12,1456.46
2019-11-13,1463.65
2019-11-14,1471.49
2019-11-15,1468.25
2019-11-19,1472.68
2019-11-20,1471.79
2019-11-21,1464.64
2019-11-22,1462.56
2019-11-25,1455.35
2019-11-26,1461.59
2019-11-27,1454.62
2019-11-28,1455.86
2019-11-29,1464.27
2019-11-30,1464.27
2019-12-02,1462.58
2019-12-03,1477.66
2019-12-04,1475.88
2019-12-05,1476.11
2019-12-06,1460.06
2019-12-07,1460.06
2019-12-09,1461.77
2019-12-10,1464.49
2019-12-11,1475.05
2019-12-12,1470.08
2019-12-13,1475.68
2019-12-14,1475.68
2019-12-16,1476.41
2019-12-17,1477.15
2019-12-18,1475.78
2019-12-19,1479.83
2019-12-20,1478.41
2019-12-23,1485.76
2019-12-24,1499.66
2019-12-26,1511.37
2019-12-27,1511.05
2019-12-28,1511.05
2019-12-30,1515.45
2019-12-31,1520.65
2020-01-02,1531.73
2020-01-04,1551.53
2020-01-06,1568.32
2020-01-07,1575.56
2020-01-08,1572.69
2020-01-09,1553.73
2020-01-10,1562.95
2020-01-13,1549.25
2020-01-14,1548.87
2020-01-15,1558.75
2020-01-16,1554.91
2020-01-17,1557.15
2020-01-20,1561.17
2020-01-21,1558.5
2020-01-22,1559.31
2020-01-23,1564.17
2020-01-24,1570.87
2020-01-27,1582.33
2020-01-28,1570.62
2020-01-29,1577.25
2020-01-30,1575.33
2020-01-31,1590.31
2020-02-03,1578.35
2020-02-04,1556.4
2020-02-05,1556.42
2020-02-06,1567
2020-02-08,1570.55
2020-02-10,1573.34
2020-02-11,1568.12
2020-02-12,1567.02
2020-02-13,1576.63
2020-02-14,1584.91
2020-02-18,1603.08
2020-02-19,1613.34
2020-02-20,1621.27
2020-02-21,1643.87
2020-02-24,1659.07
2020-02-25,1636.23
2020-02-26,1644.58
2020-02-27,1644.46
2020-02-28,1642.99
2020-03-02,1592.78
2020-03-03,1593.03
2020-03-04,1642.09
2020-03-05,1637.42
2020-03-06,1674.62
2020-03-09,1699.86
2020-03-10,1665.59
2020-03-11,1656.05
2020-03-12,1644.5
2020-03-13,1581.47
2020-03-16,1512.94
2020-03-17,1511.76
2020-03-18,1538.29
2020-03-19,1492.66
2020-03-20,1474.52
2020-03-23,1494.59
2020-03-24,1566.81
2020-03-25,1631.64
2020-03-26,1608.4
2020-03-27,1624.74
2020-03-30,1622.66
2020-03-31,1618.39
2020-04-01,1581.39
2020-04-02,1614.49
2020-04-03,1621.37
2020-04-06,1619.99
2020-04-07,1664.95
2020-04-08,1646.93
2020-04-09,1648.07
2020-04-13,1688.84
2020-04-14,1717.15
2020-04-15,1730.8
2020-04-16,1717.91
2020-04-17,1718.14
2020-04-20,1676.45
2020-04-21,1691.21
2020-04-22,1688
2020-04-23,1711.64
2020-04-24,1726.18
2020-04-27,1723.5
2020-04-28,1708.39
2020-04-29,1706.14
2020-04-30,1711.67
2020-05-01,1685.65
2020-05-04,1702.17
2020-05-05,1706.71
2020-05-06,1703.52
2020-05-07,1693.2
2020-05-08,1715.06
2020-05-11,1705.63
2020-05-12,1697.18
2020-05-13,1705.82
2020-05-14,1718.48
2020-05-15,1731.37
2020-05-18,1732.99
2020-05-19,1746.9
2020-05-20,1748.48
2020-05-21,1727.82
2020-05-22,1736.73
2020-05-25,1730.25
2020-05-26,1732.72
2020-05-27,1709.85
2020-05-28,1721
2020-05-29,1732.07
2020-06-01,1742.56
2020-06-02,1742.18
2020-06-03,1699.17
2020-06-04,1715.53
2020-06-05,1713.79
2020-06-08,1685.88
2020-06-09,1715.34
2020-06-10,1739.85
2020-06-11,1733.63
2020-06-12,1732.32
2020-06-15,1726.07
2020-06-16,1727.99
2020-06-17,1725.62
2020-06-18,1723.76
2020-06-19,1742.15
2020-06-22,1756.14
2020-06-23,1753.95
2020-06-24,1763.36
2020-06-25,1764.12
2020-06-26,1764.11
2020-06-29,1773.31
2020-06-30,1780.67
2020-07-01,1771.03
2020-07-02,1767.54
2020-07-03,1775.46
2020-07-06,1785.2
2020-07-07,1796.06
2020-07-08,1795.4
2020-07-09,1804.16
2020-07-10,1798.97
2020-07-13,1805.08
2020-07-14,1799.22
2020-07-15,1812.95
2020-07-16,1799.37
2020-07-17,1799.34
2020-07-20,1806.75
2020-07-21,1842.83
2020-07-22,1871.77
2020-07-23,1871.77
2020-07-24,1902.27
2020-07-27,1940
2020-07-28,1959.98
2020-07-29,1972.2
2020-07-30,1957.8
2020-07-31,1974.26
2020-08-03,1978.16
2020-08-04,1975
2020-08-05,2037.09
2020-08-06,2064.2
2020-08-07,2067.46
2020-08-10,2031.88
2020-08-11,1913.19
2020-08-12,1917.23
2020-08-13,1940.29
2020-08-14,1944.86
2020-08-17,1986.69
2020-08-18,2005.13
2020-08-19,1929.53
2020-08-20,1940.87
2020-08-21,1952.02
2020-08-24,1930.13
2020-08-25,1929.76
2020-08-26,1927.77
2020-08-27,1951.25
2020-08-28,1929.09
2020-08-31,1968.53
2020-09-01,1969.55
2020-09-02,1970.44
2020-09-03,1946.14
2020-09-04,1933.49
2020-09-07,1936
2020-09-08,1926.57
2020-09-09,1930.42
2020-09-10,1946.81
2020-09-11,1948.1
2020-09-14,1941.52
2020-09-15,1956.03
2020-09-16,1953.07
2020-09-17,1956.18
2020-09-18,1951.17
2020-09-21,1949.66
2020-09-22,1916.58
2020-09-23,1864.2
2020-09-24,1868.2
2020-09-25,1864.88
2020-09-28,1882.4
2020-09-29,1882.4
2020-09-30,1897.09
2020-10-01,1885.6
2020-10-02,1901.94
2020-10-05,1901.3
2020-10-06,1913.55
2020-10-07,1877.97
2020-10-08,1885.98
2020-10-09,1898.74
2020-10-12,1926.84
2020-10-13,1921.18
2020-10-14,1893.22
2020-10-15,1899.07
2020-10-16,1906.48
2020-10-19,1900.29
2020-10-20,1902.64
2020-10-21,1912.96
2020-10-22,1920.61
2020-10-23,1901.99
2020-10-26,1902.64
2020-10-27,1904.84
2020-10-28,1905.96
2020-10-29,1879.35
2020-10-30,1865.58
2020-11-02,1875.37
2020-11-03,1894.03
2020-11-04,1911.4
2020-11-05,1906.42
2020-11-06,1943.96
2020-11-09,1863.28
2020-11-10,1874.01
2020-11-11,1866.14
2020-11-12,1870.6
2020-11-13,1887.97
2020-11-16,1889.53
2020-11-17,1888.74
2020-11-18,1882.21
2020-11-19,1869.93
2020-11-20,1863.91
2020-11-23,1838.8
2020-11-24,1833.64
2020-11-25,1807.58
2020-11-26,1810.08
2020-11-27,1787.58
2020-11-30,1777.65
2020-12-01,1815.69
2020-12-02,1831.66
2020-12-03,1841.87
2020-12-04,1838.05
2020-12-07,1863.15
2020-12-08,1870.75
2020-12-09,1840.25
2020-12-10,1836.96
2020-12-11,1840.14
2020-12-14,1827.84
2020-12-15,1854.21
2020-12-16,1864.99
2020-12-17,1886.21
2020-12-18,1880.7
2020-12-21,1877.84
2020-12-22,1861
2020-12-23,1873.86
2020-12-24,1880.26
2020-12-28,1874.22
2020-12-29,1879.46
2020-12-30,1895.5
2020-12-31,1893.9
2021-01-04,1943.25
2021-01-05,1950.78
2021-01-06,1919.49
2021-01-07,1914.44
2021-01-08,1847.59
2021-01-11,1843.59
2021-01-12,1855.62
2021-01-13,1845.75
2021-01-14,1846.76
2021-01-15,1827.34
2021-01-18,1838.11
2021-01-19,1840.86
2021-01-20,1872.27
2021-01-21,1871.4
2021-01-22,1854.57
2021-01-25,1856.57
2021-01-26,1851.54
2021-01-27,1844.94
2021-01-28,1843.15
2021-01-29,1849.53
2021-02-01,1861.44
2021-02-02,1839.69
2021-02-03,1834.55
2021-02-04,1794.83
2021-02-05,1814.74
2021-02-08,1831.08
2021-02-09,1839.4
2021-02-10,1843.83
2021-02-11,1825.78
2021-02-12,1824.91
2021-02-15,1819.14
2021-02-16,1795.06
2021-02-17,1776.56
2021-02-18,1776.15
2021-02-19,1784.57
2021-02-22,1810.09
2021-02-23,1806.25
2021-02-24,1805.37
2021-02-25,1770.77
2021-02-26,1735
2021-03-01,1725.23
2021-03-02,1738.79
2021-03-03,1711.64
2021-03-04,1697.75
2021-03-05,1701.52
2021-03-08,1683.78
2021-03-09,1716.44
2021-03-10,1727.03
2021-03-11,1722.76
2021-03-12,1727.44
2021-03-15,1732.04
2021-03-16,1731.62
2021-03-17,1745.5
2021-03-18,1736.89
2021-03-19,1745.66
2021-03-22,1739.33
2021-03-23,1727.37
2021-03-24,1735.32
2021-03-25,1727.53
2021-03-26,1732.83
2021-03-29,1712.5
2021-03-30,1685.52
2021-03-31,1708.06
2021-04-01,1729.66
2021-04-02,1737.06
2021-04-05,1728.67
2021-04-06,1743.53
2021-04-07,1738.02
2021-04-08,1755.93
2021-04-09,1744.31
2021-04-12,1733.48
2021-04-13,1745.7
2021-04-14,1736.77
2021-04-15,1764.43
2021-04-16,1776.08
2021-04-19,1772.67
2021-04-20,1779.43
2021-04-21,1793.95
2021-04-22,1784.19
2021-04-23,1777.46
2021-04-26,1781.63
2021-04-27,1777.05
2021-04-28,1781.92
2021-04-29,1772.57
2021-04-30,1769.33
2021-05-03,1793.54
2021-05-04,1779.32
2021-05-05,1787.27
2021-05-06,1815.59
2021-05-07,1830.81
2021-05-10,1836.5
2021-05-11,1837.87
2021-05-12,1815.87
2021-05-13,1827.06
2021-05-14,1843.88
2021-05-17,1867.51
2021-05-18,1870.03
2021-05-19,1870.42
2021-05-20,1877.65
2021-05-21,1880.86
2021-05-24,1881.9
2021-05-25,1899.43
2021-05-26,1897.4
2021-05-27,1897.09
2021-05-28,1904.39
2021-05-31,1907.06
2021-06-01,1900.66
2021-06-02,1908.74
2021-06-03,1871.75
2021-06-04,1891.59
2021-06-07,1899.65
2021-06-08,1893.4
2021-06-09,1889.54
2021-06-10,1898.79
2021-06-11,1878.03
2021-06-14,1867.29
2021-06-15,1859.2
2021-06-16,1812.18
2021-06-17,1774.29
2021-06-18,1765.14
2021-06-21,1783.53
2021-06-22,1779.2
2021-06-23,1779.43
2021-06-24,1775.68
2021-06-25,1782.04
2021-06-28,1778.78
2021-06-29,1761.85
2021-06-30,1770.63
2021-07-01,1777.32
2021-07-02,1787.86
2021-07-05,1792.23
2021-07-06,1797.43
2021-07-07,1804.15
2021-07-08,1803.2
2021-07-09,1808.58
2021-07-12,1806.65
2021-07-13,1808.36
2021-07-14,1827.84
2021-07-15,1829.98
2021-07-16,1812.44
2021-07-19,1813.14
2021-07-20,1810.68
2021-07-21,1803.78
2021-07-22,1807.36
2021-07-23,1802.54
2021-07-26,1798
2021-07-27,1799.56
2021-07-28,1807.95
2021-07-29,1829.02
2021-07-30,1814.39
2021-08-02,1815.8
2021-08-03,1811.05
2021-08-04,1812.29
2021-08-05,1805.03
2021-08-06,1764.3
2021-08-09,1730.19
2021-08-10,1729.68
2021-08-11,1752.82
2021-08-12,1753.51
2021-08-13,1779.94
2021-08-16,1788.81
2021-08-17,1786.6
2021-08-18,1788.16
2021-08-19,1781.14
2021-08-20,1781.65
2021-08-23,1805.99
2021-08-24,1803.29
2021-08-25,1791.52
2021-08-26,1792.99
2021-08-27,1817.4
2021-08-30,1810.95
2021-08-31,1814.17
2021-09-01,1814.37
2021-09-02,1810.22
2021-09-03,1828.16
2021-09-06,1823.91
2021-09-07,1795.02
2021-09-08,1789.86
2021-09-09,1795.28
2021-09-10,1788.06
2021-09-13,1794.83
2021-09-14,1805.23
2021-09-15,1794.56
2021-09-16,1754.73
2021-09-17,1754.88
2021-09-20,1764.84
2021-09-21,1775.02
2021-09-22,1768.75
2021-09-23,1743.42
2021-09-24,1750.78
2021-09-27,1750.6
2021-09-28,1734.66
2021-09-29,1726.98
2021-09-30,1757.24
2021-10-01,1760.99
2021-10-04,1770.56
2021-10-05,1760.81
2021-10-06,1763.57
2021-10-07,1757.6
2021-10-08,1757.61
2021-10-11,1754.94
2021-10-12,1760.76
2021-10-13,1793.63
2021-10-14,1796.64
2021-10-15,1767.84
2021-10-18,1765.24
2021-10-19,1769.92
2021-10-20,1782.25
2021-10-21,1783.26
2021-10-22,1793.41
2021-10-25,1808.15
2021-10-26,1793.41
2021-10-27,1797.36
2021-10-28,1799.58
2021-10-29,1783.77
2021-11-01,1793.96
2021-11-02,1788.18
2021-11-03,1770.31
2021-11-04,1792.62
2021-11-05,1818.58
2021-11-08,1824.57
2021-11-09,1832.36
2021-11-10,1850.97
2021-11-11,1862.44
2021-11-12,1865.13
2021-11-15,1863.42
2021-11-16,1851.14
2021-11-17,1868.22
2021-11-18,1859.43
2021-11-19,1846.83
2021-11-22,1805.5
2021-11-23,1789.69
2021-11-24,1789.19
2021-11-25,1789.92
2021-11-26,1793.54
2021-11-29,1785.17
2021-11-30,1775.01
2021-12-01,1782.56
2021-12-02,1769.28
2021-12-03,1783.79
2021-12-06,1779.43
2021-12-07,1784.68
2021-12-08,1783.48
2021-12-09,1776.03
2021-12-10,1783.27
2021-12-13,1787.17
2021-12-14,1771.81
2021-12-15,1777.5
2021-12-16,1799.79
2021-12-17,1798.35
2021-12-20,1791.39
2021-12-21,1789.93
2021-12-22,1804.09
2021-12-23,1809.4
2021-12-24,1806.13
2021-12-27,1812.61
2021-12-28,1806.66
2021-12-29,1805.86
2021-12-30,1815.18
2021-12-31,1827.77
2022-01-03,1802.06
2022-01-04,1815.32
2022-01-05,1811.14
2022-01-06,1791.68
2022-01-07,1797.41
2022-01-10,1802.14
2022-01-11,1822.06
2022-01-12,1827.16
2022-01-13,1823.21
2022-01-14,1818.12
2022-01-17,1819.58
2022-01-18,1814.44
2022-01-19,1840.82
2022-01-20,1839.8
2022-01-21,1834.95
2022-01-24,1843.83
2022-01-25,1848.59
2022-01-26,1820.13
2022-01-27,1798.05
2022-01-28,1792.31
2022-01-31,1797.7
2022-02-01,1801.37
2022-02-02,1807.1
2022-02-03,1805.09
2022-02-04,1808.32
2022-02-07,1821.03
2022-02-08,1826.18
2022-02-09,1833.78
2022-02-10,1827.94
2022-02-11,1859.4
2022-02-14,1871.7
2022-02-15,1854.27
2022-02-16,1870.46
2022-02-17,1899.14
2022-02-18,1898.47
2022-02-21,1908.07
2022-02-22,1899.79
2022-02-23,1909.29
2022-02-24,1905.01
2022-02-25,1889.67
2022-02-28,1909.33
2022-03-01,1945.47
2022-03-02,1929.57
2022-03-03,1936.62
2022-03-04,1972.26
2022-03-07,1998.49
2022-03-08,2050.87
2022-03-09,1992.39
2022-03-10,1997.83
2022-03-11,1988.63
2022-03-14,1951.39
2022-03-15,1918.73
2022-03-16,1928.21
2022-03-17,1943.4
2022-03-18,1921.57
2022-03-21,1936.41
2022-03-22,1922.17
2022-03-23,1943.75
2022-03-24,1957.98
2022-03-25,1958.5
2022-03-28,1923.64
2022-03-29,1919.97
2022-03-30,1933.12
2022-03-31,1937.87
2022-04-01,1925.67
2022-04-04,1932.86
2022-04-05,1923.88
2022-04-06,1925.41
2022-04-07,1932.16
2022-04-08,1947.66
2022-04-11,1953.84
2022-04-12,1966.97
2022-04-13,1977.91
2022-04-14,1973.92
2022-04-15,1974.69
2022-04-18,1979.15
2022-04-19,1950.26
2022-04-20,1957.93
2022-04-21,1951.62
2022-04-22,1932.13
2022-04-25,1898
2022-04-26,1905.53
2022-04-27,1886.55
2022-04-28,1894.77
2022-04-29,1897.57
2022-05-02,1863.2
2022-05-03,1868.44
2022-05-04,1881.45
2022-05-05,1877.32
2022-05-06,1883.65
2022-05-09,1854.13
2022-05-10,1838.42
2022-05-11,1852.58
2022-05-12,1822.18
2022-05-13,1812.39
2022-05-16,1825.12
2022-05-17,1815.34
2022-05-18,1816.94
2022-05-19,1842.21
2022-05-20,1847.18
2022-05-23,1853.69
2022-05-24,1866.72
2022-05-25,1853.9
2022-05-26,1850.7
2022-05-27,1854.38
2022-05-30,1856.24
2022-05-31,1837.49
2022-06-01,1846.5
2022-06-02,1869.13
2022-06-03,1851.74
2022-06-06,1841.76
2022-06-07,1852.36
2022-06-08,1853.49
2022-06-09,1848.26
2022-06-10,1871.78
2022-06-13,1819.61
2022-06-14,1809.22
2022-06-15,1833.99
2022-06-16,1857.49
2022-06-17,1840
2022-06-20,1838.78
2022-06-21,1833.12
2022-06-22,1838.11
2022-06-23,1822.87
2022-06-24,1827.67
2022-06-27,1822.91
2022-06-28,1820.09
2022-06-29,1817.97
2022-06-30,1807.46
2022-07-01,1811.71
2022-07-04,1809.1
2022-07-05,1764.8
2022-07-06,1738.94
2022-07-07,1740.39
2022-07-08,1742.83
2022-07-11,1734.3
2022-07-12,1726.2
2022-07-13,1735.7
2022-07-14,1710.31
2022-07-15,1708.1
2022-07-18,1709.43
2022-07-19,1711.85
2022-07-20,1696.85
2022-07-21,1718.95
2022-07-22,1728.24
2022-07-25,1717.45
2022-07-26,1734.13
2022-07-27,1755.95
2022-07-28,1767.08
2022-07-29,1767.08
2022-07-31,1772.49
2022-08-01,1760.66
2022-08-02,1765.39
2022-08-03,1791.45
2022-08-04,1775.46
2022-08-05,1775.46
2022-08-07,1789.08
2022-08-08,1794.46
2022-08-09,1792.53
2022-08-10,1789.91
2022-08-11,1802.86
2022-08-12,1802.86
2022-08-14,1779.79
2022-08-15,1776.18
2022-08-16,1761.91
2022-08-17,1758.71
2022-08-18,1747.59
2022-08-19,1747.59
2022-08-21,1736.54
2022-08-22,1748.4
2022-08-23,1751.26
2022-08-24,1758.8
2022-08-25,1738.85
2022-08-26,1738.85
2022-08-28,1737.57
2022-08-29,1724.22
2022-08-30,1711.31
2022-08-31,1697.93
2022-09-01,1712.02
2022-09-02,1712.02
2022-09-04,1710.94
2022-09-05,1702.5
2022-09-06,1718.65
2022-09-07,1708.72
2022-09-08,1716.4
2022-09-09,1716.4
2022-09-11,1724.84
2022-09-12,1702.33
2022-09-13,1697.6
2022-09-14,1665.3
2022-09-15,1675.37
2022-09-16,1675.37
2022-09-18,1676.08
2022-09-19,1665.1
2022-09-20,1673.99
2022-09-21,1671.37
2022-09-22,1644.09
2022-09-23,1644.09
2022-09-25,1622.49
2022-09-26,1629.25
2022-09-27,1659.99
2022-09-28,1660.78
2022-09-29,1662.38
2022-09-30,1662.38
2022-10-02,1699.93
2022-10-03,1726.28
2022-10-04,1716.31
2022-10-05,1712.93
2022-10-06,1695.1
2022-10-07,1695.1
2022-10-09,1668.91
2022-10-10,1666.59
2022-10-11,1673.43
2022-10-12,1666.77
2022-10-13,1643.71
2022-10-14,1643.71
2022-10-16,1650.44
2022-10-17,1652.23
2022-10-18,1629.38
2022-10-19,1628.15
2022-10-20,1656.66
2022-10-21,1656.66
2022-10-23,1649.76
2022-10-24,1653.36
2022-10-25,1664.91
2022-10-26,1663.37
2022-10-27,1645.34
2022-10-28,1645.34
2022-10-30,1633.76
2022-10-31,1648.22
2022-11-01,1635.51
2022-11-02,1629.61
2022-11-03,1681.15
2022-11-04,1681.15
2022-11-06,1675.79
2022-11-07,1712.64
2022-11-08,1706.86
2022-11-09,1755.82
2022-11-10,1770.72
2022-11-11,1770.72
2022-11-13,1771.55
2022-11-14,1779.22
2022-11-15,1773.95
2022-11-16,1760.47
2022-11-17,1750.03
2022-11-18,1750.03
2022-11-20,1738.16
2022-11-21,1740.29
2022-11-22,1749.7
2022-11-23,1757.65
2022-11-24,1755.51
2022-11-25,1755.51
2022-11-27,1741.53
2022-11-28,1749.98
2022-11-29,1768.56
2022-11-30,1803.06
2022-12-01,1798.49
2022-12-02,1798.49
2022-12-04,1768.97
2022-12-05,1771.18
2022-12-06,1786.18
2022-12-07,1789.24
2022-12-08,1797.84
2022-12-09,1797.84
2022-12-11,1781.45
2022-12-12,1811.14
2022-12-13,1807.53
2022-12-14,1776.91
2022-12-15,1793.7
2022-12-16,1793.7
2022-12-18,1787.89
2022-12-19,1818.13
2022-12-20,1814.64
2022-12-21,1792.79
2022-12-22,1799.19
2022-12-23,1799.19
2022-12-26,1814
2022-12-27,1804.77
2022-12-28,1815.11
2022-12-29,1825.1
2022-12-30,1825.1
2023-01-02,1839.59
2023-01-03,1854.7
2023-01-04,1833.22
2023-01-05,1866.36
2023-01-06,1866.36
2023-01-08,1871.91
2023-01-09,1877.2
2023-01-10,1875.78
2023-01-11,1897.32
2023-01-12,1920.96
2023-01-13,1920.96
2023-01-15,1919.69
2023-01-16,1908.83
2023-01-17,1904.34
2023-01-18,1932.44
2023-01-19,1926.68
2023-01-20,1926.68
2023-01-22,1931.27
2023-01-23,1937.7
2023-01-24,1946.04
2023-01-25,1929.36
2023-01-26,1929.3
2023-01-27,1929.3
2023-01-29,1923.38
2023-01-30,1928.56
2023-01-31,1950.62
2023-02-01,1912.92
2023-02-02,1865.66
2023-02-03,1865.66
2023-02-05,1867.55
2023-02-06,1872.1
2023-02-07,1875.62
2023-02-08,1861.94
2023-02-09,1865.91
2023-02-10,1865.91
2023-02-11,1866.21
2023-02-12,1853.75
2023-02-13,1854.45
2023-02-14,1836.1
2023-02-15,1836.62
2023-02-16,1843
2023-02-17,1843
2023-02-18,1843.3
2023-02-19,1841.9
2023-02-20,1835.27
2023-02-21,1825.53
2023-02-22,1822.45
2023-02-23,1811.74
2023-02-24,1811.74
2023-02-26,1817.3
2023-02-27,1827.03
2023-02-28,1836.8
2023-03-01,1835.93
2023-03-02,1856.78
2023-03-03,1856.78
2023-03-05,1846.95
2023-03-06,1813.77
2023-03-07,1814.12
2023-03-08,1831.15
2023-03-09,1867.87
2023-03-10,1867.87
2023-03-11,1867.73
2023-03-12,1913.86
2023-03-13,1904.17
2023-03-14,1919.84
2023-03-15,1919.46
2023-03-16,1989.87
2023-03-17,1989.87
2023-03-19,1979.07
2023-03-20,1940.44
2023-03-21,1969.95
2023-03-22,1993.46
2023-03-23,1979.11
2023-03-24,1979.11
2023-03-26,1956.73
2023-03-27,1973.99
2023-03-28,1964.66
2023-03-29,1980.59
2023-03-30,1970.07
2023-03-31,1970.07
2023-04-02,1984.53
2023-04-03,2020.63
2023-04-04,2020.78
2023-04-05,2007.97
2023-04-06,2007.97
2023-04-09,1991.61
2023-04-10,2003.71
2023-04-11,2015.07
2023-04-12,2040.59
2023-04-13,2004.72
2023-04-14,2004.72
2023-04-16,1995.25
2023-04-17,2005.52
2023-04-18,1995.22
2023-04-19,2004.95
2023-04-20,1982.99
2023-04-21,1982.99
2023-04-23,1989.25
2023-04-24,1997.44
2023-04-25,1989.21
2023-04-26,1987.9
2023-04-27,1990.16
2023-04-28,1990.16
2023-04-30,1982.75
2023-05-01,2016.88
2023-05-02,2039.07
2023-05-03,2050.36
2023-05-04,2017.26
2023-05-05,2017.26
2023-05-07,2021.35
2023-05-08,2034.62
2023-05-09,2030.44
2023-05-10,2015.15
2023-05-11,2011.53
2023-05-12,2011.53
2023-05-14,2016.58
2023-05-15,1989.43
2023-05-16,1981.8
2023-05-17,1957.8
2023-05-18,1977.36
2023-05-19,1977.36
2023-05-21,1972.05
2023-05-22,1975.35
2023-05-23,1957.84
2023-05-24,1941.31
2023-05-25,1946.93
2023-05-26,1946.93
2023-05-28,1944.85
2023-05-29,1959.63
2023-05-30,1962.93
2023-05-31,1977.75
2023-06-01,1948.44
2023-06-04,1961.96
2023-06-05,1963.8
2023-06-06,1940.16
2023-06-07,1965.44
2023-06-08,1960.93
2023-06-11,1957.87
2023-06-12,1943.9
2023-06-13,1942.65
2023-06-14,1958.24
2023-06-15,1958.83
2023-06-18,1950.83
2023-06-19,1936.55
2023-06-20,1932.48
2023-06-21,1914.25
2023-06-22,1919.7
2023-06-25,1923.41
2023-06-26,1913.91
2023-06-27,1907.87
2023-06-28,1908.28
2023-06-29,1918.9
2023-07-02,1921.88
2023-07-03,1927.29
2023-07-04,1915.5
2023-07-05,1911.03
2023-07-06,1926.54
2023-07-09,1925.41
2023-07-10,1932.47
2023-07-11,1957.6
2023-07-12,1960.74
2023-07-13,1955.3
2023-07-16,1955.09
2023-07-17,1978.94
2023-07-18,1977.05
2023-07-19,1969.26
2023-07-20,1962.1
2023-07-23,1954.95
2023-07-24,1965.22
2023-07-25,1972.14
2023-07-26,1945.77
2023-07-27,1959.14
2023-07-30,1965.57
2023-07-31,1944.26
2023-08-01,1934.84
2023-08-02,1934.45
2023-08-03,1942.79
2023-08-06,1936.7
2023-08-07,1925.32
2023-08-08,1914.4
2023-08-09,1912.38
2023-08-10,1913.71
2023-08-13,1907.37
2023-08-14,1901.97
2023-08-15,1892.05
2023-08-16,1889.53
2023-08-17,1889.36
2023-08-20,1895.01
2023-08-21,1897.71
2023-08-22,1915.74
2023-08-23,1917.01
2023-08-24,1914.45
2023-08-27,1920.34
2023-08-28,1937.66
2023-08-29,1942.43
2023-08-30,1940.33
2023-08-31,1940.09
2023-09-03,1938.68
2023-09-04,1926.21
2023-09-05,1916.76
2023-09-06,1919.82
2023-09-07,1919.51
2023-09-10,1922.61
2023-09-11,1913.7
2023-09-12,1908.47
2023-09-13,1910.85
2023-09-14,1923.68
2023-09-17,1934
2023-09-18,1931.46
2023-09-19,1930.42
2023-09-20,1920.33
2023-09-21,1926.05
2023-09-24,1916.03
2023-09-25,1900.84
2023-09-26,1875.31
2023-09-27,1864.97
2023-09-28,1849.42
2023-09-30,1849.42
2023-10-01,1828.11
2023-10-02,1823.16
2023-10-03,1821.41
2023-10-04,1820.47
2023-10-05,1833.96
2023-10-07,1833.96
2023-10-08,1861.71
2023-10-09,1860.7
2023-10-10,1874.51
2023-10-11,1868.97
2023-10-12,1933.38
2023-10-14,1933.38
2023-10-15,1920.32
2023-10-16,1923.28
2023-10-17,1947.85
2023-10-18,1974.59
2023-10-19,1982.14
2023-10-21,1982.14
2023-10-22,1972.98
2023-10-23,1971.33
2023-10-24,1979.77
2023-10-25,1985.13
2023-10-26,2007.53
2023-10-28,2007.53
2023-10-29,1996.43
2023-10-30,1984.16
2023-10-31,1982.87
2023-11-01,1986.05
2023-11-02,1993.71
2023-11-04,1993.71
2023-11-05,1978.11
2023-11-06,1969.31
2023-11-07,1950.41
2023-11-08,1958.69
2023-11-09,1938.89
2023-11-11,1938.89
2023-11-12,1946.42
2023-11-13,1963.32
2023-11-14,1959.5
2023-11-15,1981.4
2023-11-16,1981.52
2023-11-17,1981.52
2023-11-18,1981.52
2023-11-19,1978.03
2023-11-20,1998.54
2023-11-21,1990.23
2023-11-22,1994
2023-11-23,2002.7
2023-11-25,2002.7
2023-11-26,2014.3
2023-11-27,2041.25
2023-11-28,2044.39
2023-11-29,2036.44
2023-11-30,2072.74
2023-12-02,2072.74
2023-12-03,2029.71
2023-12-04,2019.47
2023-12-05,2025.54
2023-12-06,2028.88
2023-12-07,2005.2
2023-12-09,2005.2
2023-12-10,1981.99
2023-12-11,1979.63
2023-12-12,2027.7
2023-12-13,2036.63
2023-12-14,2020.63
2023-12-16,2020.63
2023-12-17,2027.41
2023-12-18,2040.39
2023-12-19,2031.7
2023-12-20,2045.99
2023-12-21,2053.86
2023-12-23,2053.86
2023-12-24,2053.86
2023-12-25,2067.96
2023-12-26,2077.83
2023-12-27,2065.63
2023-12-28,2063.66
2023-12-30,2063.66
2023-12-31,2063.66
2024-01-01,2059.05
2024-01-02,2041.62
2024-01-03,2043.65
2024-01-04,2046.39
2024-01-06,2046.39
2024-01-07,2028.21
2024-01-08,2030.4
2024-01-09,2024.55
2024-01-10,2028.97
2024-01-11,2049.89
2024-01-13,2049.89
2024-01-14,2057.34
2024-01-15,2028.8
2024-01-16,2006.56
2024-01-17,2023.26
2024-01-18,2030.44
2024-01-20,2030.44
2024-01-21,2021.8
2024-01-22,2029.57
2024-01-23,2013.84
2024-01-24,2021.05
2024-01-25,2019.23
2024-01-27,2019.23
2024-01-28,2033.45
2024-01-29,2037.05
2024-01-30,2039.8
2024-01-31,2055.05
2024-02-01,2038.07
2024-02-02,2040.62
2024-02-03,2040.62
2024-02-04,2025.33
2024-02-05,2036.05
2024-02-06,2035.22
2024-02-07,2034.61
2024-02-08,2024.61
2024-02-09,2025.42
2024-02-10,2025.42
2024-02-11,2020.2
2024-02-12,1993.19
2024-02-13,1992.5
2024-02-14,2004.56
2024-02-15,2013.81
2024-02-17,2013.81
2024-02-18,2018.17
2024-02-19,2024.34
2024-02-20,2026.04
2024-02-21,2024.59
2024-02-22,2036.27
2024-02-24,2036.54
2024-02-25,2031.32
2024-02-26,2030.53
2024-02-27,2034.55
2024-02-28,2044.41
2024-02-29,2083.63
2024-03-02,2083.63
2024-03-03,2114.94
2024-03-04,2127.98
2024-03-05,2148.57
2024-03-06,2160.75
2024-03-07,2177.3
2024-03-08,2177.3
2024-03-09,2177.3
2024-03-10,2182.78
2024-03-11,2159.03
2024-03-12,2174.62
2024-03-13,2162.31
2024-03-14,2157.16
2024-03-15,2157.02
2024-03-16,2157.02
2024-03-17,2160.58
2024-03-18,2157.99
2024-03-19,2186.45
2024-03-20,2181.51
2024-03-21,2165.68
2024-03-23,2166.19
2024-03-24,2171.82
2024-03-25,2178.9
2024-03-26,2194.98
2024-03-27,2234.51
2024-03-28,2235.03
2024-03-30,2235.03
2024-03-31,2251.61
2024-04-01,2280.79
2024-04-02,2299.86
2024-04-03,2291.34
2024-04-04,2327.89
2024-04-05,2331.1
2024-04-06,2331.1
2024-04-07,2339.58
2024-04-08,2352.95
2024-04-09,2334.38
2024-04-10,2372.6
2024-04-11,2343.18
2024-04-12,2345.48
2024-04-13,2345.48
2024-04-14,2383.2
2024-04-15,2382.69
2024-04-16,2360.26
2024-04-17,2379.57
2024-04-18,2390.21
2024-04-19,2393.23
2024-04-20,2393.23
2024-04-21,2327.34
2024-04-22,2322.24
2024-04-23,2316.05
2024-04-24,2332.55
2024-04-25,2336.97
2024-04-26,2338.98
2024-04-27,2338.99
2024-04-28,2335.7
2024-04-29,2286.02
2024-04-30,2319.28
2024-05-01,2304.05
2024-05-02,2302.57
2024-05-03,2302.41
2024-05-04,2302.41
2024-05-05,2324.23
2024-05-06,2314.27
2024-05-07,2308.55
2024-05-08,2346.35
2024-05-09,2361.8
2024-05-11,2361.74
2024-05-12,2336.56
2024-05-13,2358.18
2024-05-14,2386.16
2024-05-15,2376.84
2024-05-16,2417.97
2024-05-17,2415.8
2024-05-18,2415.8
2024-05-19,2426.53
2024-05-20,2420.98
2024-05-21,2378.8
2024-05-22,2328.88
2024-05-23,2334.46
2024-05-24,2335.12
2024-05-25,2335.12
2024-05-26,2352.48
2024-05-27,2361.57
2024-05-28,2337.98
2024-05-29,2343.46
2024-05-30,2329.69
2024-06-01,2328.46
2024-06-02,2350.99
2024-06-03,2327.06
2024-06-04,2355.52
2024-06-05,2376.01
2024-06-06,2291.62
2024-06-07,2294.63
2024-06-08,2294.63
2024-06-09,2311.16
2024-06-10,2317.08
2024-06-11,2325.19
2024-06-12,2304.17
2024-06-13,2332.42
2024-06-14,2333.94
2024-06-15,2333.94
2024-06-16,2319.27
2024-06-17,2329.64
2024-06-18,2328.81
2024-06-19,2360.15
2024-06-20,2321.64
2024-06-23,2334.65
2024-06-24,2319.67
2024-06-25,2298.52
2024-06-26,2327.88
2024-06-27,2325.62
2024-06-29,2325.62
2024-06-30,2331.95
2024-07-01,2329.73
2024-07-02,2356.33
2024-07-03,2357.22
2024-07-04,2391.5
2024-07-05,2392.48
2024-07-07,2359.28
2024-07-08,2364.27
2024-07-09,2371.72
2024-07-10,2415.58
2024-07-11,2411.92
2024-07-12,2412.06
2024-07-14,2422.51
2024-07-15,2469
2024-07-16,2459.11
2024-07-17,2445.54
2024-07-18,2431.28
2024-07-21,2396.66
2024-07-22,2409.67
2024-07-23,2397.29
2024-07-24,2372.67
2024-07-25,2388.12
2024-07-28,2384.25
2024-07-29,2411.07
2024-07-30,2447.86
2024-07-31,2446.57
2024-08-01,2444.09
2024-08-02,2443.92
2024-08-04,2410.94
2024-08-05,2392.33
2024-08-06,2383.18
2024-08-07,2427.72
2024-08-08,2432.47
2024-08-09,2432.38
2024-08-11,2472.78
2024-08-12,2465.19
2024-08-13,2447.91
2024-08-14,2456.83
2024-08-15,2509.24
2024-08-16,2508.43
2024-08-18,2504.41
2024-08-19,2514.27
2024-08-20,2512.52
2024-08-21,2484.95
2024-08-22,2511.16
2024-08-23,2513.8
2024-08-25,2518.28
2024-08-26,2524.82
2024-08-27,2504.76
2024-08-28,2521.69
2024-08-29,2502.72
2024-08-30,2503.82
2024-09-01,2505.5
2024-09-02,2493.17
2024-09-03,2495.91
2024-09-04,2517.13
2024-09-05,2496.49
2024-09-06,2498.18
2024-09-07,2498.17
2024-09-08,2506.57
2024-09-09,2516.92
2024-09-10,2511.94
2024-09-11,2558.95
2024-09-12,2557.93
2024-09-15,2582.76
2024-09-16,2569.56
2024-09-17,2559.49
2024-09-18,2586.97
2024-09-19,2621.43
2024-09-21,2621.43
2024-09-22,2628.91
2024-09-23,2657.49
2024-09-24,2657.48
2024-09-25,2672.55
2024-09-26,2653.72
2024-09-29,2634.95
2024-09-30,2663.59
2024-10-01,2658.95
2024-10-02,2647.82
2024-10-06,2642.77
2024-10-07,2621.91
2024-10-08,2607.96
2024-10-09,2630.12
2024-10-10,2656.95
2024-10-13,2649.14
2024-10-14,2662.78
2024-10-15,2674
2024-10-16,2693.17
2024-10-17,2700.34
2024-10-20,2719.75
2024-10-21,2749.35
2024-10-22,2715.71
2024-10-23,2736.39
2024-10-24,2745.49
2024-10-25,2748.61
2024-10-27,2742.61
2024-10-28,2774.95
2024-10-29,2787.69
2024-10-30,2744.14
2024-10-31,2734.77
2024-11-03,2736.77
2024-11-04,2744.33
2024-11-05,2659.35
2024-11-06,2706.63
2024-11-07,2697.11
2024-11-08,2685.46
2024-11-10,2619.73
2024-11-11,2598.41
2024-11-12,2573.12
2024-11-13,2565.15
2024-11-14,2561.77
2024-11-15,2563.42
2024-11-16,2563.42
2024-11-17,2612.14
2024-11-18,2632.35
2024-11-19,2650.65
2024-11-20,2670.08
2024-11-21,2712.21
2024-11-24,2625.41
2024-11-25,2633.19
2024-11-26,2636.2
2024-11-27,2638.15
2024-11-28,2651.89
2024-12-01,2639.15
2024-12-02,2643.86
2024-12-03,2650.11
2024-12-04,2632.14
2024-12-05,2633.11
2024-12-06,2633.99
2024-12-08,2660.45
2024-12-09,2694.33
2024-12-10,2718.51
2024-12-11,2681.11
2024-12-12,2650.07
2024-12-14,2649.44
2024-12-15,2653.06
2024-12-16,2646.33
2024-12-17,2585.56
2024-12-18,2594.34
2024-12-19,2621.89
2024-12-22,2613.08
2024-12-23,2617.58
2024-12-24,2617.58
2024-12-25,2633.7
2024-12-26,2619.07
2024-12-29,2605.96
2024-12-30,2624.11
2024-12-31,2624.11
2025-01-01,2658.24
2025-01-02,2640.21
2025-01-04,2640.61
2025-01-05,2636.58
2025-01-06,2648.91
2025-01-07,2661.97
2025-01-08,2670.53
2025-01-09,2689.26
2025-01-11,2689.26
2025-01-12,2663.36
2025-01-13,2678.04
2025-01-14,2697.02
2025-01-15,2714.52
2025-01-16,2714.76
2025-01-17,2703.83
2025-01-19,2708.61
2025-01-20,2745.16
2025-01-21,2756.41
2025-01-22,2754.96
2025-01-23,2769.11
2025-01-30,2799.91
2025-02-02,2814.86
2025-02-03,2842.71
2025-02-04,2866.74
2025-02-05,2856.28
2025-02-06,2861.13
2025-02-07,2861.62
2025-02-09,2908.26
2025-02-10,2897.65
2025-02-11,2904.64
2025-02-12,2928.11
2025-02-13,2932.72
2025-02-14,2883.88
2025-02-16,2899.52
2025-02-17,2935.68
2025-02-18,2933.69
2025-02-19,2936.38
2025-02-20,2937.76
2025-02-21,2937.14
2025-02-23,2953.2
2025-02-24,2915.15
2025-02-25,2916.72
2025-02-26,2877.56
2025-02-27,2858.12
2025-03-02,2893.45
2025-03-03,2917.74
2025-03-04,2919.55
2025-03-05,2911.87
2025-03-06,2906.04
2025-03-09,2889.02
2025-03-10,2916.36
2025-03-11,2934.11
2025-03-12,2989.4
2025-03-13,2988.25
2025-03-15,2986.54
2025-03-16,3001.24
2025-03-17,3034.76
2025-03-18,3047.81
2025-03-19,3045.1
2025-03-20,3023.35
2025-03-22,3024.55
2025-03-23,3012.44
2025-03-24,3020.22
2025-03-25,3019.92
2025-03-26,3056.45
2025-03-27,3083.69
2025-03-29,3086.31
2025-03-30,3123.68
2025-03-31,3114.18
2025-04-01,3136.62
2025-04-02,3164.73
2025-04-03,3036.22
2025-04-05,3040.6
2025-04-06,2983.42
2025-04-07,2982.78
2025-04-08,3082.86
2025-04-09,3175.88
2025-04-10,3188.42
2025-04-13,3210.86
2025-04-14,3230.32
2025-04-15,3343.32
2025-04-16,3328.12
2025-04-17,3328.12
2025-04-20,3424.76
2025-04-21,3381.32
2025-04-22,3288.89
2025-04-23,3348.95
2025-04-24,3314.77
2025-04-25,3320.04
2025-04-27,3344.13
2025-04-28,3317.51
2025-04-29,3313.66
2025-05-04,3333.79
2025-05-05,3431.73
2025-05-06,3365.03
2025-05-07,3386.14
2025-05-11,3235.65
2025-05-12,3250.37
2025-05-13,3177.52
2025-05-14,3240.14
2025-05-15,3198.97
2025-05-18,3229.88
2025-05-19,3290.4
2025-05-20,3315.61
2025-05-21,3295.31
2025-05-22,3358.42
2025-05-25,3343.29
2025-05-26,3301.67
2025-05-27,3287.91
2025-05-28,3318.44
2025-05-29,3292.29
2025-05-31,3289.96
2025-06-01,3381.69
2025-06-02,3353.99
2025-06-03,3373.24
2025-06-04,3381.01
2025-06-05,3311.34
2025-06-08,3325.75
2025-06-09,3323.28
2025-06-10,3355.7
2025-06-11,3386.72
2025-06-12,3434.18
2025-06-15,3384.94
2025-06-16,3388.48
2025-06-17,3369.24
2025-06-18,3371.92
2025-06-19,3366.1
2025-06-22,3369.27
2025-06-23,3324.19
2025-06-24,3332.84
2025-06-25,3328.35
2025-06-26,3273.7
2025-06-29,3303.61
2025-06-30,3338.62
2025-07-01,3357.63
2025-07-02,3326.69
2025-07-03,3338.69
2025-07-06,3337.09
2025-07-07,3301.98
2025-07-08,3314.27
2025-07-09,3324.59
2025-07-10,3358.25
2025-07-13,3344.1
2025-07-14,3324.76
2025-07-15,3348.72
2025-07-16,3339.84
2025-07-17,3351.27
2025-07-20,3397.87
2025-07-21,3431.92
2025-07-22,3387.86
2025-07-23,3368.92
2025-07-24,3339.2
2025-07-25,3337.79
2025-07-27,3315.44
2025-07-28,3327.11
2025-07-29,3275.73
2025-07-30,3290.92
2025-07-31,3362.83
2025-08-03,3374.38
2025-08-04,3381.41
2025-08-05,3369.55
2025-08-06,3397.91
2025-08-07,3398.34
2025-08-10,3343.16
2025-08-11,3348.51
2025-08-12,3356.76
2025-08-13,3335.59
2025-08-14,3336.45
2025-08-17,3333.31
2025-08-18,3316.65
2025-08-19,3349.09
2025-08-20,3339.5
2025-08-21,3371.85
2025-08-24,3366.69
2025-08-25,3394.32
2025-08-26,3397.89
2025-08-27,3418.05
2025-08-28,3449.64
2025-08-31,3477.07
2025-09-01,3534.2
2025-09-02,3560.26
2025-09-03,3547.11
2025-09-04,3590.14
2025-09-07,3636.85
2025-09-08,3626.65
2025-09-09,3641.05
2025-09-10,3634.48
2025-09-11,3642.57
2025-09-14,3679.88
2025-09-15,3690.76
2025-09-16,3660.66
2025-09-17,3645.11
2025-09-18,3684.86
2025-09-20,3684.86
2025-09-21,3747.17
2025-09-22,3765.14
2025-09-23,3736.71
2025-09-24,3750.39
2025-09-25,3763.12
2025-09-26,3761.77
2025-09-28,3834.04
2025-09-29,3859.31
2025-09-30,3866.32
2025-10-01,3857.69
2025-10-02,3885.05
2025-10-05,3960.88
2025-10-06,3985.46
2025-10-07,4041.63
2025-10-08,3977.6
2025-10-09,4013.08
2025-10-12,4111.61
2025-10-13,4143.49
2025-10-14,4209.04
2025-10-15,4329
2025-10-16,4248.14
2025-10-19,4357.08
2025-10-20,4126.99
2025-10-21,4098.8
2025-10-22,4126.68
2025-10-23,4109.57
2025-10-26,3982.09
2025-10-27,3952.92
2025-10-28,3930.04
2025-10-29,4024.83
2025-10-30,4003.52
2025-11-02,4002.14
2025-11-03,3932.42
2025-11-04,3980.22
2025-11-05,3977.54
2025-11-06,4000.55
2025-11-09,4116.31
2025-11-10,4127.32
2025-11-11,4196.01
2025-11-12,4171.72
2025-11-13,4081.16
2025-11-16,4045.73
2025-11-17,4067.81
2025-11-18,4078.32
2025-11-19,4077.21
2025-11-20,4065.07
2025-11-23,4135.74
2025-11-24,4131.11
2025-11-25,4163.65
2025-11-26,4159.02
2025-11-27,4239.3
2025-11-30,4232.27
2025-12-01,4206.66
2025-12-02,4203.66
2025-12-03,4208.75
2025-12-04,4194.79
2025-12-05,4198.41
2025-12-06,4198.46
2025-12-07,4191.03
2025-12-08,4208.26
2025-12-09,4228.82
2025-12-10,4280.6
2025-12-11,4301.88
2025-12-12,4300.08
2025-12-13,4300.08
2025-12-14,4305.59
2025-12-15,4303.19
2025-12-16,4338.66
2025-12-17,4333.1
2025-12-18,4338.72
2025-12-21,4444.03
2025-12-22,4484.28
2025-12-23,4478.78
2025-12-24,4478.78
2025-12-25,4532.85
2025-12-27,4532.85
2025-12-28,4332.98
2025-12-29,4338.97
2025-12-30,4321.65
