date,Gold,USD,Yield,EFFR,CPI,PCE,GDP
2001/9/10,286.25,114.57,4.84,3.5,2.7,2.1,2.83
2001/9/11,278.25,114.57,4.84,3.5,2.7,2.1,2.83
2001/9/12,281.25,114.57,4.84,3.56,2.7,2.1,2.83
2001/9/13,285.55,114.57,4.64,3.31,2.7,2.1,2.83
2001/9/14,285.55,114.57,4.57,3.13,2.7,2.1,2.83
2001/9/15,285.55,114.57,4.57,3.13,2.7,2.1,2.83
2001/9/16,289.45,114.57,4.57,3.13,2.7,2.1,2.83
2001/9/17,287.75,112.01,4.63,2.13,2.7,2.1,2.83
2001/9/18,290.5,111.92,4.72,1.25,2.7,2.1,2.83
2001/9/19,288.65,111.61,4.69,1.19,2.7,2.1,2.83
2001/9/20,291.45,111.87,4.75,2.22,2.7,2.1,2.83
2001/9/21,291.45,113.04,4.7,3.11,2.7,2.1,2.83
2001/9/22,291.45,113.04,4.7,3.11,2.7,2.1,2.83
2001/9/23,289.25,113.04,4.7,3.11,2.7,2.1,2.83
2001/9/24,289.75,112.84,4.73,3.31,2.7,2.1,2.83
2001/9/25,293.25,112.28,4.72,3.11,2.7,2.1,2.83
2001/9/26,291.95,112.29,4.65,2.96,2.7,2.1,2.83
2001/9/27,293.25,112.98,4.58,3.08,2.7,2.1,2.83
2001/9/28,293.25,113.48,4.6,2.75,2.6,1.3,2.83
2001/9/29,293.25,113.48,4.6,2.75,2.6,1.3,2.83
2001/9/30,291.7,113.48,4.6,2.75,2.6,1.3,2.83
2001/10/1,289.45,113,4.55,3.02,2.6,1.3,2.83
2001/10/2,289.45,113.01,4.53,2.35,2.6,1.3,2.83
2001/10/3,289.85,113.4,4.5,2.27,2.6,1.3,2.83
2001/10/4,291,113.16,4.53,2.45,2.6,1.3,2.83
2001/10/5,291,112.91,4.52,2.42,2.6,1.3,2.83
2001/10/6,291,112.91,4.52,2.42,2.6,1.3,2.83
2001/10/7,291.9,112.91,4.52,2.42,2.6,1.3,2.83
2001/10/8,288,112.59,4.52,2.42,2.6,1.3,2.83
2001/10/9,284.85,113.35,4.62,2.5,2.6,1.3,2.83
2001/10/10,281.25,113.7,4.61,2.42,2.6,1.3,2.83
2001/10/11,284.45,114.44,4.69,2.42,2.6,1.3,2.83
2001/10/12,284.45,113.89,4.68,2.39,2.6,1.3,2.83
2001/10/13,284.45,113.89,4.68,2.39,2.6,1.3,2.83
2001/10/14,281.45,113.89,4.68,2.39,2.6,1.3,2.83
2001/10/15,281.35,113.82,4.62,2.51,2.6,1.3,2.83
2001/10/16,282.45,113.92,4.59,2.47,2.6,1.3,2.83
2001/10/17,279.45,114.38,4.59,2.51,2.6,1.3,2.83
2001/10/18,279.65,114.35,4.58,2.5,2.6,1.3,2.83
2001/10/19,279.65,114.86,4.63,2.47,2.6,1.3,2.83
2001/10/20,279.65,114.86,4.63,2.47,2.6,1.3,2.83
2001/10/21,275.55,114.86,4.63,2.47,2.6,1.3,2.83
2001/10/22,275.95,115.75,4.63,2.52,2.6,1.3,2.83
2001/10/23,275.45,115.85,4.66,2.48,2.6,1.3,2.83
2001/10/24,277.25,115.6,4.61,2.53,2.6,1.3,2.83
2001/10/25,277.35,115.55,4.56,2.54,2.6,1.3,2.83
2001/10/26,277.35,115.65,4.53,2.51,2.6,1.3,2.83
2001/10/27,277.35,115.65,4.53,2.51,2.6,1.3,2.83
2001/10/28,279.27,115.65,4.53,2.51,2.1,1.5,2.83
2001/10/29,280.5,114.44,4.5,2.55,2.1,1.5,2.83
2001/10/30,279.65,114.35,4.44,2.55,2.1,1.5,2.83
2001/10/31,279.65,114.86,4.3,2.66,2.1,1.5,2.83
2001/11/1,279.95,114.46,4.24,2.61,2.1,1.5,2.83
2001/11/2,279.95,114.54,4.37,2.43,2.1,1.5,2.83
2001/11/3,279.95,114.54,4.37,2.43,2.1,1.5,2.83
2001/11/4,278.95,114.54,4.37,2.43,2.1,1.5,2.83
2001/11/5,280.25,114.54,4.31,2.45,2.1,1.5,2.83
2001/11/6,280.75,114.81,4.3,2.13,2.1,1.5,2.83
2001/11/7,276.75,114.98,4.22,2.04,2.1,1.5,2.83
2001/11/8,277.45,115.13,4.32,2.03,2.1,1.5,2.83
2001/11/9,277.45,115.09,4.34,1.98,2.1,1.5,2.83
2001/11/10,277.45,115.09,4.34,1.98,2.1,1.5,2.83
2001/11/11,278.25,115.09,4.34,1.98,2.1,1.5,2.83
2001/11/12,277.55,115.34,4.34,1.98,2.1,1.5,2.83
2001/11/13,278.3,116.4,4.41,2.1,2.1,1.5,2.83
2001/11/14,275.35,116.2,4.54,2.16,2.1,1.5,2.83
2001/11/15,274.85,116.51,4.79,2.22,2.1,1.5,2.83
2001/11/16,274.85,116.41,4.91,1.98,2.1,1.5,2.83
2001/11/17,274.85,116.41,4.91,1.98,2.1,1.5,2.83
2001/11/18,272.95,116.41,4.91,1.98,2.1,1.5,2.83
2001/11/19,273.48,116.93,4.8,2.01,2.1,1.5,2.83
2001/11/20,273.15,116.62,4.88,1.97,2.1,1.5,2.83
2001/11/21,272.85,117.15,4.98,1.93,2.1,1.5,2.83
2001/11/22,272.9,117.3,4.98,1.93,2.1,1.5,2.83
2001/11/23,272.9,117.33,5.04,1.88,2.1,1.5,2.83
2001/11/24,272.9,117.33,5.04,1.88,2.1,1.5,2.83
2001/11/25,273.15,117.33,5.04,1.88,2.1,1.5,2.83
2001/11/26,273.45,117.11,5.05,2.04,2.1,1.5,2.83
2001/11/27,274.35,116.89,4.98,2.01,2.1,1.5,2.83
2001/11/28,274.05,116.17,4.98,2.04,1.9,1.3,2.83
2001/11/29,274.4,116.13,4.79,2.09,1.9,1.3,2.83
2001/11/30,274.4,116.13,4.78,2.06,1.9,1.3,2.83
2001/12/1,274.4,116.13,4.78,2.06,1.9,1.3,2.83
2001/12/2,277.25,116.13,4.78,2.06,1.9,1.3,2.83
2001/12/3,275.7,115.96,4.75,2.05,1.9,1.3,2.83
2001/12/4,274.45,116.08,4.7,1.93,1.9,1.3,2.83
2001/12/5,274.55,116.41,4.92,1.89,1.9,1.3,2.83
2001/12/6,274.55,115.63,5.04,1.87,1.9,1.3,2.83
2001/12/7,274.55,116.15,5.2,1.92,1.9,1.3,2.83
2001/12/8,274.55,116.15,5.2,1.92,1.9,1.3,2.83
2001/12/9,273.15,116.15,5.2,1.92,1.9,1.3,2.83
2001/12/10,272.8,116.26,5.17,1.9,1.9,1.3,2.83
2001/12/11,274.55,116.05,5.13,1.8,1.9,1.3,2.83
2001/12/12,274.45,115.33,5.02,1.81,1.9,1.3,2.83
2001/12/13,278.45,115.8,5.13,1.86,1.9,1.3,2.83
2001/12/14,278.45,114.93,5.24,1.88,1.9,1.3,2.83
2001/12/15,278.45,114.93,5.24,1.88,1.9,1.3,2.83
2001/12/16,278.15,114.93,5.24,1.88,1.9,1.3,2.83
2001/12/17,280.45,114.93,5.26,1.93,1.9,1.3,2.83
2001/12/18,276.15,115.15,5.16,1.71,1.9,1.3,2.83
2001/12/19,276.25,115.48,5.08,1.71,1.9,1.3,2.83
2001/12/20,278.15,115.59,5.08,1.79,1.9,1.3,2.83
2001/12/21,278.15,116.98,5.12,1.78,1.9,1.3,2.83
2001/12/22,278.15,116.98,5.12,1.78,1.9,1.3,2.83
2001/12/23,278.05,116.98,5.12,1.78,1.9,1.3,2.83
2001/12/24,278.75,117.94,5.18,1.68,1.9,1.3,2.83
2001/12/25,279.38,117.94,5.18,1.68,1.9,1.3,2.83
2001/12/26,277.05,117.85,5.22,1.89,1.9,1.3,2.83
2001/12/27,276.55,117.57,5.13,1.85,1.9,1.3,2.83
2001/12/28,276.55,117.26,5.15,1.54,1.6,1.1,3.17
2001/12/29,276.55,117.26,5.15,1.54,1.6,1.1,3.17
2001/12/30,278.95,117.26,5.15,1.54,1.6,1.1,3.17
2001/12/31,278.95,116.75,5.07,1.52,1.6,1.1,3.17
2002/1/1,278.75,116.75,5.07,1.52,1.6,1.1,3.17
2002/1/2,278.45,115.79,5.2,1.92,1.6,1.1,3.17
2002/1/3,278.95,116.11,5.16,1.72,1.6,1.1,3.17
2002/1/4,278.95,116.33,5.18,1.61,1.6,1.1,3.17
2002/1/5,278.95,116.33,5.18,1.61,1.6,1.1,3.17
2002/1/6,278.75,116.33,5.18,1.61,1.6,1.1,3.17
2002/1/7,279.05,116.33,5.09,1.61,1.6,1.1,3.17
2002/1/8,283.95,116.83,5.1,1.61,1.6,1.1,3.17
2002/1/9,286.35,117.01,5.1,1.74,1.6,1.1,3.17
2002/1/10,287.55,116.88,5,1.81,1.6,1.1,3.17
2002/1/11,287.55,116.64,4.92,1.71,1.6,1.1,3.17
2002/1/12,287.55,116.64,4.92,1.71,1.6,1.1,3.17
2002/1/13,284.95,116.64,4.92,1.71,1.6,1.1,3.17
2002/1/14,284.65,116.64,4.91,1.78,1.6,1.1,3.17
2002/1/15,287.15,117.29,4.88,1.75,1.6,1.1,3.17
2002/1/16,284.05,117.59,4.88,1.69,1.6,1.1,3.17
2002/1/17,283.55,117.85,4.98,1.68,1.6,1.1,3.17
2002/1/18,283.55,117.51,4.94,1.71,1.6,1.1,3.17
2002/1/19,283.55,117.51,4.94,1.71,1.6,1.1,3.17
2002/1/20,282.55,117.51,4.94,1.71,1.6,1.1,3.17
2002/1/21,282,117.66,4.94,1.71,1.6,1.1,3.17
2002/1/22,279.25,117.75,4.96,1.84,1.6,1.1,3.17
2002/1/23,278.98,118.47,5.05,1.81,1.6,1.1,3.17
2002/1/24,279.45,118.64,5.07,1.8,1.6,1.1,3.17
2002/1/25,279.45,119.85,5.1,1.78,1.6,1.1,3.17
2002/1/26,279.45,119.85,5.1,1.78,1.6,1.1,3.17
2002/1/27,278.65,119.85,5.1,1.78,1.6,1.1,3.17
2002/1/28,281.85,120.04,5.12,1.79,1.1,0.7,3.17
2002/1/29,281.9,119.62,5.02,1.78,1.1,0.7,3.17
2002/1/30,282.55,119.73,5.02,1.78,1.1,0.7,3.17
2002/1/31,286.25,120.24,5.07,1.85,1.1,0.7,3.17
2002/2/1,286.25,119.79,5.02,1.77,1.1,0.7,3.17
2002/2/2,286.25,119.79,5.02,1.77,1.1,0.7,3.17
2002/2/3,289.9,119.79,5.02,1.77,1.1,0.7,3.17
2002/2/4,297.55,118.9,4.94,1.74,1.1,0.7,3.17
2002/2/5,297,119.4,4.92,1.64,1.1,0.7,3.17
2002/2/6,301.15,119.3,4.92,1.66,1.1,0.7,3.17
2002/2/7,303.75,119.07,4.93,1.74,1.1,0.7,3.17
2002/2/8,303.75,118.98,4.9,1.69,1.1,0.7,3.17
2002/2/9,303.75,118.98,4.9,1.69,1.1,0.7,3.17
2002/2/10,299.75,118.98,4.9,1.69,1.1,0.7,3.17
2002/2/11,300.25,118.44,4.91,1.76,1.1,0.7,3.17
2002/2/12,299.25,118.25,4.97,1.72,1.1,0.7,3.17
2002/2/13,300,118.8,5.01,1.75,1.1,0.7,3.17
2002/2/14,297.85,118.43,4.95,1.81,1.1,0.7,3.17
2002/2/15,297.85,118.6,4.86,1.73,1.1,0.7,3.17
2002/2/16,297.85,118.6,4.86,1.73,1.1,0.7,3.17
2002/2/17,297.75,118.6,4.86,1.73,1.1,0.7,3.17
2002/2/18,293.1,118.76,4.86,1.73,1.1,0.7,3.17
2002/2/19,291.45,118.36,4.88,1.77,1.1,0.7,3.17
2002/2/20,292.75,118.93,4.88,1.76,1.1,0.7,3.17
2002/2/21,292.75,119.16,4.88,1.77,1.1,0.7,3.17
2002/2/22,292.75,118.48,4.84,1.71,1.1,0.7,3.17
2002/2/23,292.75,118.48,4.84,1.71,1.1,0.7,3.17
2002/2/24,292.55,118.48,4.84,1.71,1.1,0.7,3.17
2002/2/25,297.75,119.13,4.86,1.8,1.1,0.7,3.17
2002/2/26,296.8,119.82,4.93,1.77,1.1,0.7,3.17
2002/2/27,296.55,119.57,4.84,1.76,1.1,0.7,3.17
2002/2/28,298.15,119.16,4.88,1.83,1.1,0.7,3.17
2002/3/1,298.15,119.4,4.98,1.78,1.1,0.7,3.17
2002/3/2,298.15,119.4,4.98,1.78,1.1,0.7,3.17
2002/3/3,296.85,119.4,4.98,1.78,1.1,0.7,3.17
2002/3/4,293.95,118.81,5.02,1.68,1.1,0.7,3.17
2002/3/5,293.5,118.57,5.02,1.63,1.1,0.7,3.17
2002/3/6,289.55,117.96,5.06,1.71,1.1,0.7,3.17
2002/3/7,289.75,116.8,5.22,1.77,1.1,0.7,3.17
2002/3/8,289.75,117.99,5.33,1.69,1.1,0.7,3.17
2002/3/9,289.75,117.99,5.33,1.69,1.1,0.7,3.17
2002/3/10,290.7,117.99,5.33,1.69,1.1,0.7,3.17
2002/3/11,293.85,117.73,5.33,1.75,1.1,0.7,3.17
2002/3/12,293.35,117.8,5.32,1.68,1.1,0.7,3.17
2002/3/13,291.25,117.96,5.28,1.73,1.1,0.7,3.17
2002/3/14,290.05,117.29,5.4,1.79,1.1,0.7,3.17
2002/3/15,290.05,117.22,5.35,1.8,1.1,0.7,3.17
2002/3/16,290.05,117.22,5.35,1.8,1.1,0.7,3.17
2002/3/17,292.57,117.22,5.35,1.8,1.1,0.7,3.17
2002/3/18,293.2,117.5,5.32,1.71,1.1,0.7,3.17
2002/3/19,292.45,117.5,5.33,1.67,1.1,0.7,3.17
2002/3/20,293.15,117.22,5.4,1.78,1.1,0.7,3.17
2002/3/21,297.75,117.52,5.39,1.74,1.1,0.7,3.17
2002/3/22,297.75,118.05,5.4,1.68,1.1,0.7,3.17
2002/3/23,297.75,118.05,5.4,1.68,1.1,0.7,3.17
2002/3/24,298.25,118.05,5.4,1.68,1.1,0.7,3.17
2002/3/25,296.75,118.1,5.41,1.75,1.1,0.7,3.17
2002/3/26,302.38,118.14,5.35,1.71,1.1,0.7,3.17
2002/3/27,302.65,118.54,5.35,1.69,1.1,0.7,3.17
2002/3/28,302.65,118.62,5.42,1.77,1.5,0.9,2.63
2002/3/29,302.65,118.62,5.42,1.74,1.5,0.9,2.63
2002/3/30,302.65,118.62,5.42,1.74,1.5,0.9,2.63
2002/3/31,303.35,118.62,5.42,1.74,1.5,0.9,2.63
2002/4/1,305.85,117.77,5.44,1.88,1.5,0.9,2.63
2002/4/2,302.55,117.92,5.36,1.74,1.5,0.9,2.63
2002/4/3,301,117.68,5.3,1.81,1.5,0.9,2.63
2002/4/4,300.05,117.94,5.28,1.74,1.5,0.9,2.63
2002/4/5,300.05,117.69,5.22,1.7,1.5,0.9,2.63
2002/4/6,300.05,117.69,5.22,1.7,1.5,0.9,2.63
2002/4/7,300.5,117.69,5.22,1.7,1.5,0.9,2.63
2002/4/8,298.55,118.2,5.25,1.72,1.5,0.9,2.63
2002/4/9,301.25,117.59,5.22,1.68,1.5,0.9,2.63
2002/4/10,302.6,117.51,5.24,1.73,1.5,0.9,2.63
2002/4/11,302.15,117.37,5.22,1.83,1.5,0.9,2.63
2002/4/12,302.15,117.74,5.18,1.79,1.5,0.9,2.63
2002/4/13,302.15,117.74,5.18,1.79,1.5,0.9,2.63
2002/4/14,299.85,117.74,5.18,1.79,1.5,0.9,2.63
2002/4/15,299,117.64,5.15,1.84,1.5,0.9,2.63
2002/4/16,302.05,117.37,5.2,1.68,1.5,0.9,2.63
2002/4/17,303.65,116.6,5.24,1.73,1.5,0.9,2.63
2002/4/18,302.35,116.39,5.23,1.71,1.5,0.9,2.63
2002/4/19,302.35,116.29,5.21,1.67,1.5,0.9,2.63
2002/4/20,302.35,116.29,5.21,1.67,1.5,0.9,2.63
2002/4/21,302.9,116.29,5.21,1.67,1.5,0.9,2.63
2002/4/22,303.65,116.43,5.19,1.73,1.5,0.9,2.63
2002/4/23,304.05,116.57,5.18,1.71,1.5,0.9,2.63
2002/4/24,307.65,116.15,5.11,1.76,1.5,0.9,2.63
2002/4/25,311.35,115.45,5.1,1.82,1.5,0.9,2.63
2002/4/26,311.35,115.04,5.08,1.79,1.5,0.9,2.63
2002/4/27,311.35,115.04,5.08,1.79,1.5,0.9,2.63
2002/4/28,311.1,115.04,5.08,1.79,1.6,1.2,2.63
2002/4/29,308.45,114.89,5.13,1.81,1.6,1.2,2.63
2002/4/30,308.75,115.19,5.11,1.82,1.6,1.2,2.63
2002/5/1,307.85,114.54,5.08,1.88,1.6,1.2,2.63
2002/5/2,311.95,114.87,5.13,1.79,1.6,1.2,2.63
2002/5/3,311.95,113.59,5.08,1.73,1.6,1.2,2.63
2002/5/4,311.95,113.59,5.08,1.73,1.6,1.2,2.63
2002/5/5,312.3,113.59,5.08,1.73,1.6,1.2,2.63
2002/5/6,311.45,113.66,5.1,1.75,1.6,1.2,2.63
2002/5/7,308.15,113.92,5.09,1.72,1.6,1.2,2.63
2002/5/8,309.55,114.91,5.24,1.71,1.6,1.2,2.63
2002/5/9,311.05,114.52,5.2,1.74,1.6,1.2,2.63
2002/5/10,311.05,113.95,5.15,1.74,1.6,1.2,2.63
2002/5/11,311.05,113.95,5.15,1.74,1.6,1.2,2.63
2002/5/12,310.85,113.95,5.15,1.74,1.6,1.2,2.63
2002/5/13,307.65,114.15,5.23,1.75,1.6,1.2,2.63
2002/5/14,309.05,115.09,5.32,1.69,1.6,1.2,2.63
2002/5/15,309.85,114.12,5.28,1.84,1.6,1.2,2.63
2002/5/16,311.05,114.13,5.2,1.76,1.6,1.2,2.63
2002/5/17,311.05,113,5.27,1.7,1.6,1.2,2.63
2002/5/18,311.05,113,5.27,1.7,1.6,1.2,2.63
2002/5/19,315.95,113,5.27,1.7,1.6,1.2,2.63
2002/5/20,316.15,112.82,5.21,1.72,1.6,1.2,2.63
2002/5/21,317.95,112.8,5.18,1.68,1.6,1.2,2.63
2002/5/22,322.05,112.33,5.13,1.73,1.6,1.2,2.63
2002/5/23,320.55,112.79,5.16,1.76,1.6,1.2,2.63
2002/5/24,320.55,112.8,5.16,1.75,1.6,1.2,2.63
2002/5/25,320.55,112.8,5.16,1.75,1.6,1.2,2.63
2002/5/26,320.25,112.8,5.16,1.75,1.6,1.2,2.63
2002/5/27,324.25,113,5.16,1.75,1.6,1.2,2.63
2002/5/28,325.05,112.1,5.16,1.88,1.2,1,2.63
2002/5/29,325.05,111.49,5.11,1.79,1.2,1,2.63
2002/5/30,326.55,111.17,5.06,1.8,1.2,1,2.63
2002/5/31,326.55,111.81,5.08,1.79,1.2,1,2.63
2002/6/1,326.55,111.81,5.08,1.79,1.2,1,2.63
2002/6/2,327.65,111.81,5.08,1.79,1.2,1,2.63
2002/6/3,327.85,111.3,5.06,1.83,1.2,1,2.63
2002/6/4,321.45,111.09,5.04,1.73,1.2,1,2.63
2002/6/5,325.65,111.34,5.08,1.7,1.2,1,2.63
2002/6/6,323.95,110.83,5.04,1.75,1.2,1,2.63
2002/6/7,323.95,110.99,5.1,1.73,1.2,1,2.63
2002/6/8,323.95,110.99,5.1,1.73,1.2,1,2.63
2002/6/9,319.05,110.99,5.1,1.73,1.2,1,2.63
2002/6/10,321.05,111.1,5.07,1.76,1.2,1,2.63
2002/6/11,319.25,110.78,5.02,1.72,1.2,1,2.63
2002/6/12,318.15,111,4.98,1.75,1.2,1,2.63
2002/6/13,319.35,111.15,4.94,1.76,1.2,1,2.63
2002/6/14,319.35,110.76,4.83,1.75,1.2,1,2.63
2002/6/15,319.35,110.76,4.83,1.75,1.2,1,2.63
2002/6/16,316.85,110.76,4.83,1.75,1.2,1,2.63
2002/6/17,320.05,110.85,4.89,1.82,1.2,1,2.63
2002/6/18,320.85,110.2,4.88,1.71,1.2,1,2.63
2002/6/19,323.95,109.67,4.76,1.69,1.2,1,2.63
2002/6/20,324.65,108.94,4.85,1.75,1.2,1,2.63
2002/6/21,324.65,108.19,4.79,1.74,1.2,1,2.63
2002/6/22,324.65,108.19,4.79,1.74,1.2,1,2.63
2002/6/23,322.45,108.19,4.79,1.74,1.2,1,2.63
2002/6/24,321.35,108.21,4.87,1.77,1.2,1,2.63
2002/6/25,319.25,107.57,4.88,1.75,1.2,1,2.63
2002/6/26,318.25,106.56,4.75,1.78,1.2,1,2.63
2002/6/27,314.45,106.37,4.84,1.81,1.2,1,2.63
2002/6/28,314.45,106.11,4.86,1.73,1.1,0.9,2.92
2002/6/29,314.45,106.11,4.86,1.73,1.1,0.9,2.92
2002/6/30,315.15,106.11,4.86,1.73,1.1,0.9,2.92
2002/7/1,312.95,106.51,4.85,1.83,1.1,0.9,2.92
2002/7/2,311.15,106.8,4.77,1.72,1.1,0.9,2.92
2002/7/3,310.75,107.05,4.78,1.71,1.1,0.9,2.92
2002/7/4,311.55,107.34,4.78,1.71,1.1,0.9,2.92
2002/7/5,311.55,107.67,4.9,1.72,1.1,0.9,2.92
2002/7/6,311.55,107.67,4.9,1.72,1.1,0.9,2.92
2002/7/7,312.85,107.67,4.9,1.72,1.1,0.9,2.92
2002/7/8,316.85,106.3,4.84,1.75,1.1,0.9,2.92
2002/7/9,316.35,105.65,4.78,1.72,1.1,0.9,2.92
2002/7/10,316.5,106.01,4.66,1.74,1.1,0.9,2.92
2002/7/11,316.05,105.72,4.66,1.76,1.1,0.9,2.92
2002/7/12,316.05,105.89,4.63,1.71,1.1,0.9,2.92
2002/7/13,316.05,105.89,4.63,1.71,1.1,0.9,2.92
2002/7/14,318.15,105.89,4.63,1.71,1.1,0.9,2.92
2002/7/15,318.25,104.67,4.66,1.83,1.1,0.9,2.92
2002/7/16,317.65,104.49,4.75,1.72,1.1,0.9,2.92
2002/7/17,317.95,104.42,4.71,1.71,1.1,0.9,2.92
2002/7/18,323.95,104.47,4.66,1.74,1.1,0.9,2.92
2002/7/19,323.95,104.06,4.61,1.72,1.1,0.9,2.92
2002/7/20,323.95,104.06,4.61,1.72,1.1,0.9,2.92
2002/7/21,323.15,104.06,4.61,1.72,1.1,0.9,2.92
2002/7/22,313.25,104.75,4.51,1.77,1.1,0.9,2.92
2002/7/23,311.25,106.66,4.47,1.73,1.1,0.9,2.92
2002/7/24,310.05,105.52,4.49,1.67,1.1,0.9,2.92
2002/7/25,303.75,105.12,4.43,1.75,1.1,0.9,2.92
2002/7/26,303.75,106.61,4.43,1.69,1.1,0.9,2.92
2002/7/27,303.75,106.61,4.43,1.69,1.1,0.9,2.92
2002/7/28,302.55,106.61,4.43,1.69,1.5,1.2,2.92
2002/7/29,304.75,107.1,4.62,1.75,1.5,1.2,2.92
2002/7/30,303.55,106.8,4.65,1.71,1.5,1.2,2.92
2002/7/31,304.65,107.41,4.51,1.76,1.5,1.2,2.92
2002/8/1,307.35,107.02,4.47,1.79,1.5,1.2,2.92
2002/8/2,307.35,106.67,4.33,1.72,1.5,1.2,2.92
2002/8/3,307.35,106.67,4.33,1.72,1.5,1.2,2.92
2002/8/4,308.15,106.67,4.33,1.72,1.5,1.2,2.92
2002/8/5,306.35,107.27,4.29,1.77,1.5,1.2,2.92
2002/8/6,314.05,108.69,4.42,1.74,1.5,1.2,2.92
2002/8/7,310.65,107.85,4.35,1.71,1.5,1.2,2.92
2002/8/8,314.55,108.66,4.4,1.71,1.5,1.2,2.92
2002/8/9,314.55,108.21,4.27,1.68,1.5,1.2,2.92
2002/8/10,314.55,108.21,4.27,1.68,1.5,1.2,2.92
2002/8/11,314.25,108.21,4.27,1.68,1.5,1.2,2.92
2002/8/12,315.65,107.41,4.22,1.76,1.5,1.2,2.92
2002/8/13,311.65,107.11,4.12,1.74,1.5,1.2,2.92
2002/8/14,314.65,106.79,4.06,1.78,1.5,1.2,2.92
2002/8/15,313.95,106.72,4.17,1.87,1.5,1.2,2.92
2002/8/16,313.95,106.72,4.32,1.7,1.5,1.2,2.92
2002/8/17,313.95,106.72,4.32,1.7,1.5,1.2,2.92
2002/8/18,306.75,106.72,4.32,1.7,1.5,1.2,2.92
2002/8/19,309.45,107.52,4.29,1.72,1.5,1.2,2.92
2002/8/20,308.05,107.31,4.17,1.7,1.5,1.2,2.92
2002/8/21,307.05,107.14,4.2,1.72,1.5,1.2,2.92
2002/8/22,307.05,108.13,4.3,1.73,1.5,1.2,2.92
2002/8/23,307.05,107.97,4.25,1.72,1.5,1.2,2.92
2002/8/24,307.05,107.97,4.25,1.72,1.5,1.2,2.92
2002/8/25,309.45,107.97,4.25,1.72,1.5,1.2,2.92
2002/8/26,312.75,107.86,4.22,1.81,1.5,1.2,2.92
2002/8/27,310.05,106.77,4.29,1.79,1.5,1.2,2.92
2002/8/28,313.45,107.08,4.22,1.8,1.8,1.4,2.92
2002/8/29,312.75,106.7,4.16,1.82,1.8,1.4,2.92
2002/8/30,312.75,106.98,4.14,1.81,1.8,1.4,2.92
2002/8/31,312.75,106.98,4.14,1.81,1.8,1.4,2.92
2002/9/1,312.25,106.98,4.14,1.81,1.8,1.4,2.92
2002/9/2,314.15,106.98,4.14,1.81,1.8,1.4,2.92
2002/9/3,314.65,105.57,3.98,1.87,1.8,1.4,2.92
2002/9/4,319.25,106.1,3.96,1.74,1.8,1.4,2.92
2002/9/5,320.25,105.98,3.91,1.75,1.8,1.4,2.92
2002/9/6,320.25,106.84,4.05,1.71,1.8,1.4,2.92
2002/9/7,320.25,106.84,4.05,1.71,1.8,1.4,2.92
2002/9/8,321.25,106.84,4.05,1.71,1.8,1.4,2.92
2002/9/9,317.75,107.1,4.05,1.76,1.8,1.4,2.92
2002/9/10,317.65,107.52,4,1.74,1.8,1.4,2.92
2002/9/11,319.05,107.62,4.07,1.72,1.8,1.4,2.92
2002/9/12,316.85,107.16,3.98,1.74,1.8,1.4,2.92
2002/9/13,316.85,108.06,3.92,1.72,1.8,1.4,2.92
2002/9/14,316.85,108.06,3.92,1.72,1.8,1.4,2.92
2002/9/15,317.45,108.06,3.92,1.72,1.8,1.4,2.92
2002/9/16,318.35,108.24,3.9,1.83,1.8,1.4,2.92
2002/9/17,320.35,108.33,3.87,1.72,1.8,1.4,2.92
2002/9/18,323.35,107.76,3.86,1.68,1.8,1.4,2.92
2002/9/19,322.15,107,3.79,1.69,1.8,1.4,2.92
2002/9/20,322.15,107.53,3.79,1.7,1.8,1.4,2.92
2002/9/21,322.15,107.53,3.79,1.7,1.8,1.4,2.92
2002/9/22,323.25,107.53,3.79,1.7,1.8,1.4,2.92
2002/9/23,326.15,107.86,3.7,1.74,1.8,1.4,2.92
2002/9/24,322.25,107.52,3.69,1.75,1.8,1.4,2.92
2002/9/25,320.05,107.79,3.77,1.79,1.8,1.4,2.92
2002/9/26,319.95,107.68,3.79,1.8,1.8,1.4,2.92
2002/9/27,319.95,107.53,3.69,1.78,1.8,1.4,2.92
2002/9/28,319.95,107.53,3.69,1.78,1.5,1.9,3.13
2002/9/29,323.55,107.53,3.69,1.78,1.5,1.9,3.13
2002/9/30,320.35,106.87,3.63,1.85,1.5,1.9,3.13
2002/10/1,323.05,107.07,3.72,1.85,1.5,1.9,3.13
2002/10/2,321.65,107.16,3.71,1.75,1.5,1.9,3.13
2002/10/3,322.25,106.97,3.7,1.76,1.5,1.9,3.13
2002/10/4,322.25,107.6,3.69,1.72,1.5,1.9,3.13
2002/10/5,322.25,107.6,3.69,1.72,1.5,1.9,3.13
2002/10/6,322.45,107.6,3.69,1.72,1.5,1.9,3.13
2002/10/7,318.25,107.55,3.64,1.74,1.5,1.9,3.13
2002/10/8,320.05,108.07,3.65,1.72,1.5,1.9,3.13
2002/10/9,316.85,106.94,3.61,1.73,1.5,1.9,3.13
2002/10/10,316.75,107.2,3.68,1.75,1.5,1.9,3.13
2002/10/11,316.75,107.25,3.83,1.73,1.5,1.9,3.13
2002/10/12,316.75,107.25,3.83,1.73,1.5,1.9,3.13
2002/10/13,317.95,107.25,3.83,1.73,1.5,1.9,3.13
2002/10/14,313.55,107.15,3.83,1.73,1.5,1.9,3.13
2002/10/15,314.55,107.78,4.07,1.88,1.5,1.9,3.13
2002/10/16,311.45,107.63,4.06,1.73,1.5,1.9,3.13
2002/10/17,312.85,108.37,4.16,1.74,1.5,1.9,3.13
2002/10/18,312.85,108.52,4.14,1.71,1.5,1.9,3.13
2002/10/19,312.85,108.52,4.14,1.71,1.5,1.9,3.13
2002/10/20,311.15,108.52,4.14,1.71,1.5,1.9,3.13
2002/10/21,313.05,108.23,4.24,1.73,1.5,1.9,3.13
2002/10/22,311.95,107.94,4.27,1.71,1.5,1.9,3.13
2002/10/23,311.65,108,4.26,1.76,1.5,1.9,3.13
2002/10/24,313.85,107.91,4.16,1.8,1.5,1.9,3.13
2002/10/25,313.85,107.92,4.12,1.82,1.5,1.9,3.13
2002/10/26,313.85,107.92,4.12,1.82,1.5,1.9,3.13
2002/10/27,315.65,107.92,4.12,1.82,1.5,1.9,3.13
2002/10/28,316.85,107.16,4.1,1.79,2,1.8,3.13
2002/10/29,316.05,107.07,3.97,1.75,2,1.8,3.13
2002/10/30,317.75,107.07,3.99,1.72,2,1.8,3.13
2002/10/31,319.75,106.64,3.93,1.82,2,1.8,3.13
2002/11/1,319.75,106.08,4.01,1.74,2,1.8,3.13
2002/11/2,319.75,106.08,4.01,1.74,2,1.8,3.13
2002/11/3,318.55,106.08,4.01,1.74,2,1.8,3.13
2002/11/4,317.75,106.12,4.07,1.71,2,1.8,3.13
2002/11/5,318.15,105.87,4.1,1.64,2,1.8,3.13
2002/11/6,321.05,105.6,4.09,1.48,2,1.8,3.13
2002/11/7,321.55,104.97,3.88,1.27,2,1.8,3.13
2002/11/8,321.55,104.5,3.85,1.18,2,1.8,3.13
2002/11/9,321.55,104.5,3.85,1.18,2,1.8,3.13
2002/11/10,321.75,104.5,3.85,1.18,2,1.8,3.13
2002/11/11,324.45,104.57,3.85,1.18,2,1.8,3.13
2002/11/12,319.15,104.66,3.84,1.29,2,1.8,3.13
2002/11/13,318.25,105.1,3.84,1.17,2,1.8,3.13
2002/11/14,320.55,105.21,4.03,1.29,2,1.8,3.13
2002/11/15,320.55,105.04,4.05,1.35,2,1.8,3.13
2002/11/16,320.55,105.04,4.05,1.35,2,1.8,3.13
2002/11/17,319.25,105.04,4.05,1.35,2,1.8,3.13
2002/11/18,318.95,105.2,4.02,1.21,2,1.8,3.13
2002/11/19,317.85,105.67,3.99,1.2,2,1.8,3.13
2002/11/20,317.65,105.87,4.08,1.23,2,1.8,3.13
2002/11/21,321.05,105.81,4.14,1.27,2,1.8,3.13
2002/11/22,321.05,106.12,4.18,1.25,2,1.8,3.13
2002/11/23,321.05,106.12,4.18,1.25,2,1.8,3.13
2002/11/24,318.15,106.12,4.18,1.25,2,1.8,3.13
2002/11/25,318.35,106.54,4.19,1.32,2,1.8,3.13
2002/11/26,316.75,106.53,4.08,1.26,2,1.8,3.13
2002/11/27,317.85,106.77,4.26,1.27,2,1.8,3.13
2002/11/28,318.15,106.54,4.26,1.27,2.2,1.9,3.13
2002/11/29,318.15,106.41,4.22,1.23,2.2,1.9,3.13
2002/11/30,318.15,106.41,4.22,1.23,2.2,1.9,3.13
2002/12/1,317.85,106.41,4.22,1.23,2.2,1.9,3.13
2002/12/2,320.75,106.35,4.22,1.27,2.2,1.9,3.13
2002/12/3,322.15,106.37,4.24,1.24,2.2,1.9,3.13
2002/12/4,324.65,106.14,4.18,1.23,2.2,1.9,3.13
2002/12/5,326.25,106.1,4.13,1.24,2.2,1.9,3.13
2002/12/6,326.25,105.36,4.09,1.21,2.2,1.9,3.13
2002/12/7,326.25,105.36,4.09,1.21,2.2,1.9,3.13
2002/12/8,326,105.36,4.09,1.21,2.2,1.9,3.13
2002/12/9,323.75,105.24,4.06,1.22,2.2,1.9,3.13
2002/12/10,324.85,105.37,4.06,1.22,2.2,1.9,3.13
2002/12/11,331.25,105.35,4.01,1.29,2.2,1.9,3.13
2002/12/12,333.15,104.51,4.01,1.29,2.2,1.9,3.13
2002/12/13,333.15,103.98,4.07,1.25,2.2,1.9,3.13
2002/12/14,333.15,103.98,4.07,1.25,2.2,1.9,3.13
2002/12/15,336.65,103.98,4.07,1.25,2.2,1.9,3.13
2002/12/16,336.75,104.06,4.15,1.36,2.2,1.9,3.13
2002/12/17,343.25,103.51,4.13,1.26,2.2,1.9,3.13
2002/12/18,345.55,103.63,4.06,1.25,2.2,1.9,3.13
2002/12/19,340.75,103.48,3.96,1.28,2.2,1.9,3.13
2002/12/20,340.75,103.46,3.97,1.26,2.2,1.9,3.13
2002/12/21,340.75,103.46,3.97,1.26,2.2,1.9,3.13
2002/12/22,345.65,103.46,3.97,1.26,2.2,1.9,3.13
2002/12/23,346.55,103.64,3.98,1.28,2.2,1.9,3.13
2002/12/24,343.85,103.25,3.95,1.15,2.2,1.9,3.13
2002/12/25,349.65,103.25,3.95,1.15,2.2,1.9,3.13
2002/12/26,349.25,102.82,3.93,1.28,2.2,1.9,3.13
2002/12/27,349.25,102.41,3.83,1.2,2.2,1.9,3.13
2002/12/28,349.25,102.41,3.83,1.2,2.4,2.1,3.5
2002/12/29,343.65,102.41,3.83,1.2,2.4,2.1,3.5
2002/12/30,348.05,102.01,3.82,1.23,2.4,2.1,3.5
2002/12/31,348.05,101.85,3.83,1.16,2.4,2.1,3.5
2003/1/1,346.05,101.85,3.83,1.16,2.4,2.1,3.5
2003/1/2,351.25,102.98,4.07,1.3,2.4,2.1,3.5
2003/1/3,351.25,102.47,4.05,1.12,2.4,2.1,3.5
2003/1/4,351.25,102.47,4.05,1.12,2.4,2.1,3.5
2003/1/5,351.25,102.47,4.05,1.12,2.4,2.1,3.5
2003/1/6,347.25,101.97,4.09,1.22,2.4,2.1,3.5
2003/1/7,353.63,102.57,4.04,1.2,2.4,2.1,3.5
2003/1/8,352.75,101.87,4,1.29,2.4,2.1,3.5
2003/1/9,354.75,101.94,4.19,1.29,2.4,2.1,3.5
2003/1/10,354.75,101.23,4.16,1.25,2.4,2.1,3.5
2003/1/11,354.75,101.23,4.16,1.25,2.4,2.1,3.5
2003/1/12,354.55,101.23,4.16,1.25,2.4,2.1,3.5
2003/1/13,351.35,101.47,4.15,1.26,2.4,2.1,3.5
2003/1/14,350.75,101.21,4.1,1.24,2.4,2.1,3.5
2003/1/15,357.45,101.34,4.1,1.3,2.4,2.1,3.5
2003/1/16,356.55,100.79,4.1,1.24,2.4,2.1,3.5
2003/1/17,356.55,100.55,4.05,1.2,2.4,2.1,3.5
2003/1/18,356.55,100.55,4.05,1.2,2.4,2.1,3.5
2003/1/19,355.75,100.55,4.05,1.2,2.4,2.1,3.5
2003/1/20,357.75,100.55,4.05,1.2,2.4,2.1,3.5
2003/1/21,361.85,100.23,4.01,1.31,2.4,2.1,3.5
2003/1/22,363.05,100.23,3.95,1.26,2.4,2.1,3.5
2003/1/23,368.25,99.86,3.98,1.27,2.4,2.1,3.5
2003/1/24,368.25,99.22,3.94,1.21,2.4,2.1,3.5
2003/1/25,368.25,99.22,3.94,1.21,2.4,2.1,3.5
2003/1/26,369.65,99.22,3.94,1.21,2.4,2.1,3.5
2003/1/27,369.25,99.26,3.98,1.3,2.4,2.1,3.5
2003/1/28,365.95,99.48,4,1.23,2.6,2.3,3.5
2003/1/29,370.35,99.28,4.06,1.26,2.6,2.3,3.5
2003/1/30,368.15,99.52,4,1.29,2.6,2.3,3.5
2003/1/31,368.15,99.91,4,1.33,2.6,2.3,3.5
2003/2/1,368.15,99.91,4,1.33,2.6,2.3,3.5
2003/2/2,371.05,99.91,4,1.33,2.6,2.3,3.5
2003/2/3,381.25,99.9,4.01,1.3,2.6,2.3,3.5
2003/2/4,371.75,99.14,3.96,1.21,2.6,2.3,3.5
2003/2/5,370.05,99.65,4.02,1.21,2.6,2.3,3.5
2003/2/6,369.75,99.46,3.97,1.23,2.6,2.3,3.5
2003/2/7,369.75,99.57,3.96,1.21,2.6,2.3,3.5
2003/2/8,369.75,99.57,3.96,1.21,2.6,2.3,3.5
2003/2/9,362.15,99.57,3.96,1.21,2.6,2.3,3.5
2003/2/10,363.88,100.27,3.99,1.25,2.6,2.3,3.5
2003/2/11,352.75,100.39,3.98,1.22,2.6,2.3,3.5
2003/2/12,356.55,100.51,3.93,1.23,2.6,2.3,3.5
2003/2/13,351.55,99.59,3.89,1.28,2.6,2.3,3.5
2003/2/14,351.55,100.04,3.95,1.3,2.6,2.3,3.5
2003/2/15,351.55,100.04,3.95,1.3,2.6,2.3,3.5
2003/2/16,345.55,100.04,3.95,1.3,2.6,2.3,3.5
2003/2/17,343.55,100.04,3.95,1.3,2.6,2.3,3.5
2003/2/18,349.45,100.53,3.94,1.35,2.6,2.3,3.5
2003/2/19,352.25,100,3.88,1.24,2.6,2.3,3.5
2003/2/20,351.35,99.55,3.85,1.25,2.6,2.3,3.5
2003/2/21,351.35,100.09,3.9,1.21,2.6,2.3,3.5
2003/2/22,351.35,100.09,3.9,1.21,2.6,2.3,3.5
2003/2/23,357.75,100.09,3.9,1.21,2.6,2.3,3.5
2003/2/24,351.85,99.66,3.86,1.25,2.6,2.3,3.5
2003/2/25,354.35,99.83,3.81,1.28,2.6,2.3,3.5
2003/2/26,345.45,99.62,3.78,1.28,2.6,2.3,3.5
2003/2/27,349.95,99.81,3.76,1.31,2.6,2.3,3.5
2003/2/28,349.95,99.71,3.71,1.33,3,2.6,3.5
2003/3/1,349.95,99.71,3.71,1.33,3,2.6,3.5
2003/3/2,349.05,99.71,3.71,1.33,3,2.6,3.5
2003/3/3,354.25,99.1,3.68,1.33,3,2.6,3.5
2003/3/4,353.55,99.13,3.65,1.2,3,2.6,3.5
2003/3/5,356.25,98.28,3.63,1.22,3,2.6,3.5
2003/3/6,350.75,98.31,3.67,1.23,3,2.6,3.5
2003/3/7,350.75,98.04,3.63,1.2,3,2.6,3.5
2003/3/8,350.75,98.04,3.63,1.2,3,2.6,3.5
2003/3/9,354.45,98.04,3.63,1.2,3,2.6,3.5
2003/3/10,350.65,97.85,3.59,1.23,3,2.6,3.5
2003/3/11,345.75,97.99,3.6,1.21,3,2.6,3.5
2003/3/12,334.35,98.16,3.6,1.23,3,2.6,3.5
2003/3/13,336.35,99.55,3.74,1.31,3,2.6,3.5
2003/3/14,336.35,99.99,3.72,1.3,3,2.6,3.5
2003/3/15,336.35,99.99,3.72,1.3,3,2.6,3.5
2003/3/16,336.55,99.99,3.72,1.3,3,2.6,3.5
2003/3/17,337.85,100.74,3.82,1.31,3,2.6,3.5
2003/3/18,336.45,100.86,3.91,1.2,3,2.6,3.5
2003/3/19,332.25,101.58,3.98,1.2,3,2.6,3.5
2003/3/20,326.05,101.15,4.01,1.23,3,2.6,3.5
2003/3/21,326.05,101.92,4.11,1.2,3,2.6,3.5
2003/3/22,326.05,101.92,4.11,1.2,3,2.6,3.5
2003/3/23,329.65,101.92,4.11,1.2,3,2.6,3.5
2003/3/24,328.55,100.98,3.98,1.23,3,2.6,3.5
2003/3/25,330.25,100.87,3.97,1.24,3,2.6,3.5
2003/3/26,329.25,100.61,3.96,1.26,3,2.6,3.5
2003/3/27,331.85,100.64,3.95,1.29,3,2.6,3.5
2003/3/28,331.85,99.96,3.92,1.26,3,2.6,2.98
2003/3/29,331.85,99.96,3.92,1.26,3,2.6,2.98
2003/3/30,337.45,99.96,3.92,1.26,3,2.6,2.98
2003/3/31,334.95,99.06,3.83,1.38,3,2.6,2.98
2003/4/1,329.95,99.15,3.84,1.29,3,2.6,2.98
2003/4/2,325.25,100.08,3.94,1.19,3,2.6,2.98
2003/4/3,325.55,100.34,3.93,1.24,3,2.6,2.98
2003/4/4,325.55,100.45,3.96,1.22,3,2.6,2.98
2003/4/5,325.55,100.45,3.96,1.22,3,2.6,2.98
2003/4/6,323.05,100.45,3.96,1.22,3,2.6,2.98
2003/4/7,322.75,101.04,4.03,1.25,3,2.6,2.98
2003/4/8,326.85,100.53,3.95,1.22,3,2.6,2.98
2003/4/9,326.55,100.16,3.93,1.24,3,2.6,2.98
2003/4/10,328.05,99.82,3.95,1.27,3,2.6,2.98
2003/4/11,328.05,100.18,4,1.24,3,2.6,2.98
2003/4/12,328.05,100.18,4,1.24,3,2.6,2.98
2003/4/13,324.85,100.18,4,1.24,3,2.6,2.98
2003/4/14,324.95,99.96,4.04,1.32,3,2.6,2.98
2003/4/15,326.45,99.76,3.98,1.34,3,2.6,2.98
2003/4/16,327.15,99.06,3.96,1.26,3,2.6,2.98
2003/4/17,325.95,99.3,3.98,1.28,3,2.6,2.98
2003/4/18,325.95,99.3,3.98,1.24,3,2.6,2.98
2003/4/19,325.95,99.3,3.98,1.24,3,2.6,2.98
2003/4/20,333.55,99.3,3.98,1.24,3,2.6,2.98
2003/4/21,332.95,99.59,4,1.29,3,2.6,2.98
2003/4/22,331.25,98.73,4.01,1.26,3,2.6,2.98
2003/4/23,334.45,98.78,4.02,1.24,3,2.6,2.98
2003/4/24,333.25,98.33,3.93,1.24,3,2.6,2.98
2003/4/25,333.25,98.36,3.91,1.28,3,2.6,2.98
2003/4/26,333.25,98.36,3.91,1.28,3,2.6,2.98
2003/4/27,333.85,98.36,3.91,1.28,3,2.6,2.98
2003/4/28,334.25,98.67,3.92,1.29,2.2,2,2.98
2003/4/29,338.55,98.02,3.96,1.27,2.2,2,2.98
2003/4/30,341.75,97.19,3.89,1.31,2.2,2,2.98
2003/5/1,340.95,96.7,3.88,1.3,2.2,2,2.98
2003/5/2,340.95,96.76,3.94,1.24,2.2,2,2.98
2003/5/3,340.95,96.76,3.94,1.24,2.2,2,2.98
2003/5/4,342.25,96.76,3.94,1.24,2.2,2,2.98
2003/5/5,344.25,96.37,3.92,1.27,2.2,2,2.98
2003/5/6,342.05,95.34,3.84,1.28,2.2,2,2.98
2003/5/7,348.65,95.58,3.72,1.28,2.2,2,2.98
2003/5/8,348.55,94.93,3.7,1.27,2.2,2,2.98
2003/5/9,348.55,94.98,3.69,1.24,2.2,2,2.98
2003/5/10,348.55,94.98,3.69,1.24,2.2,2,2.98
2003/5/11,351.25,94.98,3.69,1.24,2.2,2,2.98
2003/5/12,349.85,94.55,3.64,1.25,2.2,2,2.98
2003/5/13,352.45,94.72,3.63,1.23,2.2,2,2.98
2003/5/14,351.95,94.58,3.53,1.3,2.2,2,2.98
2003/5/15,354.75,95.22,3.53,1.36,2.2,2,2.98
2003/5/16,354.75,94.08,3.46,1.26,2.2,2,2.98
2003/5/17,354.75,94.08,3.46,1.26,2.2,2,2.98
2003/5/18,366.25,94.08,3.46,1.26,2.2,2,2.98
2003/5/19,367.95,93.78,3.46,1.26,2.2,2,2.98
2003/5/20,371.55,93.26,3.38,1.23,2.2,2,2.98
2003/5/21,367.05,93.54,3.39,1.23,2.2,2,2.98
2003/5/22,368.75,93.56,3.34,1.25,2.2,2,2.98
2003/5/23,368.75,93.05,3.34,1.21,2.2,2,2.98
2003/5/24,368.75,93.05,3.34,1.21,2.2,2,2.98
2003/5/25,370.35,93.05,3.34,1.21,2.2,2,2.98
2003/5/26,366.25,93.05,3.34,1.21,2.2,2,2.98
2003/5/27,365.05,92.72,3.41,1.32,2.2,2,2.98
2003/5/28,369.25,93.45,3.44,1.29,2.1,1.8,2.98
2003/5/29,364.45,92.71,3.34,1.29,2.1,1.8,2.98
2003/5/30,364.45,93.27,3.37,1.28,2.1,1.8,2.98
2003/5/31,364.45,93.27,3.37,1.28,2.1,1.8,2.98
2003/6/1,365.85,93.27,3.37,1.28,2.1,1.8,2.98
2003/6/2,365.25,93.34,3.43,1.27,2.1,1.8,2.98
2003/6/3,361.27,93.53,3.34,1.21,2.1,1.8,2.98
2003/6/4,368.75,93.73,3.3,1.22,2.1,1.8,2.98
2003/6/5,363.75,92.52,3.34,1.26,2.1,1.8,2.98
2003/6/6,363.75,93.48,3.37,1.24,2.1,1.8,2.98
2003/6/7,363.75,93.48,3.37,1.24,2.1,1.8,2.98
2003/6/8,361.85,93.48,3.37,1.24,2.1,1.8,2.98
2003/6/9,352.15,93.3,3.29,1.25,2.1,1.8,2.98
2003/6/10,355.65,93.56,3.2,1.22,2.1,1.8,2.98
2003/6/11,353.45,92.97,3.21,1.25,2.1,1.8,2.98
2003/6/12,356.65,92.9,3.18,1.25,2.1,1.8,2.98
2003/6/13,356.65,92.22,3.13,1.24,2.1,1.8,2.98
2003/6/14,356.65,92.22,3.13,1.24,2.1,1.8,2.98
2003/6/15,359.15,92.22,3.13,1.24,2.1,1.8,2.98
2003/6/16,363.35,92.4,3.18,1.33,2.1,1.8,2.98
2003/6/17,357.35,92.61,3.27,1.24,2.1,1.8,2.98
2003/6/18,361.35,93.17,3.37,1.22,2.1,1.8,2.98
2003/6/19,357.38,93.16,3.35,1.22,2.1,1.8,2.98
2003/6/20,357.38,94.04,3.4,1.23,2.1,1.8,2.98
2003/6/21,357.38,94.04,3.4,1.23,2.1,1.8,2.98
2003/6/22,353,94.04,3.4,1.23,2.1,1.8,2.98
2003/6/23,346.8,94.08,3.32,1.21,2.1,1.8,2.98
2003/6/24,347.4,94.39,3.29,1.15,2.1,1.8,2.98
2003/6/25,344.15,94.12,3.38,1.18,2.1,1.8,2.98
2003/6/26,345.25,94.97,3.55,1.1,2.1,1.8,2.98
2003/6/27,345.25,95.15,3.58,1.08,2.1,1.8,2.98
2003/6/28,345.25,95.15,3.58,1.08,2.1,1.8,3.25
2003/6/29,346.4,95.15,3.58,1.08,2.1,1.8,3.25
2003/6/30,350.75,94.73,3.54,1.45,2.1,1.8,3.25
2003/7/1,351.5,94.3,3.56,1.11,2.1,1.8,3.25
2003/7/2,351.15,94.12,3.56,1.01,2.1,1.8,3.25
2003/7/3,350.85,94.41,3.67,0.96,2.1,1.8,3.25
2003/7/4,350.85,94.55,3.67,0.96,2.1,1.8,3.25
2003/7/5,350.85,94.55,3.67,0.96,2.1,1.8,3.25
2003/7/6,348.25,94.55,3.67,0.96,2.1,1.8,3.25
2003/7/7,344.45,95.51,3.74,1,2.1,1.8,3.25
2003/7/8,344.55,95.82,3.75,0.93,2.1,1.8,3.25
2003/7/9,345.45,95.59,3.73,0.96,2.1,1.8,3.25
2003/7/10,345.2,95.39,3.7,1,2.1,1.8,3.25
2003/7/11,345.2,95.8,3.66,0.98,2.1,1.8,3.25
2003/7/12,345.2,95.8,3.66,0.98,2.1,1.8,3.25
2003/7/13,347.3,95.8,3.66,0.98,2.1,1.8,3.25
2003/7/14,342.15,96.07,3.74,1.07,2.1,1.8,3.25
2003/7/15,343.55,96.07,3.94,1.13,2.1,1.8,3.25
2003/7/16,344.75,96.72,3.97,1.01,2.1,1.8,3.25
2003/7/17,347.25,96.86,3.98,1.02,2.1,1.8,3.25
2003/7/18,347.25,96.86,4,0.99,2.1,1.8,3.25
2003/7/19,347.25,96.86,4,0.99,2.1,1.8,3.25
2003/7/20,351.75,96.86,4,0.99,2.1,1.8,3.25
2003/7/21,350.75,96.11,4.19,1.02,2.1,1.8,3.25
2003/7/22,359.65,96.38,4.17,1,2.1,1.8,3.25
2003/7/23,361.65,95.44,4.12,1.05,2.1,1.8,3.25
2003/7/24,362.75,95.34,4.2,1.04,2.1,1.8,3.25
2003/7/25,362.75,94.96,4.22,1.03,2.1,1.8,3.25
2003/7/26,362.75,94.96,4.22,1.03,2.1,1.8,3.25
2003/7/27,365.15,94.96,4.22,1.03,2.1,1.8,3.25
2003/7/28,361.85,95.06,4.31,1.05,2.1,1.9,3.25
2003/7/29,356.35,95.33,4.42,1.04,2.1,1.9,3.25
2003/7/30,354.35,96.07,4.34,1.03,2.1,1.9,3.25
2003/7/31,346.15,96.89,4.49,1.04,2.1,1.9,3.25
2003/8/1,346.15,96.66,4.44,1,2.1,1.9,3.25
2003/8/2,346.15,96.66,4.44,1,2.1,1.9,3.25
2003/8/3,349.45,96.66,4.44,1,2.1,1.9,3.25
2003/8/4,352.05,96.18,4.35,1,2.1,1.9,3.25
2003/8/5,351.75,96.16,4.47,0.86,2.1,1.9,3.25
2003/8/6,352.85,96.23,4.32,0.88,2.1,1.9,3.25
2003/8/7,356.75,95.83,4.3,0.95,2.1,1.9,3.25
2003/8/8,356.75,96.36,4.27,0.96,2.1,1.9,3.25
2003/8/9,356.75,96.36,4.27,0.96,2.1,1.9,3.25
2003/8/10,361.85,96.36,4.27,0.96,2.1,1.9,3.25
2003/8/11,358.45,95.87,4.38,1.02,2.1,1.9,3.25
2003/8/12,362.7,96.15,4.37,0.99,2.1,1.9,3.25
2003/8/13,365.95,96.18,4.58,1.01,2.1,1.9,3.25
2003/8/14,363.75,96.68,4.55,1.22,2.1,1.9,3.25
2003/8/15,363.75,96.65,4.55,1.39,2.1,1.9,3.25
2003/8/16,363.75,96.65,4.55,1.39,2.1,1.9,3.25
2003/8/17,358.35,96.65,4.55,1.39,2.1,1.9,3.25
2003/8/18,362.05,97.35,4.49,1.03,2.1,1.9,3.25
2003/8/19,366.25,97.31,4.38,0.93,2.1,1.9,3.25
2003/8/20,360.75,97.37,4.45,0.89,2.1,1.9,3.25
2003/8/21,362.95,98.61,4.53,1.01,2.1,1.9,3.25
2003/8/22,362.95,98.83,4.48,0.99,2.1,1.9,3.25
2003/8/23,362.95,98.83,4.48,0.99,2.1,1.9,3.25
2003/8/24,361.25,98.83,4.48,0.99,2.1,1.9,3.25
2003/8/25,364.45,98.83,4.53,1.04,2.1,1.9,3.25
2003/8/26,372.55,98.76,4.5,1,2.1,1.9,3.25
2003/8/27,369.65,98.86,4.54,0.98,2.1,1.9,3.25
2003/8/28,375.55,98.83,4.42,1.04,2.2,2,3.25
2003/8/29,375.55,98.1,4.45,1.01,2.2,2,3.25
2003/8/30,375.55,98.1,4.45,1.01,2.2,2,3.25
2003/8/31,375.55,98.1,4.45,1.01,2.2,2,3.25
2003/9/1,371.95,98,4.45,1.01,2.2,2,3.25
2003/9/2,373.85,98.95,4.61,1.06,2.2,2,3.25
2003/9/3,373.35,98.71,4.6,0.96,2.2,2,3.25
2003/9/4,377.35,98.2,4.52,0.98,2.2,2,3.25
2003/9/5,377.35,97.09,4.35,0.96,2.2,2,3.25
2003/9/6,377.35,97.09,4.35,0.96,2.2,2,3.25
2003/9/7,375.25,97.09,4.35,0.96,2.2,2,3.25
2003/9/8,382.65,97.16,4.41,0.99,2.2,2,3.25
2003/9/9,380.45,96.44,4.37,0.95,2.2,2,3.25
2003/9/10,380.15,96.5,4.28,0.95,2.2,2,3.25
2003/9/11,375.25,96.56,4.35,1,2.2,2,3.25
2003/9/12,375.25,96.01,4.27,1.02,2.2,2,3.25
2003/9/13,375.25,96.01,4.27,1.02,2.2,2,3.25
2003/9/14,374.05,96.01,4.27,1.02,2.2,2,3.25
2003/9/15,373.25,95.98,4.28,1.11,2.2,2,3.25
2003/9/16,376.75,96.67,4.29,0.97,2.2,2,3.25
2003/9/17,376.35,95.74,4.2,0.97,2.2,2,3.25
2003/9/18,381.85,95.95,4.19,1,2.2,2,3.25
2003/9/19,381.85,94.96,4.17,0.99,2.2,2,3.25
2003/9/20,381.85,94.96,4.17,0.99,2.2,2,3.25
2003/9/21,387.1,94.96,4.17,0.99,2.2,2,3.25
2003/9/22,384.75,93.85,4.26,1.02,2.2,2,3.25
2003/9/23,388.85,93.99,4.24,1.01,2.2,2,3.25
2003/9/24,385.35,93.7,4.16,1.03,2.2,2,3.25
2003/9/25,380.85,93.76,4.12,1.08,2.2,2,3.25
2003/9/26,380.85,93.87,4.04,1.03,2.2,2,3.25
2003/9/27,380.85,93.87,4.04,1.03,2.2,2,3.25
2003/9/28,382.25,93.87,4.04,1.03,2.3,2.1,3.53
2003/9/29,385.35,93.08,4.09,1.04,2.3,2.1,3.53
2003/9/30,384.75,92.85,3.96,1.17,2.3,2.1,3.53
2003/10/1,382.85,92.39,3.96,1.11,2.3,2.1,3.53
2003/10/2,369.55,92.42,4.03,1.02,2.3,2.1,3.53
2003/10/3,369.55,93.23,4.21,0.99,2.3,2.1,3.53
2003/10/4,369.55,93.23,4.21,0.99,2.3,2.1,3.53
2003/10/5,372.95,93.23,4.21,0.99,2.3,2.1,3.53
2003/10/6,376.45,92.41,4.17,0.99,2.3,2.1,3.53
2003/10/7,375.25,91.89,4.27,0.98,2.3,2.1,3.53
2003/10/8,370.05,91.73,4.27,0.99,2.3,2.1,3.53
2003/10/9,373.05,91.99,4.32,1.02,2.3,2.1,3.53
2003/10/10,373.05,91.52,4.29,1,2.3,2.1,3.53
2003/10/11,373.05,91.52,4.29,1,2.3,2.1,3.53
2003/10/12,374.75,91.52,4.29,1,2.3,2.1,3.53
2003/10/13,375.25,91.89,4.29,1,2.3,2.1,3.53
2003/10/14,372.95,91.83,4.37,1.08,2.3,2.1,3.53
2003/10/15,371.65,92.42,4.43,1.09,2.3,2.1,3.53
2003/10/16,371.65,92.61,4.47,1.04,2.3,2.1,3.53
2003/10/17,371.65,92.29,4.41,0.98,2.3,2.1,3.53
2003/10/18,371.65,92.29,4.41,0.98,2.3,2.1,3.53
2003/10/19,373.35,92.29,4.41,0.98,2.3,2.1,3.53
2003/10/20,380.75,92.43,4.41,1.02,2.3,2.1,3.53
2003/10/21,385.85,92.37,4.38,0.99,2.3,2.1,3.53
2003/10/22,384.25,91.27,4.29,0.99,2.3,2.1,3.53
2003/10/23,388.55,91.51,4.34,1.02,2.3,2.1,3.53
2003/10/24,388.55,91.28,4.24,1.01,2.3,2.1,3.53
2003/10/25,388.55,91.28,4.24,1.01,2.3,2.1,3.53
2003/10/26,387.95,91.28,4.24,1.01,2.3,2.1,3.53
2003/10/27,382.85,91.61,4.3,1.03,2.3,2.1,3.53
2003/10/28,386.5,91.86,4.23,0.98,2,2,3.53
2003/10/29,383.55,91.86,4.31,0.97,2,2,3.53
2003/10/30,384.25,92.21,4.36,1.02,2,2,3.53
2003/10/31,384.25,92.73,4.33,1.03,2,2,3.53
2003/11/1,384.25,92.73,4.33,1.03,2,2,3.53
2003/11/2,376.65,92.73,4.33,1.03,2,2,3.53
2003/11/3,379.55,93.66,4.4,1.02,2,2,3.53
2003/11/4,381.35,93.23,4.33,0.98,2,2,3.53
2003/11/5,379.95,93.63,4.38,0.98,2,2,3.53
2003/11/6,383.05,93.89,4.45,1,2,2,3.53
2003/11/7,383.05,93.02,4.48,0.98,2,2,3.53
2003/11/8,383.05,93.02,4.48,0.98,2,2,3.53
2003/11/9,385.95,93.02,4.48,0.98,2,2,3.53
2003/11/10,387.95,93.05,4.49,0.99,2,2,3.53
2003/11/11,394.05,93.1,4.49,0.99,2,2,3.53
2003/11/12,394.65,92.31,4.44,1,2,2,3.53
2003/11/13,397.55,91.61,4.3,0.99,2,2,3.53
2003/11/14,397.55,91.44,4.22,0.98,2,2,3.53
2003/11/15,397.55,91.44,4.22,0.98,2,2,3.53
2003/11/16,391.05,91.44,4.22,0.98,2,2,3.53
2003/11/17,398.75,91.53,4.18,1.04,2,2,3.53
2003/11/18,395.05,90.33,4.17,0.98,2,2,3.53
2003/11/19,394.45,90.9,4.24,0.98,2,2,3.53
2003/11/20,396.05,90.66,4.16,1,2,2,3.53
2003/11/21,396.05,90.6,4.15,0.98,2,2,3.53
2003/11/22,396.05,90.6,4.15,0.98,2,2,3.53
2003/11/23,391.48,90.6,4.15,0.98,2,2,3.53
2003/11/24,391.25,91.59,4.23,0.98,2,2,3.53
2003/11/25,396.65,91.46,4.19,1.02,2,2,3.53
2003/11/26,395.25,90.6,4.25,1.01,2,2,3.53
2003/11/27,398.15,90.6,4.25,1.01,2,2,3.53
2003/11/28,398.15,90.21,4.34,1.01,1.8,2,3.53
2003/11/29,398.15,90.21,4.34,1.01,1.8,2,3.53
2003/11/30,402.25,90.21,4.34,1.01,1.8,2,3.53
2003/12/1,403.25,90.35,4.4,1.03,1.8,2,3.53
2003/12/2,404.75,89.64,4.38,0.97,1.8,2,3.53
2003/12/3,402.75,89.5,4.41,0.98,1.8,2,3.53
2003/12/4,406.35,89.6,4.38,0.99,1.8,2,3.53
2003/12/5,406.35,89.14,4.23,0.98,1.8,2,3.53
2003/12/6,406.35,89.14,4.23,0.98,1.8,2,3.53
2003/12/7,406.75,89.14,4.23,0.98,1.8,2,3.53
2003/12/8,408.25,88.75,4.29,0.99,1.8,2,3.53
2003/12/9,405.45,88.61,4.32,0.97,1.8,2,3.53
2003/12/10,404.95,88.85,4.3,0.99,1.8,2,3.53
2003/12/11,408.85,88.88,4.27,0.99,1.8,2,3.53
2003/12/12,408.85,88.49,4.26,0.99,1.8,2,3.53
2003/12/13,408.85,88.49,4.26,0.99,1.8,2,3.53
2003/12/14,409.75,88.49,4.26,0.99,1.8,2,3.53
2003/12/15,407.25,88.46,4.28,1.04,1.8,2,3.53
2003/12/16,412.55,88.31,4.24,0.99,1.8,2,3.53
2003/12/17,410.75,87.94,4.19,0.99,1.8,2,3.53
2003/12/18,409.35,87.85,4.16,1.01,1.8,2,3.53
2003/12/19,409.35,88.11,4.15,0.98,1.8,2,3.53
2003/12/20,409.35,88.11,4.15,0.98,1.8,2,3.53
2003/12/21,410.05,88.11,4.15,0.98,1.8,2,3.53
2003/12/22,410.75,87.99,4.18,1.02,1.8,2,3.53
2003/12/23,412.05,87.99,4.28,1,1.8,2,3.53
2003/12/24,412.95,87.54,4.2,0.97,1.8,2,3.53
2003/12/25,412.25,87.54,4.2,0.97,1.8,2,3.53
2003/12/26,412.25,87.63,4.17,0.97,1.8,2,3.53
2003/12/27,412.25,87.63,4.17,0.97,1.8,2,3.53
2003/12/28,414.58,87.63,4.17,0.97,1.9,2.1,3.98
2003/12/29,416.25,87.35,4.24,0.98,1.9,2.1,3.98
2003/12/30,415.45,87,4.29,0.93,1.9,2.1,3.98
2003/12/31,415.85,86.92,4.27,0.94,1.9,2.1,3.98
2004/1/1,415.85,86.92,4.27,0.94,1.9,2.1,3.98
2004/1/2,415.85,86.92,4.38,1.01,1.9,2.1,3.98
2004/1/3,415.85,86.92,4.38,1.01,1.9,2.1,3.98
2004/1/4,423.65,86.92,4.38,1.01,1.9,2.1,3.98
2004/1/5,422.35,86.07,4.41,0.97,1.9,2.1,3.98
2004/1/6,420.55,85.63,4.29,0.92,1.9,2.1,3.98
2004/1/7,423.88,86.2,4.27,0.94,1.9,2.1,3.98
2004/1/8,426.38,85.57,4.27,0.99,1.9,2.1,3.98
2004/1/9,426.38,85.11,4.11,0.99,1.9,2.1,3.98
2004/1/10,426.38,85.11,4.11,0.99,1.9,2.1,3.98
2004/1/11,424.45,85.11,4.11,0.99,1.9,2.1,3.98
2004/1/12,424.15,85.55,4.11,1,1.9,2.1,3.98
2004/1/13,419.95,85.51,4.05,0.99,1.9,2.1,3.98
2004/1/14,408.88,86.03,4.01,1.01,1.9,2.1,3.98
2004/1/15,406.75,86.56,3.99,1.04,1.9,2.1,3.98
2004/1/16,406.75,87.73,4.04,0.98,1.9,2.1,3.98
2004/1/17,406.75,87.73,4.04,0.98,1.9,2.1,3.98
2004/1/18,407.25,87.73,4.04,0.98,1.9,2.1,3.98
2004/1/19,412.85,87.66,4.04,0.98,1.9,2.1,3.98
2004/1/20,410.55,86.71,4.08,1.02,1.9,2.1,3.98
2004/1/21,409.35,86.36,4.05,1,1.9,2.1,3.98
2004/1/22,408.08,85.82,3.99,1.02,1.9,2.1,3.98
2004/1/23,408.08,86.56,4.09,1,1.9,2.1,3.98
2004/1/24,408.08,86.56,4.09,1,1.9,2.1,3.98
2004/1/25,404.05,86.56,4.09,1,1.9,2.1,3.98
2004/1/26,410.35,87.25,4.16,1.08,1.9,2.1,3.98
2004/1/27,410.35,86.28,4.11,1.02,1.9,2.1,3.98
2004/1/28,399.35,86.97,4.22,0.99,1.9,2.2,3.98
2004/1/29,402.45,87.58,4.22,1,1.9,2.2,3.98
2004/1/30,402.45,87.2,4.16,1.03,1.9,2.2,3.98
2004/1/31,402.45,87.2,4.16,1.03,1.9,2.2,3.98
2004/2/1,398.35,87.2,4.16,1.03,1.9,2.2,3.98
2004/2/2,399.65,87.53,4.18,1.01,1.9,2.2,3.98
2004/2/3,400.75,86.79,4.13,0.97,1.9,2.2,3.98
2004/2/4,396.95,86.84,4.15,1,1.9,2.2,3.98
2004/2/5,403.35,86.9,4.2,1.01,1.9,2.2,3.98
2004/2/6,403.35,86.02,4.12,0.99,1.9,2.2,3.98
2004/2/7,403.35,86.02,4.12,0.99,1.9,2.2,3.98
2004/2/8,406.75,86.02,4.12,0.99,1.9,2.2,3.98
2004/2/9,406.35,86,4.09,1.01,1.9,2.2,3.98
2004/2/10,411.15,85.84,4.13,1,1.9,2.2,3.98
2004/2/11,411.85,85.2,4.05,1,1.9,2.2,3.98
2004/2/12,410.15,85.29,4.1,1.02,1.9,2.2,3.98
2004/2/13,410.15,85.56,4.05,1.01,1.9,2.2,3.98
2004/2/14,410.15,85.56,4.05,1.01,1.9,2.2,3.98
2004/2/15,411.65,85.56,4.05,1.01,1.9,2.2,3.98
2004/2/16,415.55,85.47,4.05,1.01,1.9,2.2,3.98
2004/2/17,410.95,85.02,4.05,1.02,1.9,2.2,3.98
2004/2/18,409.98,85.88,4.05,1,1.9,2.2,3.98
2004/2/19,397.55,85.95,4.05,1,1.9,2.2,3.98
2004/2/20,397.55,87.24,4.1,0.99,1.9,2.2,3.98
2004/2/21,397.55,87.24,4.1,0.99,1.9,2.2,3.98
2004/2/22,398.65,87.24,4.1,0.99,1.9,2.2,3.98
2004/2/23,403.85,87.04,4.05,1,1.9,2.2,3.98
2004/2/24,396.05,86.14,4.04,0.99,1.9,2.2,3.98
2004/2/25,395.05,87.25,4.02,1.02,1.9,2.2,3.98
2004/2/26,396.15,87.68,4.05,1.03,1.9,2.2,3.98
2004/2/27,396.15,87.31,3.99,1.04,1.9,2.2,3.98
2004/2/28,396.15,87.31,3.99,1.04,1.7,2,3.98
2004/2/29,399.55,87.31,3.99,1.04,1.7,2,3.98
2004/3/1,393.05,87.52,4,1.04,1.7,2,3.98
2004/3/2,393.35,88.83,4.05,1,1.7,2,3.98
2004/3/3,393.05,89.03,4.07,1,1.7,2,3.98
2004/3/4,401.25,89.14,4.04,0.99,1.7,2,3.98
2004/3/5,401.25,88.18,3.85,1,1.7,2,3.98
2004/3/6,401.25,88.18,3.85,1,1.7,2,3.98
2004/3/7,401.45,88.18,3.85,1,1.7,2,3.98
2004/3/8,402.75,88,3.78,1,1.7,2,3.98
2004/3/9,400.15,88.29,3.73,0.99,1.7,2,3.98
2004/3/10,402.92,88.95,3.74,1,1.7,2,3.98
2004/3/11,395.25,88.51,3.74,1.01,1.7,2,3.98
2004/3/12,395.25,89.12,3.78,0.99,1.7,2,3.98
2004/3/13,395.25,89.12,3.78,0.99,1.7,2,3.98
2004/3/14,399.48,89.12,3.78,0.99,1.7,2,3.98
2004/3/15,402.25,88.81,3.78,1.05,1.7,2,3.98
2004/3/16,407.35,88.59,3.7,0.99,1.7,2,3.98
2004/3/17,411.35,88.65,3.71,1,1.7,2,3.98
2004/3/18,412.35,87.7,3.76,1,1.7,2,3.98
2004/3/19,412.35,88.16,3.8,0.99,1.7,2,3.98
2004/3/20,412.35,88.16,3.8,0.99,1.7,2,3.98
2004/3/21,417.25,88.16,3.8,0.99,1.7,2,3.98
2004/3/22,419.75,87.81,3.74,1.01,1.7,2,3.98
2004/3/23,415.55,87.85,3.73,0.99,1.7,2,3.98
2004/3/24,416.25,88.93,3.73,0.99,1.7,2,3.98
2004/3/25,422.35,88.9,3.75,1.02,1.7,2,3.98
2004/3/26,422.35,88.89,3.85,1,1.7,2,3.98
2004/3/27,422.35,88.89,3.85,1,1.7,2,3.98
2004/3/28,417.85,88.89,3.85,1,1.7,1.9,3.45
2004/3/29,420.85,88.63,3.91,1,1.7,1.9,3.45
2004/3/30,426.45,88.43,3.91,0.98,1.7,1.9,3.45
2004/3/31,425.9,87.61,3.86,1.05,1.7,1.9,3.45
2004/4/1,420.65,87.21,3.91,1.03,1.7,1.9,3.45
2004/4/2,420.65,88.51,4.15,1,1.7,1.9,3.45
2004/4/3,420.65,88.51,4.15,1,1.7,1.9,3.45
2004/4/4,415.65,88.51,4.15,1,1.7,1.9,3.45
2004/4/5,419.45,89.22,4.24,1.01,1.7,1.9,3.45
2004/4/6,423.05,88.75,4.19,1,1.7,1.9,3.45
2004/4/7,420.05,88.27,4.19,1,1.7,1.9,3.45
2004/4/8,420.05,89.02,4.21,1.02,1.7,1.9,3.45
2004/4/9,420.05,89.02,4.21,1.01,1.7,1.9,3.45
2004/4/10,420.05,89.02,4.21,1.01,1.7,1.9,3.45
2004/4/11,418.65,89.02,4.21,1.01,1.7,1.9,3.45
2004/4/12,406.65,88.95,4.25,1,1.7,1.9,3.45
2004/4/13,400.55,89.83,4.35,1,1.7,1.9,3.45
2004/4/14,399.35,90.24,4.4,1.01,1.7,1.9,3.45
2004/4/15,400.55,90.06,4.42,1.03,1.7,1.9,3.45
2004/4/16,400.55,89.94,4.37,0.99,1.7,1.9,3.45
2004/4/17,400.55,89.94,4.37,0.99,1.7,1.9,3.45
2004/4/18,401.05,89.94,4.37,0.99,1.7,1.9,3.45
2004/4/19,394.85,89.8,4.39,1,1.7,1.9,3.45
2004/4/20,390.05,90.49,4.43,0.99,1.7,1.9,3.45
2004/4/21,392.95,91.12,4.45,0.99,1.7,1.9,3.45
2004/4/22,395.05,90.82,4.4,1,1.7,1.9,3.45
2004/4/23,395.05,91.08,4.48,0.99,1.7,1.9,3.45
2004/4/24,395.05,91.08,4.48,0.99,1.7,1.9,3.45
2004/4/25,396.35,91.08,4.48,0.99,1.7,1.9,3.45
2004/4/26,398.75,90.62,4.46,1.01,1.7,1.9,3.45
2004/4/27,385.65,90.41,4.43,0.99,1.7,1.9,3.45
2004/4/28,387.85,91.17,4.5,1.01,2.3,2.3,3.45
2004/4/29,386.75,90.57,4.55,1.03,2.3,2.3,3.45
2004/4/30,386.75,90.48,4.53,1.03,2.3,2.3,3.45
2004/5/1,386.75,90.48,4.53,1.03,2.3,2.3,3.45
2004/5/2,387.15,90.48,4.53,1.03,2.3,2.3,3.45
2004/5/3,392.65,90.76,4.53,1.03,2.3,2.3,3.45
2004/5/4,393.25,89.81,4.56,1,2.3,2.3,3.45
2004/5/5,387.75,89.31,4.61,0.99,2.3,2.3,3.45
2004/5/6,378.75,89.88,4.63,1,2.3,2.3,3.45
2004/5/7,378.75,91.13,4.79,0.99,2.3,2.3,3.45
2004/5/8,378.75,91.13,4.79,0.99,2.3,2.3,3.45
2004/5/9,378.75,91.13,4.79,0.99,2.3,2.3,3.45
2004/5/10,377.85,91.56,4.81,1,2.3,2.3,3.45
2004/5/11,378.13,91.66,4.79,0.96,2.3,2.3,3.45
2004/5/12,374.85,91.29,4.83,0.98,2.3,2.3,3.45
2004/5/13,376.65,91.96,4.85,1,2.3,2.3,3.45
2004/5/14,376.65,91.66,4.79,1.02,2.3,2.3,3.45
2004/5/15,376.65,91.66,4.79,1.02,2.3,2.3,3.45
2004/5/16,379.15,91.66,4.79,1.02,2.3,2.3,3.45
2004/5/17,377.15,91,4.7,1.05,2.3,2.3,3.45
2004/5/18,382.45,91.25,4.74,1,2.3,2.3,3.45
2004/5/19,379.65,90.53,4.79,1,2.3,2.3,3.45
2004/5/20,384.35,91.03,4.72,1,2.3,2.3,3.45
2004/5/21,384.35,90.49,4.76,0.99,2.3,2.3,3.45
2004/5/22,384.35,90.49,4.76,0.99,2.3,2.3,3.45
2004/5/23,385.55,90.49,4.76,0.99,2.3,2.3,3.45
2004/5/24,388.65,90.48,4.75,1,2.3,2.3,3.45
2004/5/25,388.75,89.84,4.73,1,2.3,2.3,3.45
2004/5/26,394.75,89.72,4.67,0.99,2.3,2.3,3.45
2004/5/27,393.35,88.67,4.6,1,2.3,2.3,3.45
2004/5/28,393.35,88.95,4.66,1.02,3.1,2.7,3.45
2004/5/29,393.35,88.95,4.66,1.02,3.1,2.7,3.45
2004/5/30,395.55,88.95,4.66,1.02,3.1,2.7,3.45
2004/5/31,394.65,88.95,4.66,1.02,3.1,2.7,3.45
2004/6/1,391.55,88.88,4.71,1.02,3.1,2.7,3.45
2004/6/2,388.35,88.84,4.74,0.98,3.1,2.7,3.45
2004/6/3,389.95,88.95,4.71,0.99,3.1,2.7,3.45
2004/6/4,389.95,88.54,4.78,0.99,3.1,2.7,3.45
2004/6/5,389.95,88.54,4.78,0.99,3.1,2.7,3.45
2004/6/6,393.75,88.54,4.78,0.99,3.1,2.7,3.45
2004/6/7,391.35,88.25,4.78,0.99,3.1,2.7,3.45
2004/6/8,384.65,88.51,4.78,0.97,3.1,2.7,3.45
2004/6/9,386.05,89.73,4.82,0.99,3.1,2.7,3.45
2004/6/10,384.55,89.25,4.81,1,3.1,2.7,3.45
2004/6/11,384.55,90.01,4.81,1,3.1,2.7,3.45
2004/6/12,384.55,90.01,4.81,1,3.1,2.7,3.45
2004/6/13,383.55,90.01,4.81,1,3.1,2.7,3.45
2004/6/14,389.05,89.94,4.89,1.02,3.1,2.7,3.45
2004/6/15,384.65,89.09,4.69,1.03,3.1,2.7,3.45
2004/6/16,388.88,90.04,4.74,1,3.1,2.7,3.45
2004/6/17,394.85,89.6,4.71,1.01,3.1,2.7,3.45
2004/6/18,394.85,89.08,4.72,1,3.1,2.7,3.45
2004/6/19,394.85,89.08,4.72,1,3.1,2.7,3.45
2004/6/20,393.85,89.08,4.72,1,3.1,2.7,3.45
2004/6/21,394.95,89.29,4.7,1,3.1,2.7,3.45
2004/6/22,395.75,89.43,4.72,1,3.1,2.7,3.45
2004/6/23,402.15,89.42,4.71,1.02,3.1,2.7,3.45
2004/6/24,401.55,88.75,4.66,1.03,3.1,2.7,3.45
2004/6/25,401.55,88.88,4.66,1.05,3.1,2.7,3.45
2004/6/26,401.55,88.88,4.66,1.05,3.1,2.7,3.45
2004/6/27,400.88,88.88,4.66,1.05,3.1,2.7,3.45
2004/6/28,392.55,88.72,4.76,1.09,3.3,2.9,3.87
2004/6/29,394.25,89.41,4.7,1.13,3.3,2.9,3.87
2004/6/30,395.95,88.8,4.62,1.38,3.3,2.9,3.87
2004/7/1,397.95,88.79,4.57,1.4,3.3,2.9,3.87
2004/7/2,397.95,87.97,4.48,1.25,3.3,2.9,3.87
2004/7/3,397.95,87.97,4.48,1.25,3.3,2.9,3.87
2004/7/4,398.25,87.97,4.48,1.25,3.3,2.9,3.87
2004/7/5,392.75,88.23,4.48,1.25,3.3,2.9,3.87
2004/7/6,402.45,88.12,4.49,1.3,3.3,2.9,3.87
2004/7/7,407.95,87.65,4.5,1.26,3.3,2.9,3.87
2004/7/8,407.65,87.54,4.49,1.26,3.3,2.9,3.87
2004/7/9,407.65,87.42,4.49,1.24,3.3,2.9,3.87
2004/7/10,407.65,87.42,4.49,1.24,3.3,2.9,3.87
2004/7/11,407.95,87.42,4.49,1.24,3.3,2.9,3.87
2004/7/12,401.65,87.39,4.46,1.26,3.3,2.9,3.87
2004/7/13,405.45,87.82,4.5,1.24,3.3,2.9,3.87
2004/7/14,404.05,87.58,4.5,1.24,3.3,2.9,3.87
2004/7/15,406.65,87.99,4.5,1.3,3.3,2.9,3.87
2004/7/16,406.65,87.14,4.38,1.24,3.3,2.9,3.87
2004/7/17,406.65,87.14,4.38,1.24,3.3,2.9,3.87
2004/7/18,405.65,87.14,4.38,1.24,3.3,2.9,3.87
2004/7/19,400.15,87.18,4.38,1.25,3.3,2.9,3.87
2004/7/20,396.75,87.83,4.47,1.25,3.3,2.9,3.87
2004/7/21,395.05,88.56,4.5,1.25,3.3,2.9,3.87
2004/7/22,390.15,88.45,4.48,1.26,3.3,2.9,3.87
2004/7/23,390.15,89.26,4.45,1.25,3.3,2.9,3.87
2004/7/24,390.15,89.26,4.45,1.25,3.3,2.9,3.87
2004/7/25,388.95,89.26,4.45,1.25,3.3,2.9,3.87
2004/7/26,387.25,89.03,4.49,1.27,3.3,2.9,3.87
2004/7/27,387.85,89.79,4.62,1.27,3.3,2.9,3.87
2004/7/28,387.55,89.75,4.61,1.29,3,2.7,3.87
2004/7/29,391.05,89.95,4.6,1.3,3,2.7,3.87
2004/7/30,391.05,89.96,4.5,1.29,3,2.7,3.87
2004/7/31,391.05,89.96,4.5,1.29,3,2.7,3.87
2004/8/1,392.15,89.96,4.5,1.29,3,2.7,3.87
2004/8/2,394.05,89.75,4.48,1.28,3,2.7,3.87
2004/8/3,391.65,89.57,4.45,1.24,3,2.7,3.87
2004/8/4,392.85,89.68,4.45,1.22,3,2.7,3.87
2004/8/5,399.75,89.64,4.43,1.3,3,2.7,3.87
2004/8/6,399.75,88.36,4.24,1.32,3,2.7,3.87
2004/8/7,399.75,88.36,4.24,1.32,3,2.7,3.87
2004/8/8,400.25,88.36,4.24,1.32,3,2.7,3.87
2004/8/9,398.65,88.39,4.28,1.35,3,2.7,3.87
2004/8/10,395.45,88.79,4.32,1.43,3,2.7,3.87
2004/8/11,393.75,88.85,4.3,1.5,3,2.7,3.87
2004/8/12,398.95,88.69,4.27,1.51,3,2.7,3.87
2004/8/13,398.95,87.9,4.22,1.48,3,2.7,3.87
2004/8/14,398.95,87.9,4.22,1.48,3,2.7,3.87
2004/8/15,402.25,87.9,4.22,1.48,3,2.7,3.87
2004/8/16,405.05,87.96,4.26,1.43,3,2.7,3.87
2004/8/17,404.55,88.06,4.21,1.2,3,2.7,3.87
2004/8/18,406.65,88.08,4.23,1.39,3,2.7,3.87
2004/8/19,412.75,87.79,4.22,1.5,3,2.7,3.87
2004/8/20,412.75,88.12,4.24,1.5,3,2.7,3.87
2004/8/21,412.75,88.12,4.24,1.5,3,2.7,3.87
2004/8/22,409.95,88.12,4.24,1.5,3,2.7,3.87
2004/8/23,403.15,89.06,4.28,1.51,3,2.7,3.87
2004/8/24,406.55,89.46,4.28,1.51,3,2.7,3.87
2004/8/25,406.55,89.42,4.26,1.55,3,2.7,3.87
2004/8/26,403.25,89.3,4.22,1.55,3,2.7,3.87
2004/8/27,403.25,89.77,4.23,1.52,3,2.7,3.87
2004/8/28,403.25,89.77,4.23,1.52,2.7,2.4,3.87
2004/8/29,408.05,89.77,4.23,1.52,2.7,2.4,3.87
2004/8/30,409.85,89.69,4.19,1.54,2.7,2.4,3.87
2004/8/31,408.85,88.94,4.13,1.55,2.7,2.4,3.87
2004/9/1,406.35,88.87,4.13,1.53,2.7,2.4,3.87
2004/9/2,401.05,88.98,4.2,1.51,2.7,2.4,3.87
2004/9/3,401.05,89.63,4.3,1.48,2.7,2.4,3.87
2004/9/4,401.05,89.63,4.3,1.48,2.7,2.4,3.87
2004/9/5,402.55,89.63,4.3,1.48,2.7,2.4,3.87
2004/9/6,397.75,89.53,4.3,1.48,2.7,2.4,3.87
2004/9/7,399.65,89.23,4.26,1.54,2.7,2.4,3.87
2004/9/8,398.95,88.77,4.18,1.51,2.7,2.4,3.87
2004/9/9,402.75,88.83,4.22,1.49,2.7,2.4,3.87
2004/9/10,402.75,88.39,4.19,1.48,2.7,2.4,3.87
2004/9/11,402.75,88.39,4.19,1.48,2.7,2.4,3.87
2004/9/12,403.95,88.39,4.19,1.48,2.7,2.4,3.87
2004/9/13,405.42,88.55,4.16,1.51,2.7,2.4,3.87
2004/9/14,405.15,88.46,4.15,1.4,2.7,2.4,3.87
2004/9/15,404.52,89.15,4.18,1.57,2.7,2.4,3.87
2004/9/16,405.65,88.79,4.08,1.61,2.7,2.4,3.87
2004/9/17,405.65,88.91,4.14,1.58,2.7,2.4,3.87
2004/9/18,405.65,88.91,4.14,1.58,2.7,2.4,3.87
2004/9/19,405.05,88.91,4.14,1.58,2.7,2.4,3.87
2004/9/20,409.25,88.99,4.07,1.64,2.7,2.4,3.87
2004/9/21,407.35,88.13,4.05,1.7,2.7,2.4,3.87
2004/9/22,410.13,88.51,4,1.78,2.7,2.4,3.87
2004/9/23,407.83,88.44,4.02,1.8,2.7,2.4,3.87
2004/9/24,407.83,88.4,4.04,1.76,2.7,2.4,3.87
2004/9/25,407.83,88.4,4.04,1.76,2.7,2.4,3.87
2004/9/26,408.63,88.4,4.04,1.76,2.7,2.4,3.87
2004/9/27,412.25,88.29,4.01,1.76,2.7,2.4,3.87
2004/9/28,412.95,88.11,4.02,1.72,2.5,2.3,4.19
2004/9/29,418.25,88.1,4.1,1.76,2.5,2.3,4.19
2004/9/30,419.47,87.36,4.14,1.94,2.5,2.3,4.19
2004/10/1,419.47,87.63,4.21,1.86,2.5,2.3,4.19
2004/10/2,419.47,87.63,4.21,1.86,2.5,2.3,4.19
2004/10/3,414.05,87.63,4.21,1.86,2.5,2.3,4.19
2004/10/4,418.75,88.38,4.19,1.77,2.5,2.3,4.19
2004/10/5,417.88,88.17,4.18,1.73,2.5,2.3,4.19
2004/10/6,417.65,88.48,4.23,1.74,2.5,2.3,4.19
2004/10/7,422.78,88.34,4.26,1.76,2.5,2.3,4.19
2004/10/8,422.78,87.45,4.15,1.71,2.5,2.3,4.19
2004/10/9,422.78,87.45,4.15,1.71,2.5,2.3,4.19
2004/10/10,422.05,87.45,4.15,1.71,2.5,2.3,4.19
2004/10/11,415.25,87.54,4.15,1.71,2.5,2.3,4.19
2004/10/12,416.25,88.02,4.12,1.78,2.5,2.3,4.19
2004/10/13,417.75,87.88,4.09,1.73,2.5,2.3,4.19
2004/10/14,418.8,87.55,4.03,1.77,2.5,2.3,4.19
2004/10/15,418.8,87.09,4.07,1.79,2.5,2.3,4.19
2004/10/16,418.8,87.09,4.07,1.79,2.5,2.3,4.19
2004/10/17,416.25,87.09,4.07,1.79,2.5,2.3,4.19
2004/10/18,419.85,87.02,4.07,1.73,2.5,2.3,4.19
2004/10/19,424.13,86.84,4.07,1.72,2.5,2.3,4.19
2004/10/20,423.75,86.35,4.01,1.74,2.5,2.3,4.19
2004/10/21,424.23,86.02,4.01,1.76,2.5,2.3,4.19
2004/10/22,424.23,85.87,4,1.72,2.5,2.3,4.19
2004/10/23,424.23,85.87,4,1.72,2.5,2.3,4.19
2004/10/24,428.45,85.87,4,1.72,2.5,2.3,4.19
2004/10/25,426.85,84.97,3.99,1.76,2.5,2.3,4.19
2004/10/26,424.25,85.21,4.01,1.72,2.5,2.3,4.19
2004/10/27,424.35,85.44,4.11,1.77,2.5,2.3,4.19
2004/10/28,428.55,85.28,4.09,1.79,3.2,2.7,4.19
2004/10/29,428.55,84.91,4.05,1.79,3.2,2.7,4.19
2004/10/30,428.55,84.91,4.05,1.79,3.2,2.7,4.19
2004/10/31,427.55,84.91,4.05,1.79,3.2,2.7,4.19
2004/11/1,421.55,85.2,4.11,1.83,3.2,2.7,4.19
2004/11/2,426.85,85.47,4.1,1.74,3.2,2.7,4.19
2004/11/3,429.55,84.7,4.09,1.73,3.2,2.7,4.19
2004/11/4,433.55,84.54,4.1,1.77,3.2,2.7,4.19
2004/11/5,433.55,84.01,4.21,1.76,3.2,2.7,4.19
2004/11/6,433.55,84.01,4.21,1.76,3.2,2.7,4.19
2004/11/7,431.95,84.01,4.21,1.76,3.2,2.7,4.19
2004/11/8,435.15,84.09,4.22,1.8,3.2,2.7,4.19
2004/11/9,434.55,84.29,4.22,1.79,3.2,2.7,4.19
2004/11/10,434.88,84.43,4.25,1.92,3.2,2.7,4.19
2004/11/11,437.85,84.37,4.25,1.92,3.2,2.7,4.19
2004/11/12,437.85,83.69,4.2,2.02,3.2,2.7,4.19
2004/11/13,437.85,83.69,4.2,2.02,3.2,2.7,4.19
2004/11/14,436.75,83.69,4.2,2.02,3.2,2.7,4.19
2004/11/15,439.45,84,4.2,2.06,3.2,2.7,4.19
2004/11/16,444.65,83.8,4.21,1.98,3.2,2.7,4.19
2004/11/17,442.95,83.29,4.14,1.99,3.2,2.7,4.19
2004/11/18,447.05,83.69,4.12,1.99,3.2,2.7,4.19
2004/11/19,447.05,83.31,4.2,1.99,3.2,2.7,4.19
2004/11/20,447.05,83.31,4.2,1.99,3.2,2.7,4.19
2004/11/21,448.94,83.31,4.2,1.99,3.2,2.7,4.19
2004/11/22,447.05,83.19,4.18,2.01,3.2,2.7,4.19
2004/11/23,449.55,82.97,4.19,2,3.2,2.7,4.19
2004/11/24,451.69,82.41,4.2,2.02,3.2,2.7,4.19
2004/11/25,451.95,82.18,4.2,2.02,3.2,2.7,4.19
2004/11/26,451.95,81.78,4.24,2.01,3.2,2.7,4.19
2004/11/27,451.95,81.78,4.24,2.01,3.2,2.7,4.19
2004/11/28,453.95,81.78,4.24,2.01,3.5,3,4.19
2004/11/29,450.95,81.93,4.34,2.03,3.5,3,4.19
2004/11/30,454.75,81.82,4.36,2.02,3.5,3,4.19
2004/12/1,449.25,81.56,4.38,2.04,3.5,3,4.19
2004/12/2,455.9,81.95,4.4,2,3.5,3,4.19
2004/12/3,455.9,80.98,4.27,1.98,3.5,3,4.19
2004/12/4,455.9,80.98,4.27,1.98,3.5,3,4.19
2004/12/5,452.25,80.98,4.27,1.98,3.5,3,4.19
2004/12/6,450.9,81.28,4.24,2.04,3.5,3,4.19
2004/12/7,440.6,81.24,4.23,1.99,3.5,3,4.19
2004/12/8,437.3,81.9,4.14,2.01,3.5,3,4.19
2004/12/9,434.2,82.03,4.19,2.05,3.5,3,4.19
2004/12/10,434.2,82.55,4.16,2.09,3.5,3,4.19
2004/12/11,434.2,82.55,4.16,2.09,3.5,3,4.19
2004/12/12,438.85,82.55,4.16,2.09,3.5,3,4.19
2004/12/13,435.6,82.1,4.16,2.18,3.5,3,4.19
2004/12/14,440.6,82.32,4.14,2.24,3.5,3,4.19
2004/12/15,437.2,81.63,4.09,2.31,3.5,3,4.19
2004/12/16,441.5,82.5,4.19,2.26,3.5,3,4.19
2004/12/17,441.5,82.16,4.21,2.23,3.5,3,4.19
2004/12/18,441.5,82.16,4.21,2.23,3.5,3,4.19
2004/12/19,442.99,82.16,4.21,2.23,3.5,3,4.19
2004/12/20,441.6,81.67,4.21,2.26,3.5,3,4.19
2004/12/21,439.7,81.94,4.18,2.24,3.5,3,4.19
2004/12/22,442.24,81.93,4.21,2.25,3.5,3,4.19
2004/12/23,442.65,81.34,4.23,2.34,3.5,3,4.19
2004/12/24,442.65,81.22,4.23,2.27,3.5,3,4.19
2004/12/25,442.65,81.22,4.23,2.27,3.5,3,4.19
2004/12/26,444.35,81.22,4.23,2.27,3.5,3,4.19
2004/12/27,443.75,80.72,4.3,2.24,3.5,3,4.19
2004/12/28,436.45,80.72,4.31,2.24,3.3,2.8,4.67
2004/12/29,437.99,80.97,4.33,2.23,3.3,2.8,4.67
2004/12/30,438.45,80.53,4.27,2.24,3.3,2.8,4.67
2004/12/31,438.45,80.85,4.24,1.97,3.3,2.8,4.67
2005/1/1,438.45,80.85,4.24,1.97,3.3,2.8,4.67
2005/1/2,429.55,80.85,4.24,1.97,3.3,2.8,4.67
2005/1/3,427.55,81.3,4.23,2.31,3.3,2.8,4.67
2005/1/4,426.55,82.57,4.29,2.25,3.3,2.8,4.67
2005/1/5,421.4,82.54,4.29,2.25,3.3,2.8,4.67
2005/1/6,419.05,83.15,4.29,2.25,3.3,2.8,4.67
2005/1/7,419.05,83.61,4.29,2.24,3.3,2.8,4.67
2005/1/8,419.05,83.61,4.29,2.24,3.3,2.8,4.67
2005/1/9,419.63,83.61,4.29,2.24,3.3,2.8,4.67
2005/1/10,421.65,83.29,4.29,2.26,3.3,2.8,4.67
2005/1/11,426.15,83.02,4.26,2.24,3.3,2.8,4.67
2005/1/12,425.2,82.14,4.25,2.25,3.3,2.8,4.67
2005/1/13,423.15,82.51,4.2,2.29,3.3,2.8,4.67
2005/1/14,423.15,83.06,4.23,2.29,3.3,2.8,4.67
2005/1/15,423.15,83.06,4.23,2.29,3.3,2.8,4.67
2005/1/16,422.13,83.06,4.23,2.29,3.3,2.8,4.67
2005/1/17,423.05,83.06,4.23,2.29,3.3,2.8,4.67
2005/1/18,423.15,83.36,4.21,2.31,3.3,2.8,4.67
2005/1/19,422.35,83.6,4.2,2.19,3.3,2.8,4.67
2005/1/20,427.25,83.84,4.17,2.25,3.3,2.8,4.67
2005/1/21,427.25,83.26,4.16,2.26,3.3,2.8,4.67
2005/1/22,427.25,83.26,4.16,2.26,3.3,2.8,4.67
2005/1/23,427.35,83.26,4.16,2.26,3.3,2.8,4.67
2005/1/24,422.2,83.24,4.14,2.26,3.3,2.8,4.67
2005/1/25,426.8,83.99,4.2,2.29,3.3,2.8,4.67
2005/1/26,426.2,83.3,4.21,2.33,3.3,2.8,4.67
2005/1/27,427,83.43,4.22,2.39,3.3,2.8,4.67
2005/1/28,427,83.48,4.16,2.48,3,2.5,4.67
2005/1/29,427,83.48,4.16,2.48,3,2.5,4.67
2005/1/30,422.6,83.48,4.16,2.48,3,2.5,4.67
2005/1/31,421.13,83.6,4.14,2.5,3,2.5,4.67
2005/2/1,421.96,83.45,4.15,2.4,3,2.5,4.67
2005/2/2,417.2,83.52,4.15,2.29,3,2.5,4.67
2005/2/3,414.7,83.97,4.18,2.49,3,2.5,4.67
2005/2/4,414.7,84.39,4.09,2.51,3,2.5,4.67
2005/2/5,414.7,84.39,4.09,2.51,3,2.5,4.67
2005/2/6,413.4,84.39,4.09,2.51,3,2.5,4.67
2005/2/7,412.7,85.04,4.07,2.5,3,2.5,4.67
2005/2/8,413.35,85.1,4.05,2.48,3,2.5,4.67
2005/2/9,417.8,85.02,4,2.5,3,2.5,4.67
2005/2/10,420.9,84.54,4.07,2.51,3,2.5,4.67
2005/2/11,420.9,84.57,4.1,2.5,3,2.5,4.67
2005/2/12,420.9,84.57,4.1,2.5,3,2.5,4.67
2005/2/13,425.75,84.57,4.1,2.5,3,2.5,4.67
2005/2/14,425.75,83.96,4.08,2.51,3,2.5,4.67
2005/2/15,425.2,83.59,4.1,2.53,3,2.5,4.67
2005/2/16,427.17,83.67,4.16,2.48,3,2.5,4.67
2005/2/17,427.41,83.47,4.19,2.5,3,2.5,4.67
2005/2/18,427.41,83.49,4.27,2.51,3,2.5,4.67
2005/2/19,427.41,83.49,4.27,2.51,3,2.5,4.67
2005/2/20,427.45,83.49,4.27,2.51,3,2.5,4.67
2005/2/21,435.85,83.55,4.27,2.51,3,2.5,4.67
2005/2/22,434.55,82.41,4.29,2.57,3,2.5,4.67
2005/2/23,433.75,82.68,4.27,2.53,3,2.5,4.67
2005/2/24,435.25,82.88,4.29,2.55,3,2.5,4.67
2005/2/25,435.25,82.66,4.27,2.54,3,2.5,4.67
2005/2/26,435.25,82.66,4.27,2.54,3,2.5,4.67
2005/2/27,435.65,82.66,4.27,2.54,3,2.5,4.67
2005/2/28,432.6,82.51,4.36,2.52,3,2.6,4.67
2005/3/1,432.95,82.77,4.38,2.39,3,2.6,4.67
2005/3/2,429.65,83.08,4.38,2.48,3,2.6,4.67
2005/3/3,434.3,83.28,4.39,2.51,3,2.6,4.67
2005/3/4,434.3,82.54,4.32,2.5,3,2.6,4.67
2005/3/5,434.3,82.54,4.32,2.5,3,2.6,4.67
2005/3/6,434.55,82.54,4.32,2.5,3,2.6,4.67
2005/3/7,440.55,82.79,4.31,2.51,3,2.6,4.67
2005/3/8,440.6,81.98,4.38,2.49,3,2.6,4.67
2005/3/9,442.13,81.63,4.52,2.5,3,2.6,4.67
2005/3/10,444.95,81.57,4.48,2.52,3,2.6,4.67
2005/3/11,444.95,81.42,4.56,2.51,3,2.6,4.67
2005/3/12,444.95,81.42,4.56,2.51,3,2.6,4.67
2005/3/13,440.97,81.42,4.56,2.51,3,2.6,4.67
2005/3/14,440.7,81.97,4.52,2.59,3,2.6,4.67
2005/3/15,443.15,82.12,4.54,2.61,3,2.6,4.67
2005/3/16,438.8,81.62,4.52,2.57,3,2.6,4.67
2005/3/17,439.35,81.84,4.47,2.68,3,2.6,4.67
2005/3/18,439.35,82.13,4.51,2.7,3,2.6,4.67
2005/3/19,439.35,82.13,4.51,2.7,3,2.6,4.67
2005/3/20,431.2,82.13,4.51,2.7,3,2.6,4.67
2005/3/21,427.11,82.88,4.53,2.71,3,2.6,4.67
2005/3/22,425.35,83.36,4.63,2.72,3,2.6,4.67
2005/3/23,425.05,84,4.61,2.73,3,2.6,4.67
2005/3/24,424.88,84.13,4.6,2.75,3,2.6,4.67
2005/3/25,424.88,84.13,4.6,2.8,3,2.6,4.67
2005/3/26,424.88,84.13,4.6,2.8,3,2.6,4.67
2005/3/27,426.2,84.13,4.6,2.8,3,2.6,4.67
2005/3/28,426.1,84.62,4.64,2.79,3.1,2.7,4.05
2005/3/29,426.35,84.32,4.6,2.72,3.1,2.7,4.05
2005/3/30,428.35,84.29,4.56,2.74,3.1,2.7,4.05
2005/3/31,426.25,84.06,4.5,2.96,3.1,2.7,4.05
2005/4/1,426.25,84.43,4.46,2.83,3.1,2.7,4.05
2005/4/2,426.25,84.43,4.46,2.83,3.1,2.7,4.05
2005/4/3,424.25,84.43,4.46,2.83,3.1,2.7,4.05
2005/4/4,425.35,84.78,4.47,2.78,3.1,2.7,4.05
2005/4/5,426.7,84.66,4.48,2.72,3.1,2.7,4.05
2005/4/6,425.9,84.68,4.44,2.73,3.1,2.7,4.05
2005/4/7,427.1,84.87,4.49,2.76,3.1,2.7,4.05
2005/4/8,427.1,84.47,4.5,2.75,3.1,2.7,4.05
2005/4/9,427.1,84.47,4.5,2.75,3.1,2.7,4.05
2005/4/10,428,84.47,4.5,2.75,3.1,2.7,4.05
2005/4/11,428.2,84.16,4.45,2.78,3.1,2.7,4.05
2005/4/12,428.9,84.42,4.38,2.77,3.1,2.7,4.05
2005/4/13,424,84.42,4.38,2.76,3.1,2.7,4.05
2005/4/14,424.9,85,4.37,2.79,3.1,2.7,4.05
2005/4/15,424.9,84.56,4.27,2.82,3.1,2.7,4.05
2005/4/16,424.9,84.56,4.27,2.82,3.1,2.7,4.05
2005/4/17,427.35,84.56,4.27,2.82,3.1,2.7,4.05
2005/4/18,434,84,4.27,2.75,3.1,2.7,4.05
2005/4/19,434.6,83.76,4.21,2.74,3.1,2.7,4.05
2005/4/20,432.57,83.52,4.22,2.74,3.1,2.7,4.05
2005/4/21,434.6,83.7,4.32,2.75,3.1,2.7,4.05
2005/4/22,434.6,83.5,4.26,2.74,3.1,2.7,4.05
2005/4/23,434.6,83.5,4.26,2.74,3.1,2.7,4.05
2005/4/24,434.7,83.5,4.26,2.74,3.1,2.7,4.05
2005/4/25,437.1,83.82,4.26,2.82,3.1,2.7,4.05
2005/4/26,432.46,83.96,4.28,2.78,3.1,2.7,4.05
2005/4/27,431.4,84.12,4.25,2.63,3.1,2.7,4.05
2005/4/28,434.39,84.35,4.19,2.89,3.5,2.8,4.05
2005/4/29,434.39,84.43,4.21,2.97,3.5,2.8,4.05
2005/4/30,434.39,84.43,4.21,2.97,3.5,2.8,4.05
2005/5/1,429.8,84.43,4.21,2.97,3.5,2.8,4.05
2005/5/2,427.9,84.49,4.21,2.98,3.5,2.8,4.05
2005/5/3,429.8,84.51,4.21,2.95,3.5,2.8,4.05
2005/5/4,430.4,84,4.2,2.99,3.5,2.8,4.05
2005/5/5,426.2,83.94,4.19,2.99,3.5,2.8,4.05
2005/5/6,426.2,84.61,4.28,2.98,3.5,2.8,4.05
2005/5/7,426.2,84.61,4.28,2.98,3.5,2.8,4.05
2005/5/8,426.1,84.61,4.28,2.98,3.5,2.8,4.05
2005/5/9,426.6,84.64,4.29,2.99,3.5,2.8,4.05
2005/5/10,427.4,84.45,4.23,2.99,3.5,2.8,4.05
2005/5/11,422.4,84.94,4.21,2.99,3.5,2.8,4.05
2005/5/12,420.4,85.49,4.18,3.01,3.5,2.8,4.05
2005/5/13,420.4,86.1,4.12,3.01,3.5,2.8,4.05
2005/5/14,420.4,86.1,4.12,3.01,3.5,2.8,4.05
2005/5/15,419.75,86.1,4.12,3.01,3.5,2.8,4.05
2005/5/16,418.75,86.12,4.13,3.06,3.5,2.8,4.05
2005/5/17,421.75,86.21,4.12,2.99,3.5,2.8,4.05
2005/5/18,420.6,85.82,4.07,3,3.5,2.8,4.05
2005/5/19,417.65,86.09,4.11,3.02,3.5,2.8,4.05
2005/5/20,417.65,86.63,4.13,3.01,3.5,2.8,4.05
2005/5/21,417.65,86.63,4.13,3.01,3.5,2.8,4.05
2005/5/22,417.55,86.63,4.13,3.01,3.5,2.8,4.05
2005/5/23,418.35,86.4,4.07,3.01,3.5,2.8,4.05
2005/5/24,419.55,86.37,4.04,2.99,3.5,2.8,4.05
2005/5/25,417.8,86.35,4.08,3.01,3.5,2.8,4.05
2005/5/26,420.45,86.85,4.08,3.01,3.5,2.8,4.05
2005/5/27,420.45,86.42,4.08,3.01,3.5,2.8,4.05
2005/5/28,420.45,86.42,4.08,3.01,2.8,2.6,4.05
2005/5/29,418.55,86.42,4.08,3.01,2.8,2.6,4.05
2005/5/30,417.25,86.42,4.08,3.01,2.8,2.6,4.05
2005/5/31,415.4,87.76,4,3.09,2.8,2.6,4.05
2005/6/1,421.8,88.11,3.91,3.02,2.8,2.6,4.05
2005/6/2,422.45,87.75,3.89,3,2.8,2.6,4.05
2005/6/3,422.45,88.04,3.98,2.99,2.8,2.6,4.05
2005/6/4,422.45,88.04,3.98,2.99,2.8,2.6,4.05
2005/6/5,425.95,88.04,3.98,2.99,2.8,2.6,4.05
2005/6/6,424.75,87.6,3.96,3,2.8,2.6,4.05
2005/6/7,423.15,87.49,3.92,2.96,2.8,2.6,4.05
2005/6/8,423.7,87.88,3.95,2.96,2.8,2.6,4.05
2005/6/9,427.05,88.07,3.98,3.01,2.8,2.6,4.05
2005/6/10,427.05,88.69,4.05,3.01,2.8,2.6,4.05
2005/6/11,427.05,88.69,4.05,3.01,2.8,2.6,4.05
2005/6/12,428.9,88.69,4.05,3.01,2.8,2.6,4.05
2005/6/13,426.85,88.95,4.09,3.04,2.8,2.6,4.05
2005/6/14,428.9,89.26,4.13,3.01,2.8,2.6,4.05
2005/6/15,435.65,88.65,4.12,3.05,2.8,2.6,4.05
2005/6/16,437.65,88.72,4.09,3,2.8,2.6,4.05
2005/6/17,437.65,87.73,4.09,2.99,2.8,2.6,4.05
2005/6/18,437.65,87.73,4.09,2.99,2.8,2.6,4.05
2005/6/19,437.9,87.73,4.09,2.99,2.8,2.6,4.05
2005/6/20,438.6,88.49,4.11,3.01,2.8,2.6,4.05
2005/6/21,438.15,88.18,4.06,2.96,2.8,2.6,4.05
2005/6/22,441.3,88.56,3.95,2.93,2.8,2.6,4.05
2005/6/23,439.95,89.12,3.96,3.05,2.8,2.6,4.05
2005/6/24,439.95,88.78,3.92,3.07,2.8,2.6,4.05
2005/6/25,439.95,88.78,3.92,3.07,2.8,2.6,4.05
2005/6/26,439.8,88.78,3.92,3.07,2.8,2.6,4.05
2005/6/27,435.55,88.45,3.9,3.17,2.8,2.6,4.05
2005/6/28,437.25,88.99,3.97,3.17,2.5,2.3,4.48
2005/6/29,435.5,89.11,3.99,3.2,2.5,2.3,4.48
2005/6/30,427.4,89.11,3.94,3.35,2.5,2.3,4.48
2005/7/1,427.4,90.13,4.06,3.36,2.5,2.3,4.48
2005/7/2,427.4,90.13,4.06,3.36,2.5,2.3,4.48
2005/7/3,427.9,90.13,4.06,3.36,2.5,2.3,4.48
2005/7/4,423.6,90.43,4.06,3.36,2.5,2.3,4.48
2005/7/5,423.76,90.44,4.11,3.27,2.5,2.3,4.48
2005/7/6,424.2,90.38,4.08,2.99,2.5,2.3,4.48
2005/7/7,423.1,90.28,4.05,3.18,2.5,2.3,4.48
2005/7/8,423.1,90.25,4.11,3.22,2.5,2.3,4.48
2005/7/9,423.1,90.25,4.11,3.22,2.5,2.3,4.48
2005/7/10,425.9,90.25,4.11,3.22,2.5,2.3,4.48
2005/7/11,426.95,89.46,4.11,3.23,2.5,2.3,4.48
2005/7/12,424.1,88.41,4.15,3.23,2.5,2.3,4.48
2005/7/13,419.6,89.31,4.17,3.27,2.5,2.3,4.48
2005/7/14,421.55,89.4,4.19,3.32,2.5,2.3,4.48
2005/7/15,421.55,89.72,4.18,3.32,2.5,2.3,4.48
2005/7/16,421.55,89.72,4.18,3.32,2.5,2.3,4.48
2005/7/17,421.05,89.72,4.18,3.32,2.5,2.3,4.48
2005/7/18,420.1,89.64,4.22,3.19,2.5,2.3,4.48
2005/7/19,423.15,89.85,4.2,3.13,2.5,2.3,4.48
2005/7/20,425.6,89.34,4.17,3.25,2.5,2.3,4.48
2005/7/21,425,88.93,4.28,3.27,2.5,2.3,4.48
2005/7/22,425,89.64,4.23,3.25,2.5,2.3,4.48
2005/7/23,425,89.64,4.23,3.25,2.5,2.3,4.48
2005/7/24,425.85,89.64,4.23,3.25,2.5,2.3,4.48
2005/7/25,423.5,89.6,4.25,3.28,2.5,2.3,4.48
2005/7/26,425.5,90,4.24,3.25,2.5,2.3,4.48
2005/7/27,428,89.73,4.27,3.27,2.5,2.3,4.48
2005/7/28,429.8,89.34,4.2,3.27,3.2,2.7,4.48
2005/7/29,429.8,89.35,4.28,3.31,3.2,2.7,4.48
2005/7/30,429.8,89.35,4.28,3.31,3.2,2.7,4.48
2005/7/31,432.2,89.35,4.28,3.31,3.2,2.7,4.48
2005/8/1,432.3,88.8,4.32,3.3,3.2,2.7,4.48
2005/8/2,436.8,88.76,4.34,3.2,3.2,2.7,4.48
2005/8/3,437.6,87.99,4.3,3.35,3.2,2.7,4.48
2005/8/4,437.3,87.8,4.32,3.44,3.2,2.7,4.48
2005/8/5,437.3,88.06,4.4,3.49,3.2,2.7,4.48
2005/8/6,437.3,88.06,4.4,3.49,3.2,2.7,4.48
2005/8/7,435,88.06,4.4,3.49,3.2,2.7,4.48
2005/8/8,434.8,87.92,4.42,3.5,3.2,2.7,4.48
2005/8/9,437.6,87.89,4.41,3.47,3.2,2.7,4.48
2005/8/10,445.9,87.61,4.4,3.48,3.2,2.7,4.48
2005/8/11,446.2,87.1,4.32,3.51,3.2,2.7,4.48
2005/8/12,446.2,86.98,4.24,3.55,3.2,2.7,4.48
2005/8/13,446.2,86.98,4.24,3.55,3.2,2.7,4.48
2005/8/14,442.4,86.98,4.24,3.55,3.2,2.7,4.48
2005/8/15,446.15,87.32,4.27,3.61,3.2,2.7,4.48
2005/8/16,440.1,87.43,4.23,3.46,3.2,2.7,4.48
2005/8/17,439.7,88,4.28,3.57,3.2,2.7,4.48
2005/8/18,436.3,88.59,4.21,3.5,3.2,2.7,4.48
2005/8/19,436.3,88.58,4.21,3.54,3.2,2.7,4.48
2005/8/20,436.3,88.58,4.21,3.54,3.2,2.7,4.48
2005/8/21,438.2,88.58,4.21,3.54,3.2,2.7,4.48
2005/8/22,439.2,88.14,4.22,3.51,3.2,2.7,4.48
2005/8/23,437.67,88.08,4.2,3.49,3.2,2.7,4.48
2005/8/24,438.7,87.91,4.19,3.5,3.2,2.7,4.48
2005/8/25,437.7,87.64,4.18,3.55,3.2,2.7,4.48
2005/8/26,437.7,87.86,4.2,3.54,3.2,2.7,4.48
2005/8/27,437.7,87.86,4.2,3.54,3.2,2.7,4.48
2005/8/28,436.9,87.86,4.2,3.54,3.6,3,4.48
2005/8/29,431.6,88.25,4.2,3.54,3.6,3,4.48
2005/8/30,435.2,88.35,4.16,3.52,3.6,3,4.48
2005/8/31,443.25,87.58,4.02,3.63,3.6,3,4.48
2005/9/1,444.4,86.55,4.02,3.57,3.6,3,4.48
2005/9/2,444.4,86.3,4.03,3.49,3.6,3,4.48
2005/9/3,444.4,86.3,4.03,3.49,3.6,3,4.48
2005/9/4,445.35,86.3,4.03,3.49,3.6,3,4.48
2005/9/5,444,86.3,4.03,3.49,3.6,3,4.48
2005/9/6,444.7,86.57,4.09,3.57,3.6,3,4.48
2005/9/7,447.4,86.97,4.15,3.48,3.6,3,4.48
2005/9/8,449.2,87.04,4.15,3.49,3.6,3,4.48
2005/9/9,449.2,86.89,4.14,3.49,3.6,3,4.48
2005/9/10,449.2,86.89,4.14,3.49,3.6,3,4.48
2005/9/11,449.75,86.89,4.14,3.49,3.6,3,4.48
2005/9/12,446.5,87.71,4.18,3.5,3.6,3,4.48
2005/9/13,450.3,87.75,4.14,3.45,3.6,3,4.48
2005/9/14,455.75,87.67,4.17,3.54,3.6,3,4.48
2005/9/15,459.75,88.13,4.22,3.67,3.6,3,4.48
2005/9/16,459.75,88.05,4.26,3.62,3.6,3,4.48
2005/9/17,459.75,88.05,4.26,3.62,3.6,3,4.48
2005/9/18,464.75,88.05,4.26,3.62,3.6,3,4.48
2005/9/19,463.85,88.44,4.25,3.62,3.6,3,4.48
2005/9/20,472.35,88.6,4.26,3.67,3.6,3,4.48
2005/9/21,466.05,88.14,4.19,3.72,3.6,3,4.48
2005/9/22,463.25,88.56,4.19,3.77,3.6,3,4.48
2005/9/23,463.25,89.21,4.25,3.76,3.6,3,4.48
2005/9/24,463.25,89.21,4.25,3.76,3.6,3,4.48
2005/9/25,466.65,89.21,4.25,3.76,3.6,3,4.48
2005/9/26,462.5,89.11,4.3,3.83,3.6,3,4.48
2005/9/27,469,89.6,4.3,3.73,3.6,3,4.48
2005/9/28,472.15,89.47,4.26,3.76,4.7,3.8,4.8
2005/9/29,469.3,89.4,4.29,3.82,4.7,3.8,4.8
2005/9/30,469.3,89.52,4.34,3.93,4.7,3.8,4.8
2005/10/1,469.3,89.52,4.34,3.93,4.7,3.8,4.8
2005/10/2,465.95,89.52,4.34,3.93,4.7,3.8,4.8
2005/10/3,466.25,90.13,4.39,3.87,4.7,3.8,4.8
2005/10/4,464.75,90.1,4.38,3.75,4.7,3.8,4.8
2005/10/5,473.45,89.98,4.36,3.75,4.7,3.8,4.8
2005/10/6,474.85,88.66,4.37,3.76,4.7,3.8,4.8
2005/10/7,474.85,89.17,4.35,3.73,4.7,3.8,4.8
2005/10/8,474.85,89.17,4.35,3.73,4.7,3.8,4.8
2005/10/9,475.24,89.17,4.35,3.73,4.7,3.8,4.8
2005/10/10,475.5,89.46,4.35,3.73,4.7,3.8,4.8
2005/10/11,470.9,89.97,4.39,3.72,4.7,3.8,4.8
2005/10/12,471.6,89.63,4.45,3.36,4.7,3.8,4.8
2005/10/13,469.7,89.81,4.48,3.75,4.7,3.8,4.8
2005/10/14,469.7,89.35,4.48,3.77,4.7,3.8,4.8
2005/10/15,469.7,89.35,4.48,3.77,4.7,3.8,4.8
2005/10/16,474,89.35,4.48,3.77,4.7,3.8,4.8
2005/10/17,472.2,89.8,4.5,3.82,4.7,3.8,4.8
2005/10/18,464.55,90.29,4.49,3.71,4.7,3.8,4.8
2005/10/19,461.2,89.99,4.47,3.71,4.7,3.8,4.8
2005/10/20,466.89,89.91,4.46,3.77,4.7,3.8,4.8
2005/10/21,466.89,90.31,4.39,3.76,4.7,3.8,4.8
2005/10/22,466.89,90.31,4.39,3.76,4.7,3.8,4.8
2005/10/23,465.25,90.31,4.39,3.76,4.7,3.8,4.8
2005/10/24,472.6,90.11,4.45,3.76,4.7,3.8,4.8
2005/10/25,470.95,89.24,4.54,3.74,4.7,3.8,4.8
2005/10/26,473.65,89.49,4.6,3.75,4.7,3.8,4.8
2005/10/27,473.49,89.1,4.57,3.85,4.7,3.8,4.8
2005/10/28,473.49,89.59,4.58,3.9,4.3,3.6,4.8
2005/10/29,473.49,89.59,4.58,3.9,4.3,3.6,4.8
2005/10/30,465.18,89.59,4.58,3.9,4.3,3.6,4.8
2005/10/31,459.15,90.07,4.57,4.02,4.3,3.6,4.8
2005/11/1,463.2,90.08,4.58,3.99,4.3,3.6,4.8
2005/11/2,461.1,89.72,4.61,3.99,4.3,3.6,4.8
2005/11/3,456.9,90.44,4.65,4.01,4.3,3.6,4.8
2005/11/4,456.9,91.26,4.66,4,4.3,3.6,4.8
2005/11/5,456.9,91.26,4.66,4,4.3,3.6,4.8
2005/11/6,459.6,91.26,4.66,4,4.3,3.6,4.8
2005/11/7,460.8,91.29,4.65,3.99,4.3,3.6,4.8
2005/11/8,467.1,91.37,4.57,3.95,4.3,3.6,4.8
2005/11/9,466.85,91.5,4.64,4.02,4.3,3.6,4.8
2005/11/10,468.7,92.08,4.55,3.98,4.3,3.6,4.8
2005/11/11,468.7,91.98,4.55,3.98,4.3,3.6,4.8
2005/11/12,468.7,91.98,4.55,3.98,4.3,3.6,4.8
2005/11/13,467.5,91.98,4.55,3.98,4.3,3.6,4.8
2005/11/14,468.52,92.13,4.61,4.03,4.3,3.6,4.8
2005/11/15,479.3,92.09,4.56,3.97,4.3,3.6,4.8
2005/11/16,486,92.33,4.49,3.96,4.3,3.6,4.8
2005/11/17,485.8,91.88,4.46,3.98,4.3,3.6,4.8
2005/11/18,485.8,91.93,4.5,4,4.3,3.6,4.8
2005/11/19,485.8,91.93,4.5,4,4.3,3.6,4.8
2005/11/20,491.76,91.93,4.5,4,4.3,3.6,4.8
2005/11/21,494.58,92.03,4.46,4.03,4.3,3.6,4.8
2005/11/22,492.5,91.5,4.43,3.99,4.3,3.6,4.8
2005/11/23,493.49,91.51,4.47,4.01,4.3,3.6,4.8
2005/11/24,496.08,91.51,4.47,4.01,4.3,3.6,4.8
2005/11/25,496.08,92.04,4.43,4.03,4.3,3.6,4.8
2005/11/26,496.08,92.04,4.43,4.03,4.3,3.6,4.8
2005/11/27,498.7,92.04,4.43,4.03,4.3,3.6,4.8
2005/11/28,499.8,90.98,4.41,4.01,3.5,2.9,4.8
2005/11/29,493.08,91.62,4.48,3.99,3.5,2.9,4.8
2005/11/30,503.9,91.57,4.49,4.03,3.5,2.9,4.8
2005/12/1,503.38,91.82,4.52,4.03,3.5,2.9,4.8
2005/12/2,503.38,91.95,4.52,4,3.5,2.9,4.8
2005/12/3,503.38,91.95,4.52,4,3.5,2.9,4.8
2005/12/4,509.4,91.95,4.52,4,3.5,2.9,4.8
2005/12/5,511.4,91.48,4.57,4.02,3.5,2.9,4.8
2005/12/6,515.2,91.44,4.49,3.97,3.5,2.9,4.8
2005/12/7,521.13,91.89,4.52,3.98,3.5,2.9,4.8
2005/12/8,526.4,91.26,4.47,4.09,3.5,2.9,4.8
2005/12/9,526.4,91.25,4.54,4.16,3.5,2.9,4.8
2005/12/10,526.4,91.25,4.54,4.16,3.5,2.9,4.8
2005/12/11,528,91.25,4.54,4.16,3.5,2.9,4.8
2005/12/12,518.7,90.35,4.56,4.24,3.5,2.9,4.8
2005/12/13,506.5,90.38,4.54,4.23,3.5,2.9,4.8
2005/12/14,502.98,89.83,4.45,4.26,3.5,2.9,4.8
2005/12/15,503.24,90.02,4.47,4.29,3.5,2.9,4.8
2005/12/16,503.24,89.7,4.45,4.25,3.5,2.9,4.8
2005/12/17,503.24,89.7,4.45,4.25,3.5,2.9,4.8
2005/12/18,503.8,89.7,4.45,4.25,3.5,2.9,4.8
2005/12/19,492.25,89.87,4.45,4.25,3.5,2.9,4.8
2005/12/20,495.33,90.78,4.47,4.3,3.5,2.9,4.8
2005/12/21,504.33,90.94,4.49,4.08,3.5,2.9,4.8
2005/12/22,502.8,90.72,4.44,4.25,3.5,2.9,4.8
2005/12/23,502.8,90.84,4.38,4.21,3.5,2.9,4.8
2005/12/24,502.8,90.84,4.38,4.21,3.5,2.9,4.8
2005/12/25,505.13,90.84,4.38,4.21,3.5,2.9,4.8
2005/12/26,507.9,90.84,4.38,4.21,3.5,2.9,4.8
2005/12/27,516.6,91.19,4.34,4.26,3.5,2.9,4.8
2005/12/28,516.9,91.26,4.38,4.19,3.4,2.9,5.4
2005/12/29,517,91.1,4.37,4.18,3.4,2.9,5.4
2005/12/30,517,91.17,4.39,4.09,3.4,2.9,5.4
2005/12/31,517,91.17,4.39,4.09,3.4,2.9,5.4
2006/1/1,516.88,91.17,4.39,4.09,3.4,2.9,5.4
2006/1/2,534.15,91.17,4.39,4.09,3.4,2.9,5.4
2006/1/3,534.4,89.84,4.37,4.34,3.4,2.9,5.4
2006/1/4,524.8,89.14,4.36,4.22,3.4,2.9,5.4
2006/1/5,539.95,89.33,4.36,4.24,3.4,2.9,5.4
2006/1/6,539.95,88.85,4.38,4.22,3.4,2.9,5.4
2006/1/7,539.95,88.85,4.38,4.22,3.4,2.9,5.4
2006/1/8,548.95,88.85,4.38,4.22,3.4,2.9,5.4
2006/1/9,542.5,89.25,4.38,4.25,3.4,2.9,5.4
2006/1/10,547.5,89.33,4.43,4.24,3.4,2.9,5.4
2006/1/11,546.4,88.99,4.46,4.24,3.4,2.9,5.4
2006/1/12,557.34,89.44,4.42,4.28,3.4,2.9,5.4
2006/1/13,557.34,88.89,4.36,4.3,3.4,2.9,5.4
2006/1/14,557.34,88.89,4.36,4.3,3.4,2.9,5.4
2006/1/15,562.2,88.89,4.36,4.3,3.4,2.9,5.4
2006/1/16,554.8,88.89,4.36,4.3,3.4,2.9,5.4
2006/1/17,542.95,89.3,4.34,4.32,3.4,2.9,5.4
2006/1/18,557.8,89.26,4.34,4.24,3.4,2.9,5.4
2006/1/19,554.49,89.39,4.38,4.23,3.4,2.9,5.4
2006/1/20,554.49,88.95,4.37,4.24,3.4,2.9,5.4
2006/1/21,554.49,88.95,4.37,4.24,3.4,2.9,5.4
2006/1/22,559.4,88.95,4.37,4.24,3.4,2.9,5.4
2006/1/23,558.6,87.95,4.36,4.26,3.4,2.9,5.4
2006/1/24,563.4,88.06,4.4,4.28,3.4,2.9,5.4
2006/1/25,560.65,88.33,4.49,4.36,3.4,2.9,5.4
2006/1/26,559.5,88.62,4.53,4.37,3.4,2.9,5.4
2006/1/27,559.5,89.32,4.52,4.42,3.4,2.9,5.4
2006/1/28,559.5,89.32,4.52,4.42,4,3.2,5.4
2006/1/29,568.35,89.32,4.52,4.42,4,3.2,5.4
2006/1/30,568.9,89.42,4.54,4.48,4,3.2,5.4
2006/1/31,569.35,88.96,4.53,4.47,4,3.2,5.4
2006/2/1,572.2,89.51,4.57,4.47,4,3.2,5.4
2006/2/2,568.9,89.37,4.57,4.48,4,3.2,5.4
2006/2/3,568.9,89.89,4.54,4.51,4,3.2,5.4
2006/2/4,568.9,89.89,4.54,4.51,4,3.2,5.4
2006/2/5,569.9,89.89,4.54,4.51,4,3.2,5.4
2006/2/6,548.45,90.29,4.55,4.51,4,3.2,5.4
2006/2/7,551.45,90.24,4.57,4.51,4,3.2,5.4
2006/2/8,564.4,90.43,4.56,4.51,4,3.2,5.4
2006/2/9,551,90.29,4.54,4.51,4,3.2,5.4
2006/2/10,551,90.55,4.59,4.51,4,3.2,5.4
2006/2/11,551,90.55,4.59,4.47,4,3.2,5.4
2006/2/12,540.35,90.55,4.59,4.48,4,3.2,5.4
2006/2/13,547.55,90.54,4.58,4.52,4,3.2,5.4
2006/2/14,539.95,90.54,4.62,4.51,4,3.2,5.4
2006/2/15,548.15,90.72,4.61,4.51,4,3.2,5.4
2006/2/16,552.1,90.73,4.59,4.51,4,3.2,5.4
2006/2/17,552.1,90.64,4.54,4.44,4,3.2,5.4
2006/2/18,552.1,90.64,4.54,4.45,4,3.2,5.4
2006/2/19,555.84,90.64,4.54,4.5,4,3.2,5.4
2006/2/20,554.35,90.64,4.54,4.48,4,3.2,5.4
2006/2/21,555.2,90.55,4.57,4.48,4,3.2,5.4
2006/2/22,548.84,90.67,4.53,4.48,4,3.2,5.4
2006/2/23,559.05,90.39,4.56,4.48,4,3.2,5.4
2006/2/24,559.05,90.61,4.58,4.48,4,3.2,5.4
2006/2/25,559.05,90.61,4.58,4.54,4,3.2,5.4
2006/2/26,553.95,90.61,4.58,4.49,4,3.2,5.4
2006/2/27,561.55,90.63,4.59,4.47,4,3.2,5.4
2006/2/28,562.95,90.11,4.55,4.48,3.6,3,5.4
2006/3/1,569.85,90.22,4.59,4.48,3.6,3,5.4
2006/3/2,565.4,89.56,4.64,4.48,3.6,3,5.4
2006/3/3,565.4,89.66,4.68,4.52,3.6,3,5.4
2006/3/4,565.4,89.66,4.68,4.52,3.6,3,5.4
2006/3/5,555.35,89.66,4.68,4.52,3.6,3,5.4
2006/3/6,552.7,89.89,4.74,4.5,3.6,3,5.4
2006/3/7,543.55,90.77,4.74,4.51,3.6,3,5.4
2006/3/8,546.05,90.62,4.73,4.51,3.6,3,5.4
2006/3/9,541.05,90.75,4.74,4.51,3.6,3,5.4
2006/3/10,541.05,90.85,4.76,4.51,3.6,3,5.4
2006/3/11,541.05,90.85,4.76,4.51,3.6,3,5.4
2006/3/12,545.9,90.85,4.76,4.51,3.6,3,5.4
2006/3/13,551.05,90.54,4.77,4.51,3.6,3,5.4
2006/3/14,552.95,90,4.71,4.51,3.6,3,5.4
2006/3/15,555.4,89.7,4.73,4.51,3.6,3,5.4
2006/3/16,554.1,89.07,4.65,4.51,3.6,3,5.4
2006/3/17,554.1,88.92,4.68,4.52,3.6,3,5.4
2006/3/18,554.1,88.92,4.68,4.51,3.6,3,5.4
2006/3/19,554.9,88.92,4.68,4.47,3.6,3,5.4
2006/3/20,552.1,89.13,4.66,4.55,3.6,3,5.4
2006/3/21,550.8,89.62,4.71,4.6,3.6,3,5.4
2006/3/22,549.8,89.72,4.7,4.6,3.6,3,5.4
2006/3/23,560.13,90.46,4.73,4.6,3.6,3,5.4
2006/3/24,560.13,90.07,4.67,4.55,3.6,3,5.4
2006/3/25,560.13,90.07,4.67,4.54,3.6,3,5.4
2006/3/26,567.3,90.07,4.67,4.58,3.6,3,5.4
2006/3/27,563.6,90.07,4.7,4.64,3.6,3,5.4
2006/3/28,573.6,90.25,4.79,4.69,3.4,2.9,4.71
2006/3/29,588.65,90.25,4.81,4.69,3.4,2.9,4.71
2006/3/30,583.65,89.39,4.86,4.69,3.4,2.9,4.71
2006/3/31,583.65,89.73,4.86,4.77,3.4,2.9,4.71
2006/4/1,583.65,89.73,4.86,4.7,3.4,2.9,4.71
2006/4/2,587.85,89.73,4.86,4.69,3.4,2.9,4.71
2006/4/3,586.7,89.63,4.88,4.76,3.4,2.9,4.71
2006/4/4,588.5,88.83,4.87,5,3.4,2.9,4.71
2006/4/5,595.3,88.63,4.84,5,3.4,2.9,4.71
2006/4/6,588.85,88.96,4.9,5,3.4,2.9,4.71
2006/4/7,588.85,89.63,4.97,4.87,3.4,2.9,4.71
2006/4/8,588.85,89.63,4.97,4.76,3.4,2.9,4.71
2006/4/9,599.75,89.63,4.97,4.76,3.4,2.9,4.71
2006/4/10,593.41,89.72,4.97,4.76,3.4,2.9,4.71
2006/4/11,598.38,89.44,4.93,4.76,3.4,2.9,4.71
2006/4/12,596.47,89.62,4.98,4.76,3.4,2.9,4.71
2006/4/13,602.99,89.62,5.05,4.76,3.4,2.9,4.71
2006/4/14,602.99,89.62,5.05,4.78,3.4,2.9,4.71
2006/4/15,602.99,89.62,5.05,4.74,3.4,2.9,4.71
2006/4/16,613.47,89.62,5.05,4.78,3.4,2.9,4.71
2006/4/17,621.07,88.64,5.01,4.82,3.4,2.9,4.71
2006/4/18,640.2,88.24,4.99,4.8,3.4,2.9,4.71
2006/4/19,612.5,87.79,5.04,4.8,3.4,2.9,4.71
2006/4/20,633.97,88.25,5.04,4.8,3.4,2.9,4.71
2006/4/21,633.97,88.05,5.01,4.78,3.4,2.9,4.71
2006/4/22,633.97,88.05,5.01,4.72,3.4,2.9,4.71
2006/4/23,620.7,88.05,5.01,4.7,3.4,2.9,4.71
2006/4/24,630.3,87.45,4.99,4.73,3.4,2.9,4.71
2006/4/25,638.63,87.32,5.07,4.74,3.4,2.9,4.71
2006/4/26,633.63,87.22,5.12,4.74,3.4,2.9,4.71
2006/4/27,654.42,86.63,5.09,4.74,3.4,2.9,4.71
2006/4/28,654.42,86.11,5.07,4.77,3.5,3.1,4.71
2006/4/29,654.42,86.11,5.07,4.74,3.5,3.1,4.71
2006/4/30,655.1,86.11,5.07,4.73,3.5,3.1,4.71
2006/5/1,668.8,85.97,5.14,4.79,3.5,3.1,4.71
2006/5/2,667,85.79,5.12,4.86,3.5,3.1,4.71
2006/5/3,679.7,85.84,5.15,4.86,3.5,3.1,4.71
2006/5/4,683.8,85.84,5.16,4.86,3.5,3.1,4.71
2006/5/5,683.8,85.12,5.12,4.84,3.5,3.1,4.71
2006/5/6,683.8,85.12,5.12,4.79,3.5,3.1,4.71
2006/5/7,678.7,85.12,5.12,4.81,3.5,3.1,4.71
2006/5/8,700.9,85.23,5.12,4.83,3.5,3.1,4.71
2006/5/9,707.9,84.83,5.13,4.83,3.5,3.1,4.71
2006/5/10,714.3,84.5,5.13,4.83,3.5,3.1,4.71
2006/5/11,714.8,84.27,5.14,4.83,3.5,3.1,4.71
2006/5/12,714.8,83.96,5.19,4.88,3.5,3.1,4.71
2006/5/13,714.8,83.96,5.19,4.78,3.5,3.1,4.71
2006/5/14,677.4,83.96,5.19,4.88,3.5,3.1,4.71
2006/5/15,690.4,84.54,5.15,4.99,3.5,3.1,4.71
2006/5/16,687.1,84.17,5.1,5.01,3.5,3.1,4.71
2006/5/17,682.3,84.85,5.16,5.01,3.5,3.1,4.71
2006/5/18,657.6,84.51,5.08,5.01,3.5,3.1,4.71
2006/5/19,657.6,84.88,5.05,5.01,3.5,3.1,4.71
2006/5/20,657.6,84.88,5.05,4.98,3.5,3.1,4.71
2006/5/21,656.05,84.88,5.05,4.96,3.5,3.1,4.71
2006/5/22,666.5,84.35,5.04,5,3.5,3.1,4.71
2006/5/23,640.7,84.35,5.07,5,3.5,3.1,4.71
2006/5/24,650.9,84.95,5.03,5,3.5,3.1,4.71
2006/5/25,653.7,84.65,5.07,5,3.5,3.1,4.71
2006/5/26,653.7,85.26,5.06,5,3.5,3.1,4.71
2006/5/27,653.7,85.26,5.06,4.94,3.5,3.1,4.71
2006/5/28,647.77,85.26,5.06,4.9,4.2,3.3,4.71
2006/5/29,652.9,85.26,5.06,5.01,4.2,3.3,4.71
2006/5/30,645.2,84.28,5.09,4.99,4.2,3.3,4.71
2006/5/31,629.6,84.72,5.12,4.99,4.2,3.3,4.71
2006/6/1,638.2,84.79,5.11,4.99,4.2,3.3,4.71
2006/6/2,638.2,84.05,5,4.99,4.2,3.3,4.71
2006/6/3,638.2,84.05,5,5.02,4.2,3.3,4.71
2006/6/4,637.15,84.05,5,5.05,4.2,3.3,4.71
2006/6/5,630.65,84.14,5.02,5.02,4.2,3.3,4.71
2006/6/6,626.45,84.73,5.01,4.97,4.2,3.3,4.71
2006/6/7,613.25,84.99,5.02,4.97,4.2,3.3,4.71
2006/6/8,607.45,85.91,5,4.97,4.2,3.3,4.71
2006/6/9,607.45,85.72,4.98,5.01,4.2,3.3,4.71
2006/6/10,607.45,85.72,4.98,4.99,4.2,3.3,4.71
2006/6/11,604.25,85.72,4.98,4.99,4.2,3.3,4.71
2006/6/12,562.05,85.85,4.99,5.02,4.2,3.3,4.71
2006/6/13,559.75,86.43,4.97,5,4.2,3.3,4.71
2006/6/14,577.05,86.14,5.05,5,4.2,3.3,4.71
2006/6/15,581.15,86.02,5.1,5,4.2,3.3,4.71
2006/6/16,581.15,85.92,5.13,5.01,4.2,3.3,4.71
2006/6/17,581.15,85.92,5.13,5,4.2,3.3,4.71
2006/6/18,565.25,85.92,5.13,5,4.2,3.3,4.71
2006/6/19,575.85,86.31,5.14,5.02,4.2,3.3,4.71
2006/6/20,587.55,86.18,5.15,4.94,4.2,3.3,4.71
2006/6/21,580.65,85.78,5.16,4.94,4.2,3.3,4.71
2006/6/22,583.05,86.39,5.2,4.94,4.2,3.3,4.71
2006/6/23,583.05,86.82,5.23,4.95,4.2,3.3,4.71
2006/6/24,583.05,86.82,5.23,4.92,4.2,3.3,4.71
2006/6/25,585.25,86.82,5.23,4.91,4.2,3.3,4.71
2006/6/26,579.05,86.49,5.25,4.98,4.2,3.3,4.71
2006/6/27,580.15,86.47,5.21,4.98,4.2,3.3,4.71
2006/6/28,599.65,86.63,5.25,4.98,4.3,3.5,5.27
2006/6/29,615.85,85.87,5.22,4.98,4.3,3.5,5.27
2006/6/30,615.85,85.22,5.15,5.03,4.3,3.5,5.27
2006/7/1,615.85,85.22,5.15,5.02,4.3,3.5,5.27
2006/7/2,623.49,85.22,5.15,5.06,4.3,3.5,5.27
2006/7/3,620.24,85.18,5.15,5.08,4.3,3.5,5.27
2006/7/4,628.15,85.18,5.15,5.05,4.3,3.5,5.27
2006/7/5,633.03,85.6,5.23,5.05,4.3,3.5,5.27
2006/7/6,629.25,85.35,5.19,5.05,4.3,3.5,5.27
2006/7/7,629.25,84.98,5.14,5.25,4.3,3.5,5.27
2006/7/8,629.25,84.98,5.14,5.25,4.3,3.5,5.27
2006/7/9,624.15,84.98,5.14,5.25,4.3,3.5,5.27
2006/7/10,641.45,85.5,5.13,5.24,4.3,3.5,5.27
2006/7/11,651.53,85.36,5.1,5.22,4.3,3.5,5.27
2006/7/12,660.05,85.91,5.1,5.22,4.3,3.5,5.27
2006/7/13,664.15,85.79,5.08,5.22,4.3,3.5,5.27
2006/7/14,664.15,86.09,5.07,5.24,4.3,3.5,5.27
2006/7/15,664.15,86.09,5.07,5.25,4.3,3.5,5.27
2006/7/16,643.03,86.09,5.07,5.27,4.3,3.5,5.27
2006/7/17,633.05,86.96,5.07,5.26,4.3,3.5,5.27
2006/7/18,642.75,87.01,5.13,5.26,4.3,3.5,5.27
2006/7/19,628.15,86.46,5.06,5.26,4.3,3.5,5.27
2006/7/20,619.75,86.22,5.03,5.26,4.3,3.5,5.27
2006/7/21,619.75,85.93,5.05,5.28,4.3,3.5,5.27
2006/7/22,619.75,85.93,5.05,5.22,4.3,3.5,5.27
2006/7/23,615.25,85.93,5.05,5.23,4.3,3.5,5.27
2006/7/24,619.13,86.34,5.05,5.24,4.3,3.5,5.27
2006/7/25,624.75,86.64,5.07,5.23,4.3,3.5,5.27
2006/7/26,634.35,85.93,5.04,5.23,4.3,3.5,5.27
2006/7/27,634.75,85.87,5.07,5.23,4.3,3.5,5.27
2006/7/28,634.75,85.44,5,5.24,4.1,3.4,5.27
2006/7/29,634.75,85.44,5,5.24,4.1,3.4,5.27
2006/7/30,636.74,85.44,5,5.24,4.1,3.4,5.27
2006/7/31,646.84,85.3,4.99,5.27,4.1,3.4,5.27
2006/8/1,651.25,85.05,4.99,5.26,4.1,3.4,5.27
2006/8/2,644.92,85.05,4.96,5.26,4.1,3.4,5.27
2006/8/3,646.5,85.02,4.96,5.26,4.1,3.4,5.27
2006/8/4,646.5,84.57,4.91,5.31,4.1,3.4,5.27
2006/8/5,646.5,84.57,4.91,5.27,4.1,3.4,5.27
2006/8/6,648.65,84.57,4.91,5.25,4.1,3.4,5.27
2006/8/7,642.55,84.75,4.93,5.27,4.1,3.4,5.27
2006/8/8,650.03,84.66,4.93,5.25,4.1,3.4,5.27
2006/8/9,636.25,84.71,4.92,5.25,4.1,3.4,5.27
2006/8/10,632.55,85.08,4.93,5.25,4.1,3.4,5.27
2006/8/11,632.55,85.52,4.97,5.24,4.1,3.4,5.27
2006/8/12,632.55,85.52,4.97,5.26,4.1,3.4,5.27
2006/8/13,626.7,85.52,4.97,5.25,4.1,3.4,5.27
2006/8/14,624.8,85.64,5,5.24,4.1,3.4,5.27
2006/8/15,629.05,85.22,4.93,5.24,4.1,3.4,5.27
2006/8/16,614,84.88,4.87,5.24,4.1,3.4,5.27
2006/8/17,614.9,85.04,4.87,5.24,4.1,3.4,5.27
2006/8/18,614.9,85.09,4.84,5.26,4.1,3.4,5.27
2006/8/19,614.9,85.09,4.84,5.24,4.1,3.4,5.27
2006/8/20,628.1,85.09,4.84,5.17,4.1,3.4,5.27
2006/8/21,625,84.63,4.82,5.2,4.1,3.4,5.27
2006/8/22,622.34,85.18,4.82,5.25,4.1,3.4,5.27
2006/8/23,621.4,85.13,4.82,5.25,4.1,3.4,5.27
2006/8/24,622.53,85.28,4.81,5.25,4.1,3.4,5.27
2006/8/25,622.53,85.38,4.79,5.24,4.1,3.4,5.27
2006/8/26,622.53,85.38,4.79,5.24,4.1,3.4,5.27
2006/8/27,614.78,85.38,4.79,5.25,4.1,3.4,5.27
2006/8/28,614.95,85.23,4.8,5.25,3.8,3.3,5.27
2006/8/29,619.28,84.91,4.79,5.25,3.8,3.3,5.27
2006/8/30,627.3,84.97,4.76,5.25,3.8,3.3,5.27
2006/8/31,625.45,85.05,4.74,5.25,3.8,3.3,5.27
2006/9/1,625.45,84.94,4.73,5.25,3.8,3.3,5.27
2006/9/2,625.45,84.94,4.73,5.23,3.8,3.3,5.27
2006/9/3,626.5,84.94,4.73,5.25,3.8,3.3,5.27
2006/9/4,638.3,84.94,4.73,5.31,3.8,3.3,5.27
2006/9/5,633.7,85,4.78,5.25,3.8,3.3,5.27
2006/9/6,616.8,85.1,4.8,5.25,3.8,3.3,5.27
2006/9/7,610.8,85.53,4.8,5.25,3.8,3.3,5.27
2006/9/8,610.8,85.95,4.78,5.25,3.8,3.3,5.27
2006/9/9,610.8,85.95,4.78,5.26,3.8,3.3,5.27
2006/9/10,589.74,85.95,4.78,5.21,3.8,3.3,5.27
2006/9/11,587.45,85.92,4.8,5.23,3.8,3.3,5.27
2006/9/12,590.19,85.92,4.78,5.23,3.8,3.3,5.27
2006/9/13,575.25,85.87,4.77,5.23,3.8,3.3,5.27
2006/9/14,579.33,85.66,4.79,5.23,3.8,3.3,5.27
2006/9/15,579.33,85.99,4.8,5.24,3.8,3.3,5.27
2006/9/16,579.33,85.99,4.8,5.21,3.8,3.3,5.27
2006/9/17,587.2,85.99,4.8,5.26,3.8,3.3,5.27
2006/9/18,573.65,85.81,4.81,5.26,3.8,3.3,5.27
2006/9/19,576.8,85.94,4.74,5.25,3.8,3.3,5.27
2006/9/20,584.2,85.81,4.73,5.25,3.8,3.3,5.27
2006/9/21,589.6,85.18,4.65,5.25,3.8,3.3,5.27
2006/9/22,589.6,85.2,4.6,5.23,3.8,3.3,5.27
2006/9/23,589.6,85.2,4.6,5.21,3.8,3.3,5.27
2006/9/24,590.8,85.2,4.6,5.23,3.8,3.3,5.27
2006/9/25,592,85.29,4.56,5.24,3.8,3.3,5.27
2006/9/26,603.1,85.63,4.59,5.27,3.8,3.3,5.27
2006/9/27,601.3,85.66,4.6,5.27,3.8,3.3,5.27
2006/9/28,598.3,85.72,4.63,5.27,2.1,2.1,5.61
2006/9/29,598.3,85.97,4.64,5.3,2.1,2.1,5.61
2006/9/30,598.3,85.97,4.64,5.25,2.1,2.1,5.61
2006/10/1,596.7,85.97,4.64,5.3,2.1,2.1,5.61
2006/10/2,574.5,85.59,4.62,5.28,2.1,2.1,5.61
2006/10/3,567,85.71,4.62,5.34,2.1,2.1,5.61
2006/10/4,574.3,85.84,4.57,5.34,2.1,2.1,5.61
2006/10/5,574.1,85.92,4.61,5.34,2.1,2.1,5.61
2006/10/6,574.1,86.44,4.7,5.33,2.1,2.1,5.61
2006/10/7,574.1,86.44,4.7,5.25,2.1,2.1,5.61
2006/10/8,577.1,86.44,4.7,5.23,2.1,2.1,5.61
2006/10/9,573,86.52,4.7,5.23,2.1,2.1,5.61
2006/10/10,573,87.02,4.75,5.22,2.1,2.1,5.61
2006/10/11,579.3,87.12,4.78,5.22,2.1,2.1,5.61
2006/10/12,590.4,86.92,4.79,5.22,2.1,2.1,5.61
2006/10/13,590.4,87.12,4.81,5.22,2.1,2.1,5.61
2006/10/14,590.4,87.12,4.81,5.28,2.1,2.1,5.61
2006/10/15,596,87.12,4.81,5.25,2.1,2.1,5.61
2006/10/16,590.1,87,4.79,5.25,2.1,2.1,5.61
2006/10/17,590.2,86.87,4.78,5.21,2.1,2.1,5.61
2006/10/18,599.4,86.88,4.77,5.21,2.1,2.1,5.61
2006/10/19,591.5,86.24,4.79,5.21,2.1,2.1,5.61
2006/10/20,591.5,86.27,4.79,5.28,2.1,2.1,5.61
2006/10/21,591.5,86.27,4.79,5.21,2.1,2.1,5.61
2006/10/22,581.95,86.27,4.79,5.23,2.1,2.1,5.61
2006/10/23,586.45,86.71,4.83,5.22,2.1,2.1,5.61
2006/10/24,591.05,86.63,4.83,5.25,2.1,2.1,5.61
2006/10/25,597.15,86.38,4.78,5.25,2.1,2.1,5.61
2006/10/26,599.95,85.89,4.73,5.25,2.1,2.1,5.61
2006/10/27,599.95,85.56,4.68,5.24,2.1,2.1,5.61
2006/10/28,599.95,85.56,4.68,5.24,1.3,1.7,5.61
2006/10/29,604.1,85.56,4.68,5.26,1.3,1.7,5.61
2006/10/30,606.6,85.59,4.68,5.23,1.3,1.7,5.61
2006/10/31,617.6,85.32,4.61,5.23,1.3,1.7,5.61
2006/11/1,624.7,85.32,4.57,5.23,1.3,1.7,5.61
2006/11/2,627.4,85.34,4.6,5.23,1.3,1.7,5.61
2006/11/3,627.4,85.71,4.72,5.27,1.3,1.7,5.61
2006/11/4,627.4,85.71,4.72,5.31,1.3,1.7,5.61
2006/11/5,623.2,85.71,4.72,5.23,1.3,1.7,5.61
2006/11/6,624.8,85.75,4.71,5.22,1.3,1.7,5.61
2006/11/7,615.8,85.43,4.66,5.25,1.3,1.7,5.61
2006/11/8,633.41,85.41,4.64,5.25,1.3,1.7,5.61
2006/11/9,628.55,85.18,4.62,5.25,1.3,1.7,5.61
2006/11/10,628.55,85.05,4.59,5.24,1.3,1.7,5.61
2006/11/11,628.55,85.05,4.59,5.22,1.3,1.7,5.61
2006/11/12,625.7,85.05,4.59,5.22,1.3,1.7,5.61
2006/11/13,620.88,85.36,4.61,5.23,1.3,1.7,5.61
2006/11/14,623.1,85.24,4.57,5.23,1.3,1.7,5.61
2006/11/15,618.25,85.34,4.61,5.23,1.3,1.7,5.61
2006/11/16,621.7,85.5,4.66,5.23,1.3,1.7,5.61
2006/11/17,621.7,85.37,4.61,5.27,1.3,1.7,5.61
2006/11/18,621.7,85.37,4.61,5.25,1.3,1.7,5.61
2006/11/19,622.9,85.37,4.61,5.29,1.3,1.7,5.61
2006/11/20,627.5,85.42,4.6,5.25,1.3,1.7,5.61
2006/11/21,630.3,85.24,4.58,5.2,1.3,1.7,5.61
2006/11/22,631.25,84.65,4.57,5.2,1.3,1.7,5.61
2006/11/23,638.2,84.48,4.57,5.2,1.3,1.7,5.61
2006/11/24,638.2,83.71,4.55,5.25,1.3,1.7,5.61
2006/11/25,638.2,83.71,4.55,5.29,1.3,1.7,5.61
2006/11/26,640.6,83.71,4.55,5.26,1.3,1.7,5.61
2006/11/27,640,83.51,4.54,5.26,1.3,1.7,5.61
2006/11/28,636.65,83.21,4.51,5.24,2,1.9,5.61
2006/11/29,648,83.44,4.52,5.24,2,1.9,5.61
2006/11/30,645.6,82.92,4.46,5.24,2,1.9,5.61
2006/12/1,645.6,82.48,4.43,5.32,2,1.9,5.61
2006/12/2,645.6,82.48,4.43,5.24,2,1.9,5.61
2006/12/3,646.2,82.48,4.43,5.26,2,1.9,5.61
2006/12/4,643.15,82.49,4.43,5.31,2,1.9,5.61
2006/12/5,630.95,82.45,4.45,5.27,2,1.9,5.61
2006/12/6,633.84,82.77,4.48,5.27,2,1.9,5.61
2006/12/7,625.15,82.8,4.49,5.27,2,1.9,5.61
2006/12/8,625.15,83.33,4.56,5.22,2,1.9,5.61
2006/12/9,625.15,83.33,4.56,5.21,2,1.9,5.61
2006/12/10,630.45,83.33,4.56,5.22,2,1.9,5.61
2006/12/11,630.05,83.12,4.52,5.25,2,1.9,5.61
2006/12/12,628.75,82.97,4.49,5.25,2,1.9,5.61
2006/12/13,625.85,82.97,4.58,5.25,2,1.9,5.61
2006/12/14,615.35,83.65,4.6,5.25,2,1.9,5.61
2006/12/15,615.35,84.06,4.6,5.25,2,1.9,5.61
2006/12/16,615.35,84.06,4.6,5.23,2,1.9,5.61
2006/12/17,616.25,84.06,4.6,5.23,2,1.9,5.61
2006/12/18,622.95,83.98,4.6,5.29,2,1.9,5.61
2006/12/19,620.44,83.46,4.6,5.27,2,1.9,5.61
2006/12/20,618.5,83.52,4.6,5.27,2,1.9,5.61
2006/12/21,621.01,83.57,4.55,5.27,2,1.9,5.61
2006/12/22,621.01,83.94,4.63,5.21,2,1.9,5.61
2006/12/23,621.01,83.94,4.63,5.21,2,1.9,5.61
2006/12/24,620.75,83.94,4.63,5.26,2,1.9,5.61
2006/12/25,624.7,83.94,4.63,5.25,2,1.9,5.61
2006/12/26,627.2,84.07,4.61,5.24,2,1.9,5.61
2006/12/27,634.9,83.94,4.66,5.24,2,1.9,5.61
2006/12/28,636.7,83.82,4.7,5.24,2.5,2.3,6.36
2006/12/29,636.7,83.72,4.71,5.24,2.5,2.3,6.36
2006/12/30,636.7,83.72,4.71,5.29,2.5,2.3,6.36
2006/12/31,636.8,83.72,4.71,5.17,2.5,2.3,6.36
2007/1/1,640.5,83.72,4.71,5.25,2.5,2.3,6.36
2007/1/2,627.5,83.2,4.68,5.17,2.5,2.3,6.36
2007/1/3,622,83.92,4.67,5.17,2.5,2.3,6.36
2007/1/4,607.4,84.32,4.62,5.17,2.5,2.3,6.36
2007/1/5,607.4,84.63,4.65,5.17,2.5,2.3,6.36
2007/1/6,607.4,84.63,4.65,5.3,2.5,2.3,6.36
2007/1/7,610,84.63,4.65,5.28,2.5,2.3,6.36
2007/1/8,613.7,84.6,4.66,5.24,2.5,2.3,6.36
2007/1/9,611.3,84.74,4.66,5.21,2.5,2.3,6.36
2007/1/10,611.6,85.08,4.69,5.21,2.5,2.3,6.36
2007/1/11,627.2,85.31,4.74,5.21,2.5,2.3,6.36
2007/1/12,627.2,85.03,4.77,5.23,2.5,2.3,6.36
2007/1/13,627.2,85.03,4.77,5.25,2.5,2.3,6.36
2007/1/14,626.7,85.03,4.77,5.26,2.5,2.3,6.36
2007/1/15,624.8,85.03,4.77,5.27,2.5,2.3,6.36
2007/1/16,631.8,85.05,4.75,5.22,2.5,2.3,6.36
2007/1/17,627.7,84.98,4.79,5.22,2.5,2.3,6.36
2007/1/18,635.4,84.91,4.75,5.22,2.5,2.3,6.36
2007/1/19,635.4,84.86,4.78,5.22,2.5,2.3,6.36
2007/1/20,635.4,84.86,4.78,5.28,2.5,2.3,6.36
2007/1/21,633.4,84.86,4.78,5.25,2.5,2.3,6.36
2007/1/22,646.7,85.02,4.76,5.23,2.5,2.3,6.36
2007/1/23,648.8,84.67,4.81,5.25,2.5,2.3,6.36
2007/1/24,646.1,84.94,4.81,5.25,2.5,2.3,6.36
2007/1/25,646,85.11,4.87,5.25,2.5,2.3,6.36
2007/1/26,646,85.28,4.88,5.24,2.5,2.3,6.36
2007/1/27,646,85.28,4.88,5.26,2.5,2.3,6.36
2007/1/28,643.7,85.28,4.88,5.27,2.1,2.1,6.36
2007/1/29,647.3,85.1,4.9,5.31,2.1,2.1,6.36
2007/1/30,653.2,85.03,4.88,5.26,2.1,2.1,6.36
2007/1/31,657.2,84.61,4.83,5.26,2.1,2.1,6.36
2007/2/1,647.85,84.63,4.84,5.26,2.1,2.1,6.36
2007/2/2,647.85,84.96,4.83,5.26,2.1,2.1,6.36
2007/2/3,647.85,84.96,4.83,5.23,2.1,2.1,6.36
2007/2/4,648.45,84.96,4.83,5.33,2.1,2.1,6.36
2007/2/5,653.3,85.08,4.81,5.29,2.1,2.1,6.36
2007/2/6,651.45,84.78,4.77,5.24,2.1,2.1,6.36
2007/2/7,660.45,84.75,4.74,5.24,2.1,2.1,6.36
2007/2/8,666.85,84.7,4.73,5.24,2.1,2.1,6.36
2007/2/9,666.85,84.87,4.79,5.25,2.1,2.1,6.36
2007/2/10,666.85,84.87,4.79,5.24,2.1,2.1,6.36
2007/2/11,661.1,84.87,4.79,5.23,2.1,2.1,6.36
2007/2/12,664.25,85.15,4.8,5.25,2.1,2.1,6.36
2007/2/13,669.13,84.73,4.82,5.25,2.1,2.1,6.36
2007/2/14,669.75,84.2,4.74,5.25,2.1,2.1,6.36
2007/2/15,669.05,84.01,4.7,5.25,2.1,2.1,6.36
2007/2/16,669.05,84.09,4.69,5.28,2.1,2.1,6.36
2007/2/17,669.05,84.09,4.69,5.26,2.1,2.1,6.36
2007/2/18,670.75,84.09,4.69,5.27,2.1,2.1,6.36
2007/2/19,657.25,84.09,4.69,5.29,2.1,2.1,6.36
2007/2/20,678.85,84.19,4.68,5.24,2.1,2.1,6.36
2007/2/21,677.45,84.21,4.69,5.24,2.1,2.1,6.36
2007/2/22,682.55,84.32,4.73,5.24,2.1,2.1,6.36
2007/2/23,682.55,84.07,4.68,5.24,2.1,2.1,6.36
2007/2/24,682.55,84.07,4.68,5.27,2.1,2.1,6.36
2007/2/25,686.55,84.07,4.68,5.23,2.1,2.1,6.36
2007/2/26,663.35,83.93,4.63,5.26,2.1,2.1,6.36
2007/2/27,669.35,83.48,4.5,5.24,2.1,2.1,6.36
2007/2/28,664.45,83.57,4.56,5.24,2.4,2.4,6.36
2007/3/1,642.45,83.68,4.56,5.24,2.4,2.4,6.36
2007/3/2,642.45,83.74,4.52,5.3,2.4,2.4,6.36
2007/3/3,642.45,83.74,4.52,5.27,2.4,2.4,6.36
2007/3/4,636.6,83.74,4.52,5.41,2.4,2.4,6.36
2007/3/5,646.5,84.15,4.51,5.31,2.4,2.4,6.36
2007/3/6,649,84.07,4.53,5.23,2.4,2.4,6.36
2007/3/7,651.8,83.78,4.5,5.23,2.4,2.4,6.36
2007/3/8,650.27,84.1,4.51,5.23,2.4,2.4,6.36
2007/3/9,650.27,84.24,4.59,5.27,2.4,2.4,6.36
2007/3/10,650.27,84.24,4.59,5.22,2.4,2.4,6.36
2007/3/11,650.5,84.24,4.59,5.24,2.4,2.4,6.36
2007/3/12,643.8,83.86,4.56,5.24,2.4,2.4,6.36
2007/3/13,644.7,83.73,4.5,5.24,2.4,2.4,6.36
2007/3/14,646.6,83.61,4.53,5.24,2.4,2.4,6.36
2007/3/15,653.4,83.68,4.54,5.24,2.4,2.4,6.36
2007/3/16,653.4,83.23,4.55,5.25,2.4,2.4,6.36
2007/3/17,653.4,83.23,4.55,5.25,2.4,2.4,6.36
2007/3/18,654.2,83.23,4.55,5.27,2.4,2.4,6.36
2007/3/19,658.8,83.39,4.58,5.29,2.4,2.4,6.36
2007/3/20,664.2,83.11,4.56,5.25,2.4,2.4,6.36
2007/3/21,664,82.77,4.53,5.25,2.4,2.4,6.36
2007/3/22,657.4,83.09,4.6,5.25,2.4,2.4,6.36
2007/3/23,657.4,83.28,4.62,5.26,2.4,2.4,6.36
2007/3/24,657.4,83.28,4.62,5.26,2.4,2.4,6.36
2007/3/25,664.1,83.28,4.62,5.26,2.4,2.4,6.36
2007/3/26,664.41,83.08,4.6,5.27,2.4,2.4,6.36
2007/3/27,665.55,83.01,4.62,5.24,2.4,2.4,6.36
2007/3/28,661.5,83.03,4.62,5.24,2.8,2.6,5.72
2007/3/29,663.79,83.09,4.64,5.24,2.8,2.6,5.72
2007/3/30,663.79,82.93,4.65,5.28,2.8,2.6,5.72
2007/3/31,663.79,82.93,4.65,5.25,2.8,2.6,5.72
2007/4/1,664,82.93,4.65,5.27,2.8,2.6,5.72
2007/4/2,663.95,82.87,4.65,5.29,2.8,2.6,5.72
2007/4/3,674.35,83.15,4.67,5.3,2.8,2.6,5.72
2007/4/4,674.45,82.96,4.66,5.3,2.8,2.6,5.72
2007/4/5,675,82.68,4.68,5.3,2.8,2.6,5.72
2007/4/6,675,82.99,4.76,5.25,2.8,2.6,5.72
2007/4/7,675,82.99,4.76,5.2,2.8,2.6,5.72
2007/4/8,670.75,82.99,4.76,5.21,2.8,2.6,5.72
2007/4/9,677.9,83.1,4.75,5.3,2.8,2.6,5.72
2007/4/10,677.3,82.7,4.73,5.3,2.8,2.6,5.72
2007/4/11,676.1,82.67,4.74,5.3,2.8,2.6,5.72
2007/4/12,685.52,82.37,4.74,5.3,2.8,2.6,5.72
2007/4/13,685.52,82.13,4.76,5.28,2.8,2.6,5.72
2007/4/14,685.52,82.13,4.76,5.26,2.8,2.6,5.72
2007/4/15,690.2,82.13,4.76,5.24,2.8,2.6,5.72
2007/4/16,686.55,82.07,4.74,5.27,2.8,2.6,5.72
2007/4/17,690.05,81.83,4.69,5.25,2.8,2.6,5.72
2007/4/18,682.95,81.74,4.66,5.25,2.8,2.6,5.72
2007/4/19,691.95,81.64,4.68,5.25,2.8,2.6,5.72
2007/4/20,691.95,81.64,4.68,5.29,2.8,2.6,5.72
2007/4/21,691.95,81.64,4.68,5.2,2.8,2.6,5.72
2007/4/22,689.15,81.64,4.68,5.19,2.8,2.6,5.72
2007/4/23,683.65,81.74,4.66,5.23,2.8,2.6,5.72
2007/4/24,686.25,81.55,4.63,5.25,2.8,2.6,5.72
2007/4/25,674.75,81.43,4.66,5.25,2.8,2.6,5.72
2007/4/26,681.55,81.75,4.69,5.25,2.8,2.6,5.72
2007/4/27,681.55,81.53,4.71,5.23,2.8,2.6,5.72
2007/4/28,681.55,81.53,4.71,5.2,2.6,2.3,5.72
2007/4/29,678.45,81.53,4.71,5.19,2.6,2.3,5.72
2007/4/30,673.45,81.45,4.63,5.24,2.6,2.3,5.72
2007/5/1,673.15,81.59,4.64,5.24,2.6,2.3,5.72
2007/5/2,682.35,81.74,4.65,5.24,2.6,2.3,5.72
2007/5/3,688.85,81.95,4.68,5.24,2.6,2.3,5.72
2007/5/4,688.85,81.74,4.65,5.29,2.6,2.3,5.72
2007/5/5,688.85,81.74,4.65,5.26,2.6,2.3,5.72
2007/5/6,688.75,81.74,4.65,5.21,2.6,2.3,5.72
2007/5/7,685.65,81.68,4.64,5.24,2.6,2.3,5.72
2007/5/8,680.55,81.94,4.63,5.24,2.6,2.3,5.72
2007/5/9,665.65,82.02,4.67,5.24,2.6,2.3,5.72
2007/5/10,670.85,82.29,4.65,5.24,2.6,2.3,5.72
2007/5/11,670.85,82.12,4.67,5.24,2.6,2.3,5.72
2007/5/12,670.85,82.12,4.67,5.21,2.6,2.3,5.72
2007/5/13,669.75,82.12,4.67,5.21,2.6,2.3,5.72
2007/5/14,672.05,82.07,4.69,5.25,2.6,2.3,5.72
2007/5/15,662.15,81.75,4.71,5.27,2.6,2.3,5.72
2007/5/16,657.65,82.16,4.71,5.27,2.6,2.3,5.72
2007/5/17,661.75,82.32,4.76,5.27,2.6,2.3,5.72
2007/5/18,661.75,82.2,4.81,5.26,2.6,2.3,5.72
2007/5/19,661.75,82.2,4.81,5.29,2.6,2.3,5.72
2007/5/20,663.25,82.2,4.81,5.25,2.6,2.3,5.72
2007/5/21,659.25,82.36,4.79,5.25,2.6,2.3,5.72
2007/5/22,661.85,82.39,4.83,5.24,2.6,2.3,5.72
2007/5/23,654.65,82.31,4.86,5.24,2.6,2.3,5.72
2007/5/24,656,82.41,4.86,5.24,2.6,2.3,5.72
2007/5/25,656,82.33,4.86,5.24,2.6,2.3,5.72
2007/5/26,656,82.33,4.86,5.23,2.6,2.3,5.72
2007/5/27,655.55,82.33,4.86,5.25,2.6,2.3,5.72
2007/5/28,656.85,82.33,4.86,5.24,2.7,2.4,5.72
2007/5/29,653.45,82.31,4.88,5.29,2.7,2.4,5.72
2007/5/30,660.5,82.43,4.88,5.29,2.7,2.4,5.72
2007/5/31,671.75,82.3,4.9,5.29,2.7,2.4,5.72
2007/6/1,671.75,82.32,4.95,5.29,2.7,2.4,5.72
2007/6/2,671.75,82.32,4.95,5.29,2.7,2.4,5.72
2007/6/3,671.15,82.32,4.95,5.25,2.7,2.4,5.72
2007/6/4,670.05,82.06,4.93,5.28,2.7,2.4,5.72
2007/6/5,670.75,81.89,4.98,5.23,2.7,2.4,5.72
2007/6/6,659.15,81.9,4.97,5.23,2.7,2.4,5.72
2007/6/7,648.85,82.29,5.11,5.23,2.7,2.4,5.72
2007/6/8,648.85,82.69,5.12,5.24,2.7,2.4,5.72
2007/6/9,648.85,82.69,5.12,5.19,2.7,2.4,5.72
2007/6/10,653.65,82.69,5.12,5.25,2.7,2.4,5.72
2007/6/11,647.25,82.71,5.14,5.25,2.7,2.4,5.72
2007/6/12,651.75,82.89,5.26,5.26,2.7,2.4,5.72
2007/6/13,651.95,83.03,5.2,5.26,2.7,2.4,5.72
2007/6/14,655.35,83.13,5.23,5.26,2.7,2.4,5.72
2007/6/15,655.35,82.85,5.16,5.27,2.7,2.4,5.72
2007/6/16,655.35,82.85,5.16,5.26,2.7,2.4,5.72
2007/6/17,656.35,82.85,5.16,5.26,2.7,2.4,5.72
2007/6/18,661.45,82.72,5.15,5.28,2.7,2.4,5.72
2007/6/19,654.55,82.54,5.09,5.26,2.7,2.4,5.72
2007/6/20,651.73,82.52,5.14,5.26,2.7,2.4,5.72
2007/6/21,654.3,82.73,5.16,5.26,2.7,2.4,5.72
2007/6/22,654.3,82.34,5.14,5.23,2.7,2.4,5.72
2007/6/23,654.3,82.34,5.14,5.21,2.7,2.4,5.72
2007/6/24,651,82.34,5.14,5.27,2.7,2.4,5.72
2007/6/25,640.9,82.33,5.09,5.26,2.7,2.4,5.72
2007/6/26,643.5,82.3,5.1,5.24,2.7,2.4,5.72
2007/6/27,648.95,82.32,5.09,5.24,2.7,2.4,5.72
2007/6/28,649.65,82.33,5.12,5.24,2.7,2.3,6.48
2007/6/29,649.65,81.92,5.03,5.29,2.7,2.3,6.48
2007/6/30,649.65,81.92,5.03,5.25,2.7,2.3,6.48
2007/7/1,657.25,81.92,5.03,5.26,2.7,2.3,6.48
2007/7/2,653.2,81.39,5,5.26,2.7,2.3,6.48
2007/7/3,654.2,81.44,5.05,5.31,2.7,2.3,6.48
2007/7/4,649.5,81.44,5.05,5.31,2.7,2.3,6.48
2007/7/5,655.9,81.54,5.16,5.31,2.7,2.3,6.48
2007/7/6,655.9,81.47,5.19,5.31,2.7,2.3,6.48
2007/7/7,655.9,81.47,5.19,5.24,2.7,2.3,6.48
2007/7/8,660.4,81.47,5.19,5.24,2.7,2.3,6.48
2007/7/9,663.3,81.43,5.16,5.25,2.7,2.3,6.48
2007/7/10,660.65,80.86,5.03,5.22,2.7,2.3,6.48
2007/7/11,666.8,80.73,5.09,5.22,2.7,2.3,6.48
2007/7/12,666.9,80.64,5.13,5.22,2.7,2.3,6.48
2007/7/13,666.9,80.58,5.11,5.22,2.7,2.3,6.48
2007/7/14,666.9,80.58,5.11,5.24,2.7,2.3,6.48
2007/7/15,664.9,80.58,5.11,5.24,2.7,2.3,6.48
2007/7/16,664.9,80.52,5.05,5.26,2.7,2.3,6.48
2007/7/17,673,80.54,5.08,5.25,2.7,2.3,6.48
2007/7/18,677.5,80.42,5.02,5.25,2.7,2.3,6.48
2007/7/19,683.4,80.42,5.04,5.25,2.7,2.3,6.48
2007/7/20,683.4,80.29,4.96,5.32,2.7,2.3,6.48
2007/7/21,683.4,80.29,4.96,5.28,2.7,2.3,6.48
2007/7/22,681.6,80.29,4.96,5.26,2.7,2.3,6.48
2007/7/23,681,80.35,4.97,5.25,2.7,2.3,6.48
2007/7/24,674.9,80.08,4.94,5.25,2.7,2.3,6.48
2007/7/25,662.9,80.65,4.92,5.25,2.7,2.3,6.48
2007/7/26,661.2,80.45,4.79,5.25,2.7,2.3,6.48
2007/7/27,661.2,80.95,4.8,5.26,2.7,2.3,6.48
2007/7/28,661.2,80.95,4.8,5.25,2.4,2.1,6.48
2007/7/29,665,80.95,4.8,5.32,2.4,2.1,6.48
2007/7/30,664.3,80.85,4.82,5.28,2.4,2.1,6.48
2007/7/31,666.9,80.77,4.78,5.25,2.4,2.1,6.48
2007/8/1,665.55,80.87,4.76,5.25,2.4,2.1,6.48
2007/8/2,673,80.71,4.77,5.25,2.4,2.1,6.48
2007/8/3,673,80.18,4.71,5.29,2.4,2.1,6.48
2007/8/4,673,80.18,4.71,5.28,2.4,2.1,6.48
2007/8/5,672.01,80.18,4.71,5.3,2.4,2.1,6.48
2007/8/6,672.4,80.25,4.72,5.24,2.4,2.1,6.48
2007/8/7,674.8,80.48,4.77,5.24,2.4,2.1,6.48
2007/8/8,662.1,80.34,4.84,5.24,2.4,2.1,6.48
2007/8/9,672.8,80.74,4.79,5.24,2.4,2.1,6.48
2007/8/10,672.8,80.68,4.81,5.26,2.4,2.1,6.48
2007/8/11,672.8,80.68,4.81,5.26,2.4,2.1,6.48
2007/8/12,669.5,80.68,4.81,5.27,2.4,2.1,6.48
2007/8/13,669.2,81.05,4.78,5.41,2.4,2.1,6.48
2007/8/14,667.6,81.49,4.73,4.68,2.4,2.1,6.48
2007/8/15,652.01,81.82,4.69,4.68,2.4,2.1,6.48
2007/8/16,657.8,81.73,4.6,4.68,2.4,2.1,6.48
2007/8/17,657.8,81.43,4.68,4.81,2.4,2.1,6.48
2007/8/18,657.8,81.43,4.68,4.54,2.4,2.1,6.48
2007/8/19,657.11,81.43,4.68,4.71,2.4,2.1,6.48
2007/8/20,657.3,81.4,4.64,4.97,2.4,2.1,6.48
2007/8/21,660.8,81.49,4.6,4.91,2.4,2.1,6.48
2007/8/22,660.38,81.25,4.63,4.91,2.4,2.1,6.48
2007/8/23,668.2,81.14,4.62,4.91,2.4,2.1,6.48
2007/8/24,668.2,80.67,4.63,5.03,2.4,2.1,6.48
2007/8/25,668.2,80.67,4.63,4.89,2.4,2.1,6.48
2007/8/26,667.6,80.67,4.63,4.77,2.4,2.1,6.48
2007/8/27,662.5,80.74,4.6,4.88,2.4,2.1,6.48
2007/8/28,667.6,80.76,4.53,5.11,2,1.9,6.48
2007/8/29,665.3,80.7,4.57,5.11,2,1.9,6.48
2007/8/30,673.4,80.79,4.51,5.11,2,1.9,6.48
2007/8/31,673.4,80.79,4.54,5.27,2,1.9,6.48
2007/9/1,673.4,80.79,4.54,5.3,2,1.9,6.48
2007/9/2,672.52,80.79,4.54,5,2,1.9,6.48
2007/9/3,681.65,80.79,4.54,5,2,1.9,6.48
2007/9/4,681.8,80.88,4.56,4.96,2,1.9,6.48
2007/9/5,695.41,80.62,4.48,4.96,2,1.9,6.48
2007/9/6,701,80.47,4.51,4.96,2,1.9,6.48
2007/9/7,701,79.96,4.38,4.96,2,1.9,6.48
2007/9/8,701,79.96,4.38,5.22,2,1.9,6.48
2007/9/9,703.1,79.96,4.38,5.18,2,1.9,6.48
2007/9/10,712.5,79.82,4.34,4.98,2,1.9,6.48
2007/9/11,711.6,79.7,4.37,4.86,2,1.9,6.48
2007/9/12,708.3,79.36,4.41,4.86,2,1.9,6.48
2007/9/13,707.6,79.51,4.49,4.86,2,1.9,6.48
2007/9/14,707.6,79.62,4.47,5.07,2,1.9,6.48
2007/9/15,707.6,79.62,4.47,5.06,2,1.9,6.48
2007/9/16,717.9,79.62,4.47,5.18,2,1.9,6.48
2007/9/17,723.5,79.72,4.48,5.09,2,1.9,6.48
2007/9/18,721.4,79.21,4.5,5.25,2,1.9,6.48
2007/9/19,733.26,79.3,4.53,5.25,2,1.9,6.48
2007/9/20,731.5,78.58,4.69,5.25,2,1.9,6.48
2007/9/21,731.5,78.6,4.64,5.33,2,1.9,6.48
2007/9/22,731.5,78.6,4.64,4.92,2,1.9,6.48
2007/9/23,730.6,78.6,4.64,4.74,2,1.9,6.48
2007/9/24,731.7,78.53,4.63,4.77,2,1.9,6.48
2007/9/25,728.8,78.31,4.63,4.76,2,1.9,6.48
2007/9/26,734.43,78.49,4.63,4.76,2,1.9,6.48
2007/9/27,743.6,78.34,4.58,4.76,2,1.9,6.48
2007/9/28,743.6,77.72,4.59,4.74,2.8,2.5,6.95
2007/9/29,743.6,77.72,4.59,4.82,2.8,2.5,6.95
2007/9/30,747.2,77.72,4.59,4.88,2.8,2.5,6.95
2007/10/1,731.6,77.9,4.56,4.93,2.8,2.5,6.95
2007/10/2,727.9,78.3,4.54,4.58,2.8,2.5,6.95
2007/10/3,738,78.57,4.55,4.58,2.8,2.5,6.95
2007/10/4,742.7,78.48,4.54,4.58,2.8,2.5,6.95
2007/10/5,742.7,78.31,4.65,4.92,2.8,2.5,6.95
2007/10/6,742.7,78.31,4.65,4.78,2.8,2.5,6.95
2007/10/7,733.3,78.31,4.65,4.68,2.8,2.5,6.95
2007/10/8,737.9,78.67,4.65,4.74,2.8,2.5,6.95
2007/10/9,741.1,78.53,4.67,4.77,2.8,2.5,6.95
2007/10/10,747.88,78.38,4.65,4.77,2.8,2.5,6.95
2007/10/11,749.1,78.08,4.66,4.77,2.8,2.5,6.95
2007/10/12,749.1,78.22,4.7,4.77,2.8,2.5,6.95
2007/10/13,749.1,78.22,4.7,4.91,2.8,2.5,6.95
2007/10/14,759.4,78.22,4.7,4.52,2.8,2.5,6.95
2007/10/15,760.5,78.09,4.69,4.75,2.8,2.5,6.95
2007/10/16,754.82,78.25,4.66,4.75,2.8,2.5,6.95
2007/10/17,768.2,78.12,4.57,4.75,2.8,2.5,6.95
2007/10/18,765.2,77.59,4.52,4.75,2.8,2.5,6.95
2007/10/19,765.2,77.41,4.41,4.81,2.8,2.5,6.95
2007/10/20,765.2,77.41,4.41,4.68,2.8,2.5,6.95
2007/10/21,754.2,77.41,4.41,4.7,2.8,2.5,6.95
2007/10/22,759.8,78.06,4.42,4.69,2.8,2.5,6.95
2007/10/23,763.95,77.59,4.41,4.77,2.8,2.5,6.95
2007/10/24,769.3,77.55,4.36,4.77,2.8,2.5,6.95
2007/10/25,785.2,77.28,4.37,4.77,2.8,2.5,6.95
2007/10/26,785.2,77.03,4.41,4.71,2.8,2.5,6.95
2007/10/27,785.2,77.03,4.41,4.67,2.8,2.5,6.95
2007/10/28,791.8,77.03,4.41,4.74,3.5,3.1,6.95
2007/10/29,782.1,76.84,4.39,4.86,3.5,3.1,6.95
2007/10/30,796.59,76.77,4.4,4.8,3.5,3.1,6.95
2007/10/31,787.3,76.48,4.48,4.8,3.5,3.1,6.95
2007/11/1,807,76.59,4.36,4.8,3.5,3.1,6.95
2007/11/2,807,76.34,4.31,4.84,3.5,3.1,6.95
2007/11/3,807,76.34,4.31,4.78,3.5,3.1,6.95
2007/11/4,806.5,76.34,4.31,4.6,3.5,3.1,6.95
2007/11/5,825,76.42,4.35,4.59,3.5,3.1,6.95
2007/11/6,831.09,76.04,4.38,4.28,3.5,3.1,6.95
2007/11/7,833.59,75.41,4.34,4.28,3.5,3.1,6.95
2007/11/8,832,75.46,4.28,4.28,3.5,3.1,6.95
2007/11/9,832,75.4,4.23,4.29,3.5,3.1,6.95
2007/11/10,832,75.4,4.23,4.22,3.5,3.1,6.95
2007/11/11,793.5,75.4,4.23,4.39,3.5,3.1,6.95
2007/11/12,802,75.9,4.23,4.58,3.5,3.1,6.95
2007/11/13,811.95,75.88,4.26,4.49,3.5,3.1,6.95
2007/11/14,788.45,75.81,4.28,4.49,3.5,3.1,6.95
2007/11/15,786.3,76.07,4.17,4.49,3.5,3.1,6.95
2007/11/16,786.3,75.83,4.15,4.49,3.5,3.1,6.95
2007/11/17,786.3,75.83,4.15,4.61,3.5,3.1,6.95
2007/11/18,781.75,75.83,4.15,4.6,3.5,3.1,6.95
2007/11/19,803.2,75.78,4.07,4.54,3.5,3.1,6.95
2007/11/20,800.32,75.2,4.06,4.51,3.5,3.1,6.95
2007/11/21,804.53,75.07,4,4.51,3.5,3.1,6.95
2007/11/22,823.8,75.07,4,4.51,3.5,3.1,6.95
2007/11/23,823.8,75.05,4.01,4.51,3.5,3.1,6.95
2007/11/24,823.8,75.05,4.01,4.51,3.5,3.1,6.95
2007/11/25,824.6,75.05,4.01,4.5,3.5,3.1,6.95
2007/11/26,812.59,74.86,3.83,4.5,3.5,3.1,6.95
2007/11/27,804.83,75.1,3.95,4.56,3.5,3.1,6.95
2007/11/28,793.07,75.08,4.03,4.56,4.3,3.6,6.95
2007/11/29,783.75,75.59,3.94,4.56,4.3,3.6,6.95
2007/11/30,783.75,76.15,3.97,4.62,4.3,3.6,6.95
2007/12/1,783.75,76.15,3.97,4.39,4.3,3.6,6.95
2007/12/2,794.3,76.15,3.97,4.53,4.3,3.6,6.95
2007/12/3,801.7,75.94,3.89,4.55,4.3,3.6,6.95
2007/12/4,795.15,75.69,3.89,4.66,4.3,3.6,6.95
2007/12/5,802.42,76.41,3.92,4.66,4.3,3.6,6.95
2007/12/6,794.8,76.38,4.02,4.66,4.3,3.6,6.95
2007/12/7,794.8,76.29,4.12,4.52,4.3,3.6,6.95
2007/12/8,794.8,76.29,4.12,4.5,4.3,3.6,6.95
2007/12/9,808.53,76.29,4.12,4.31,4.3,3.6,6.95
2007/12/10,796.98,76.06,4.15,4.49,4.3,3.6,6.95
2007/12/11,813.48,76.22,3.98,4.41,4.3,3.6,6.95
2007/12/12,797.62,76.14,4.05,4.41,4.3,3.6,6.95
2007/12/13,794.49,76.56,4.18,4.41,4.3,3.6,6.95
2007/12/14,794.49,77.44,4.24,4.46,4.3,3.6,6.95
2007/12/15,794.49,77.44,4.24,4.29,4.3,3.6,6.95
2007/12/16,793.35,77.44,4.24,4.28,4.3,3.6,6.95
2007/12/17,802.88,77.4,4.2,4.3,4.3,3.6,6.95
2007/12/18,802.19,77.41,4.14,4.24,4.3,3.6,6.95
2007/12/19,796.38,77.59,4.06,4.24,4.3,3.6,6.95
2007/12/20,811.72,77.79,4.04,4.24,4.3,3.6,6.95
2007/12/21,811.72,77.72,4.18,4.31,4.3,3.6,6.95
2007/12/22,811.72,77.72,4.18,4.16,4.3,3.6,6.95
2007/12/23,811.8,77.72,4.18,3.98,4.3,3.6,6.95
2007/12/24,807,77.57,4.23,4.37,4.3,3.6,6.95
2007/12/25,824.5,77.57,4.23,4.28,4.3,3.6,6.95
2007/12/26,825.58,77.15,4.3,4.28,4.3,3.6,6.95
2007/12/27,840.5,76.61,4.21,4.28,4.3,3.6,6.95
2007/12/28,840.5,76.22,4.11,4,4.1,3.5,7.87
2007/12/29,840.5,76.22,4.11,4,4.1,3.5,7.87
2007/12/30,833.92,76.22,4.11,4.26,4.1,3.5,7.87
2007/12/31,833.7,76.69,4.04,4.15,4.1,3.5,7.87
2008/1/1,857.55,76.69,4.04,4.01,4.1,3.5,7.87
2008/1/2,864.93,75.97,3.91,4.01,4.1,3.5,7.87
2008/1/3,859.6,75.89,3.91,4.01,4.1,3.5,7.87
2008/1/4,859.6,75.79,3.88,3.06,4.1,3.5,7.87
2008/1/5,859.6,75.79,3.88,3.06,4.1,3.5,7.87
2008/1/6,858.16,75.79,3.88,4.11,4.1,3.5,7.87
2008/1/7,878.16,76.17,3.86,4.25,4.1,3.5,7.87
2008/1/8,878.8,76.11,3.86,4.18,4.1,3.5,7.87
2008/1/9,893.3,76.42,3.82,4.18,4.1,3.5,7.87
2008/1/10,895.4,75.93,3.91,4.18,4.1,3.5,7.87
2008/1/11,895.4,75.98,3.82,4.27,4.1,3.5,7.87
2008/1/12,895.4,75.98,3.82,4.27,4.1,3.5,7.87
2008/1/13,904.13,75.98,3.82,4.26,4.1,3.5,7.87
2008/1/14,888.1,75.61,3.81,4.26,4.1,3.5,7.87
2008/1/15,877.03,75.57,3.72,4.23,4.1,3.5,7.87
2008/1/16,877.76,76.26,3.74,4.23,4.1,3.5,7.87
2008/1/17,883.17,76.17,3.66,4.23,4.1,3.5,7.87
2008/1/18,883.17,76.38,3.66,4.24,4.1,3.5,7.87
2008/1/19,883.17,76.38,3.66,4.24,4.1,3.5,7.87
2008/1/20,865,76.38,3.66,4.22,4.1,3.5,7.87
2008/1/21,892.34,76.87,3.66,4.23,4.1,3.5,7.87
2008/1/22,890.32,76.35,3.52,4.17,4.1,3.5,7.87
2008/1/23,912.85,76.4,3.51,4.17,4.1,3.5,7.87
2008/1/24,913.95,75.69,3.68,4.17,4.1,3.5,7.87
2008/1/25,913.95,75.97,3.61,4.17,4.1,3.5,7.87
2008/1/26,913.95,75.97,3.61,3.68,4.1,3.5,7.87
2008/1/27,928.97,75.97,3.61,3.43,4.1,3.5,7.87
2008/1/28,923.76,75.58,3.61,3.47,4.3,3.4,7.87
2008/1/29,929.4,75.55,3.69,3.6,4.3,3.4,7.87
2008/1/30,925.99,75.03,3.78,3.6,4.3,3.4,7.87
2008/1/31,905.48,75.18,3.67,3.6,4.3,3.4,7.87
2008/2/1,905.48,75.44,3.62,3.5,4.3,3.4,7.87
2008/2/2,905.48,75.44,3.62,3.47,4.3,3.4,7.87
2008/2/3,903.58,75.44,3.62,3.26,4.3,3.4,7.87
2008/2/4,888.17,75.37,3.68,3.22,4.3,3.4,7.87
2008/2/5,900.6,76.12,3.61,3.12,4.3,3.4,7.87
2008/2/6,910.51,76.14,3.61,3.12,4.3,3.4,7.87
2008/2/7,922.99,76.94,3.74,3.12,4.3,3.4,7.87
2008/2/8,922.99,76.67,3.64,2.82,4.3,3.4,7.87
2008/2/9,922.99,76.67,3.64,2.71,4.3,3.4,7.87
2008/2/10,923.5,76.67,3.64,2.94,4.3,3.4,7.87
2008/2/11,906.39,76.58,3.62,3.03,4.3,3.4,7.87
2008/2/12,906.6,76.31,3.66,3.05,4.3,3.4,7.87
2008/2/13,908.2,76.4,3.7,3.05,4.3,3.4,7.87
2008/2/14,902.5,76.16,3.85,3.05,4.3,3.4,7.87
2008/2/15,902.5,76.1,3.76,2.88,4.3,3.4,7.87
2008/2/16,902.5,76.1,3.76,2.91,4.3,3.4,7.87
2008/2/17,905.2,76.1,3.76,3.02,4.3,3.4,7.87
2008/2/18,927.8,76.26,3.76,3.03,4.3,3.4,7.87
2008/2/19,944.1,76,3.89,2.97,4.3,3.4,7.87
2008/2/20,946.1,76.12,3.93,2.97,4.3,3.4,7.87
2008/2/21,945.2,75.6,3.77,2.97,4.3,3.4,7.87
2008/2/22,945.2,75.52,3.79,2.97,4.3,3.4,7.87
2008/2/23,945.2,75.52,3.79,2.94,4.3,3.4,7.87
2008/2/24,939.6,75.52,3.79,3,4.3,3.4,7.87
2008/2/25,948.15,75.53,3.91,3.01,4.3,3.4,7.87
2008/2/26,957.84,74.76,3.88,2.97,4.3,3.4,7.87
2008/2/27,970.74,74.21,3.85,2.97,4.3,3.4,7.87
2008/2/28,974.17,73.72,3.71,2.97,4,3.3,7.87
2008/2/29,974.17,73.71,3.53,3,4,3.3,7.87
2008/3/1,974.17,73.71,3.53,2.85,4,3.3,7.87
2008/3/2,983.7,73.71,3.53,2.93,4,3.3,7.87
2008/3/3,964.01,73.7,3.54,3.06,4,3.3,7.87
2008/3/4,989.8,73.66,3.63,3.01,4,3.3,7.87
2008/3/5,978.99,73.48,3.7,3.01,4,3.3,7.87
2008/3/6,973.2,73,3.62,3.01,4,3.3,7.87
2008/3/7,973.2,73.03,3.56,3.1,4,3.3,7.87
2008/3/8,973.2,73.03,3.56,2.9,4,3.3,7.87
2008/3/9,972.84,73.03,3.56,2.93,4,3.3,7.87
2008/3/10,973.3,72.99,3.46,2.99,4,3.3,7.87
2008/3/11,982.93,73.28,3.6,2.96,4,3.3,7.87
2008/3/12,994.83,72.4,3.49,2.96,4,3.3,7.87
2008/3/13,1002.95,72.07,3.56,2.96,4,3.3,7.87
2008/3/14,1002.95,71.66,3.44,2.99,4,3.3,7.87
2008/3/15,1002.95,71.66,3.44,2.95,4,3.3,7.87
2008/3/16,1002.7,71.66,3.44,2.97,4,3.3,7.87
2008/3/17,982.24,71.46,3.34,2.98,4,3.3,7.87
2008/3/18,944.2,71.57,3.48,2.99,4,3.3,7.87
2008/3/19,910.2,72.14,3.38,2.99,4,3.3,7.87
2008/3/20,919.5,72.75,3.34,2.99,4,3.3,7.87
2008/3/21,919.5,72.75,3.34,2.69,4,3.3,7.87
2008/3/22,919.5,72.75,3.34,2.16,4,3.3,7.87
2008/3/23,915.3,72.75,3.34,2.08,4,3.3,7.87
2008/3/24,938.78,72.95,3.56,2.22,4,3.3,7.87
2008/3/25,954.17,72.28,3.51,2.08,4,3.3,7.87
2008/3/26,947.2,71.51,3.51,2.08,4,3.3,7.87
2008/3/27,931.05,71.66,3.56,2.08,4,3.3,7.87
2008/3/28,931.05,71.68,3.47,2.08,4,3.2,6.94
2008/3/29,931.05,71.68,3.47,2.42,4,3.2,6.94
2008/3/30,916.88,71.68,3.47,2.3,4,3.2,6.94
2008/3/31,882.7,71.8,3.45,2.27,4,3.2,6.94
2008/4/1,904.35,72.56,3.57,2.09,4,3.2,6.94
2008/4/2,902.9,72.26,3.6,2.09,4,3.2,6.94
2008/4/3,913.79,72.22,3.61,2.09,4,3.2,6.94
2008/4/4,913.79,72.02,3.5,2.51,4,3.2,6.94
2008/4/5,913.79,72.02,3.5,2.38,4,3.2,6.94
2008/4/6,920,72.02,3.5,2.18,4,3.2,6.94
2008/4/7,914.9,72.2,3.57,2.19,4,3.2,6.94
2008/4/8,934,72.23,3.58,2.26,4,3.2,6.94
2008/4/9,928.99,71.83,3.49,2.26,4,3.2,6.94
2008/4/10,925.3,72.12,3.55,2.26,4,3.2,6.94
2008/4/11,925.3,71.81,3.49,2.24,4,3.2,6.94
2008/4/12,925.3,71.81,3.49,2.23,4,3.2,6.94
2008/4/13,924.45,71.81,3.49,2.2,4,3.2,6.94
2008/4/14,927.91,71.88,3.53,2.3,4,3.2,6.94
2008/4/15,944.59,72.02,3.6,2.37,4,3.2,6.94
2008/4/16,938.8,71.41,3.72,2.37,4,3.2,6.94
2008/4/17,917.09,71.68,3.75,2.37,4,3.2,6.94
2008/4/18,917.09,72.01,3.77,2.32,4,3.2,6.94
2008/4/19,917.09,72.01,3.77,2.32,4,3.2,6.94
2008/4/20,916.74,72.01,3.77,2.35,4,3.2,6.94
2008/4/21,915.9,71.65,3.75,2.37,4,3.2,6.94
2008/4/22,904.25,71.33,3.74,2.32,4,3.2,6.94
2008/4/23,886.13,71.82,3.77,2.32,4,3.2,6.94
2008/4/24,886.3,72.53,3.87,2.32,4,3.2,6.94
2008/4/25,886.3,72.79,3.91,2.28,4,3.2,6.94
2008/4/26,886.3,72.79,3.91,1.99,4,3.2,6.94
2008/4/27,893.26,72.79,3.91,2.18,4,3.2,6.94
2008/4/28,870.5,72.79,3.86,2.26,3.9,3.1,6.94
2008/4/29,877.55,72.89,3.85,2.28,3.9,3.1,6.94
2008/4/30,852.7,72.51,3.77,2.28,3.9,3.1,6.94
2008/5/1,856.45,73.28,3.78,2.28,3.9,3.1,6.94
2008/5/2,856.45,73.5,3.89,2.29,3.9,3.1,6.94
2008/5/3,856.45,73.5,3.89,2.21,3.9,3.1,6.94
2008/5/4,874.2,73.5,3.89,2.37,3.9,3.1,6.94
2008/5/5,876.4,73.19,3.88,2.16,3.9,3.1,6.94
2008/5/6,868.75,73,3.93,1.88,3.9,3.1,6.94
2008/5/7,881.85,73.51,3.87,1.88,3.9,3.1,6.94
2008/5/8,884.85,73.48,3.79,1.88,3.9,3.1,6.94
2008/5/9,884.85,73.05,3.77,1.85,3.9,3.1,6.94
2008/5/10,884.85,73.05,3.77,1.91,3.9,3.1,6.94
2008/5/11,882.68,73.05,3.77,2.01,3.9,3.1,6.94
2008/5/12,866.95,72.95,3.78,1.99,3.9,3.1,6.94
2008/5/13,864,73.27,3.9,1.97,3.9,3.1,6.94
2008/5/14,881.65,73.4,3.92,1.97,3.9,3.1,6.94
2008/5/15,902.4,73.35,3.83,1.97,3.9,3.1,6.94
2008/5/16,902.4,72.84,3.85,1.88,3.9,3.1,6.94
2008/5/17,902.4,72.84,3.85,1.93,3.9,3.1,6.94
2008/5/18,905.2,72.84,3.85,2.03,3.9,3.1,6.94
2008/5/19,919.25,73.05,3.83,2.03,3.9,3.1,6.94
2008/5/20,932.55,72.41,3.78,1.91,3.9,3.1,6.94
2008/5/21,921.85,71.94,3.81,1.91,3.9,3.1,6.94
2008/5/22,925.1,72.28,3.92,1.91,3.9,3.1,6.94
2008/5/23,925.1,71.89,3.85,1.95,3.9,3.1,6.94
2008/5/24,925.1,71.89,3.85,1.99,3.9,3.1,6.94
2008/5/25,929.1,71.89,3.85,2.03,3.9,3.1,6.94
2008/5/26,906.45,71.89,3.85,2.05,3.9,3.1,6.94
2008/5/27,900.85,72.34,3.93,1.99,3.9,3.1,6.94
2008/5/28,877.9,72.55,4.03,1.99,4.2,3.3,6.94
2008/5/29,886.5,73.02,4.08,1.99,4.2,3.3,6.94
2008/5/30,886.5,72.88,4.06,1.99,4.2,3.3,6.94
2008/5/31,886.5,72.88,4.06,2.23,4.2,3.3,6.94
2008/6/1,891.42,72.88,4.06,2.08,4.2,3.3,6.94
2008/6/2,880.55,72.93,3.98,2.01,4.2,3.3,6.94
2008/6/3,880.9,73.24,3.92,1.98,4.2,3.3,6.94
2008/6/4,877.2,73.42,3.98,1.98,4.2,3.3,6.94
2008/6/5,902.25,73.04,4.06,1.98,4.2,3.3,6.94
2008/6/6,902.25,72.39,3.94,2.06,4.2,3.3,6.94
2008/6/7,902.25,72.39,3.94,1.95,4.2,3.3,6.94
2008/6/8,892.9,72.39,3.94,1.98,4.2,3.3,6.94
2008/6/9,867,72.85,4.02,1.98,4.2,3.3,6.94
2008/6/10,880.35,73.7,4.11,2.01,4.2,3.3,6.94
2008/6/11,868.2,73.21,4.1,2.01,4.2,3.3,6.94
2008/6/12,871.55,73.86,4.23,2.01,4.2,3.3,6.94
2008/6/13,871.55,74.15,4.27,2.02,4.2,3.3,6.94
2008/6/14,871.55,74.15,4.27,1.96,4.2,3.3,6.94
2008/6/15,882.4,74.15,4.27,1.95,4.2,3.3,6.94
2008/6/16,882.75,73.61,4.25,2.01,4.2,3.3,6.94
2008/6/17,894.35,73.51,4.23,2.02,4.2,3.3,6.94
2008/6/18,898.47,73.44,4.16,2.02,4.2,3.3,6.94
2008/6/19,902.3,73.48,4.22,2.02,4.2,3.3,6.94
2008/6/20,902.3,73.03,4.16,2.06,4.2,3.3,6.94
2008/6/21,902.3,73.03,4.16,1.87,4.2,3.3,6.94
2008/6/22,883.8,73.03,4.16,1.84,4.2,3.3,6.94
2008/6/23,889.6,73.43,4.19,1.94,4.2,3.3,6.94
2008/6/24,886.38,73.24,4.1,1.99,4.2,3.3,6.94
2008/6/25,917.3,72.93,4.12,1.99,4.2,3.3,6.94
2008/6/26,927.8,72.49,4.07,1.99,4.2,3.3,6.94
2008/6/27,927.8,72.36,3.99,1.98,4.2,3.3,6.94
2008/6/28,927.8,72.36,3.99,1.93,5,3.8,7.87
2008/6/29,925.4,72.36,3.99,1.97,5,3.8,7.87
2008/6/30,939.63,72.46,3.99,2.05,5,3.8,7.87
2008/7/1,945.15,72.37,4.01,1.99,5,3.8,7.87
2008/7/2,934.45,72.03,3.99,1.99,5,3.8,7.87
2008/7/3,933.25,72.74,3.99,1.99,5,3.8,7.87
2008/7/4,933.25,72.73,3.99,2.47,5,3.8,7.87
2008/7/5,933.25,72.73,3.99,2.11,5,3.8,7.87
2008/7/6,925.85,72.73,3.99,1.95,5,3.8,7.87
2008/7/7,919.63,72.67,3.95,1.92,5,3.8,7.87
2008/7/8,928.57,73.01,3.91,1.92,5,3.8,7.87
2008/7/9,947.66,72.58,3.85,1.92,5,3.8,7.87
2008/7/10,964.2,72.49,3.83,1.92,5,3.8,7.87
2008/7/11,964.2,72.1,3.96,1.99,5,3.8,7.87
2008/7/12,964.2,72.1,3.96,1.97,5,3.8,7.87
2008/7/13,972.6,72.1,3.96,1.99,5,3.8,7.87
2008/7/14,977.5,71.92,3.9,2.01,5,3.8,7.87
2008/7/15,959.95,71.87,3.87,1.97,5,3.8,7.87
2008/7/16,957.43,72.06,3.97,1.97,5,3.8,7.87
2008/7/17,955,72.24,4.07,1.97,5,3.8,7.87
2008/7/18,955,72.19,4.11,2.06,5,3.8,7.87
2008/7/19,955,72.19,4.11,2.16,5,3.8,7.87
2008/7/20,965.55,72.19,4.11,1.95,5,3.8,7.87
2008/7/21,946.4,71.99,4.09,2.03,5,3.8,7.87
2008/7/22,920.85,72.45,4.14,1.96,5,3.8,7.87
2008/7/23,928.05,72.81,4.16,1.96,5,3.8,7.87
2008/7/24,929.85,72.93,4.03,1.96,5,3.8,7.87
2008/7/25,929.85,72.86,4.13,1.98,5,3.8,7.87
2008/7/26,929.85,72.86,4.13,1.97,5,3.8,7.87
2008/7/27,930.63,72.86,4.13,2.04,5,3.8,7.87
2008/7/28,918.9,72.65,4.06,2.06,5.6,4.1,7.87
2008/7/29,906.1,73.31,4.09,2.13,5.6,4.1,7.87
2008/7/30,914.07,73.32,4.07,2.13,5.6,4.1,7.87
2008/7/31,910.95,73.23,3.99,2.13,5.6,4.1,7.87
2008/8/1,910.95,73.42,3.97,2,5.6,4.1,7.87
2008/8/2,910.95,73.42,3.97,2.05,5.6,4.1,7.87
2008/8/3,894.8,73.42,3.97,2.03,5.6,4.1,7.87
2008/8/4,874.4,73.46,3.98,2.09,5.6,4.1,7.87
2008/8/5,879.8,73.88,4.04,2.04,5.6,4.1,7.87
2008/8/6,873.05,74.24,4.06,2.04,5.6,4.1,7.87
2008/8/7,856.6,74.55,3.92,2.04,5.6,4.1,7.87
2008/8/8,856.6,75.84,3.94,1.97,5.6,4.1,7.87
2008/8/9,856.6,75.84,3.94,1.97,5.6,4.1,7.87
2008/8/10,823.85,75.84,3.94,2.01,5.6,4.1,7.87
2008/8/11,812.32,76.12,3.99,1.96,5.6,4.1,7.87
2008/8/12,826.8,76.15,3.91,2.01,5.6,4.1,7.87
2008/8/13,806.63,76.21,3.94,2.01,5.6,4.1,7.87
2008/8/14,787.7,76.67,3.89,2.01,5.6,4.1,7.87
2008/8/15,787.7,77.18,3.84,1.99,5.6,4.1,7.87
2008/8/16,787.7,77.18,3.84,1.95,5.6,4.1,7.87
2008/8/17,800.07,77.18,3.84,1.98,5.6,4.1,7.87
2008/8/18,814.2,77.12,3.82,2.09,5.6,4.1,7.87
2008/8/19,813.67,76.84,3.83,2.08,5.6,4.1,7.87
2008/8/20,837,76.96,3.79,2.08,5.6,4.1,7.87
2008/8/21,823.05,76.2,3.84,2.08,5.6,4.1,7.87
2008/8/22,823.05,76.81,3.87,1.91,5.6,4.1,7.87
2008/8/23,823.05,76.81,3.87,1.94,5.6,4.1,7.87
2008/8/24,821.95,76.81,3.87,1.98,5.6,4.1,7.87
2008/8/25,824.9,76.79,3.79,2.01,5.6,4.1,7.87
2008/8/26,826.9,77.25,3.79,2.02,5.6,4.1,7.87
2008/8/27,834.05,77.05,3.77,2.02,5.6,4.1,7.87
2008/8/28,831.15,77.15,3.79,2.02,5.4,4,7.87
2008/8/29,831.15,77.38,3.83,2.01,5.4,4,7.87
2008/8/30,831.15,77.38,3.83,1.88,5.4,4,7.87
2008/8/31,817.7,77.38,3.83,1.98,5.4,4,7.87
2008/9/1,805.35,77.38,3.83,1.99,5.4,4,7.87
2008/9/2,801.3,78.06,3.74,1.94,5.4,4,7.87
2008/9/3,796.45,78.09,3.71,1.94,5.4,4,7.87
2008/9/4,803.5,78.61,3.64,1.94,5.4,4,7.87
2008/9/5,803.5,78.93,3.66,1.94,5.4,4,7.87
2008/9/6,803.5,78.93,3.66,1.96,5.4,4,7.87
2008/9/7,802.3,78.93,3.66,2.01,5.4,4,7.87
2008/9/8,777.25,79.59,3.66,1.99,5.4,4,7.87
2008/9/9,752.45,79.25,3.62,1.97,5.4,4,7.87
2008/9/10,746.47,79.84,3.65,1.97,5.4,4,7.87
2008/9/11,765.5,80.15,3.64,1.97,5.4,4,7.87
2008/9/12,765.5,78.97,3.74,1.92,5.4,4,7.87
2008/9/13,765.5,78.97,3.74,1.96,5.4,4,7.87
2008/9/14,786.65,78.97,3.74,2.12,5.4,4,7.87
2008/9/15,779.75,78.91,3.47,2,5.4,4,7.87
2008/9/16,863.85,79.07,3.48,2.1,5.4,4,7.87
2008/9/17,850.84,78.09,3.41,2.1,5.4,4,7.87
2008/9/18,873.55,78.02,3.54,2.1,5.4,4,7.87
2008/9/19,873.55,77.68,3.78,2.64,5.4,4,7.87
2008/9/20,873.55,77.68,3.78,1.98,5.4,4,7.87
2008/9/21,897,77.68,3.78,2.8,5.4,4,7.87
2008/9/22,892.15,76.15,3.83,2.16,5.4,4,7.87
2008/9/23,882.63,76.47,3.85,1.48,5.4,4,7.87
2008/9/24,877.9,76.79,3.8,1.48,5.4,4,7.87
2008/9/25,878.75,76.99,3.88,1.48,5.4,4,7.87
2008/9/26,878.75,76.95,3.85,1.51,5.4,4,7.87
2008/9/27,878.75,76.95,3.85,1.46,5.4,4,7.87
2008/9/28,909.5,76.95,3.85,1.19,4.9,3.7,8.25
2008/9/29,870.95,77.47,3.61,1.23,4.9,3.7,8.25
2008/9/30,870.8,79.45,3.85,1.08,4.9,3.7,8.25
2008/10/1,836.4,79.46,3.77,1.08,4.9,3.7,8.25
2008/10/2,835.5,80.44,3.66,1.08,4.9,3.7,8.25
2008/10/3,835.5,80.31,3.63,1.56,4.9,3.7,8.25
2008/10/4,835.5,80.31,3.63,2.03,4.9,3.7,8.25
2008/10/5,859.75,80.31,3.63,1.15,4.9,3.7,8.25
2008/10/6,887.1,81.67,3.48,0.67,4.9,3.7,8.25
2008/10/7,907.62,80.97,3.5,1.1,4.9,3.7,8.25
2008/10/8,913.25,80.91,3.72,1.1,4.9,3.7,8.25
2008/10/9,849.85,81.16,3.84,1.1,4.9,3.7,8.25
2008/10/10,849.85,83,3.89,1.96,4.9,3.7,8.25
2008/10/11,849.85,83,3.89,2.97,4.9,3.7,8.25
2008/10/12,833.05,83,3.89,2.24,4.9,3.7,8.25
2008/10/13,836.7,81.88,3.89,1.4,4.9,3.7,8.25
2008/10/14,846.9,81.36,4.08,0.79,4.9,3.7,8.25
2008/10/15,804.6,82.05,4.04,0.79,4.9,3.7,8.25
2008/10/16,783.35,82.45,3.99,0.79,4.9,3.7,8.25
2008/10/17,783.35,82.41,3.98,0.79,4.9,3.7,8.25
2008/10/18,783.35,82.41,3.98,1.1,4.9,3.7,8.25
2008/10/19,796.9,82.41,3.98,1.04,4.9,3.7,8.25
2008/10/20,771.65,83.1,3.91,0.83,4.9,3.7,8.25
2008/10/21,730.45,83.99,3.76,0.6,4.9,3.7,8.25
2008/10/22,721.45,85.37,3.65,0.6,4.9,3.7,8.25
2008/10/23,734.75,85.36,3.63,0.6,4.9,3.7,8.25
2008/10/24,734.75,86.44,3.76,0.7,4.9,3.7,8.25
2008/10/25,734.75,86.44,3.76,0.67,4.9,3.7,8.25
2008/10/26,730.8,86.44,3.76,0.81,4.9,3.7,8.25
2008/10/27,746.95,86.93,3.79,0.93,4.9,3.7,8.25
2008/10/28,754.95,87.03,3.89,0.95,3.7,2.7,8.25
2008/10/29,738.13,85.07,3.93,0.95,3.7,2.7,8.25
2008/10/30,724.55,84.56,4,0.95,3.7,2.7,8.25
2008/10/31,724.55,85.63,4.01,0.92,3.7,2.7,8.25
2008/11/1,724.55,85.63,4.01,0.67,3.7,2.7,8.25
2008/11/2,723.45,85.63,4.01,0.36,3.7,2.7,8.25
2008/11/3,763.25,86.35,3.96,0.3,3.7,2.7,8.25
2008/11/4,740.35,84.78,3.81,0.22,3.7,2.7,8.25
2008/11/5,732.85,84.61,3.73,0.22,3.7,2.7,8.25
2008/11/6,736.65,85.89,3.75,0.22,3.7,2.7,8.25
2008/11/7,736.65,85.91,3.83,0.23,3.7,2.7,8.25
2008/11/8,736.65,85.91,3.83,0.23,3.7,2.7,8.25
2008/11/9,746.2,85.91,3.83,0.23,3.7,2.7,8.25
2008/11/10,731.7,85.91,3.82,0.23,3.7,2.7,8.25
2008/11/11,712.3,87.08,3.82,0.27,3.7,2.7,8.25
2008/11/12,736.5,87.47,3.75,0.27,3.7,2.7,8.25
2008/11/13,742.1,86.94,3.84,0.27,3.7,2.7,8.25
2008/11/14,742.1,86.36,3.72,0.29,3.7,2.7,8.25
2008/11/15,742.1,86.36,3.72,0.29,3.7,2.7,8.25
2008/11/16,737.92,86.36,3.72,0.35,3.7,2.7,8.25
2008/11/17,738.15,86.81,3.68,0.35,3.7,2.7,8.25
2008/11/18,734.55,87.37,3.53,0.34,3.7,2.7,8.25
2008/11/19,745.06,87.31,3.38,0.34,3.7,2.7,8.25
2008/11/20,800.4,87.97,3.1,0.34,3.7,2.7,8.25
2008/11/21,800.4,88.19,3.2,0.37,3.7,2.7,8.25
2008/11/22,800.4,88.19,3.2,0.38,3.7,2.7,8.25
2008/11/23,821.65,88.19,3.2,0.38,3.7,2.7,8.25
2008/11/24,821.05,86.08,3.35,0.49,3.7,2.7,8.25
2008/11/25,812.9,85,3.11,0.57,3.7,2.7,8.25
2008/11/26,815.83,85.67,2.99,0.57,3.7,2.7,8.25
2008/11/27,818.05,85.61,2.99,0.57,3.7,2.7,8.25
2008/11/28,818.05,86.52,2.93,0.62,1.1,0.9,8.25
2008/11/29,818.05,86.52,2.93,0.59,1.1,0.9,8.25
2008/11/30,768.95,86.52,2.93,0.53,1.1,0.9,8.25
2008/12/1,782.35,86.72,2.72,0.53,1.1,0.9,8.25
2008/12/2,773.95,86.7,2.68,0.52,1.1,0.9,8.25
2008/12/3,767,87.03,2.67,0.52,1.1,0.9,8.25
2008/12/4,756.45,86.44,2.55,0.52,1.1,0.9,8.25
2008/12/5,756.45,87.12,2.67,0.52,1.1,0.9,8.25
2008/12/6,756.45,87.12,2.67,0.47,1.1,0.9,8.25
2008/12/7,772.7,87.12,2.67,0.36,1.1,0.9,8.25
2008/12/8,776.95,85.56,2.77,0.2,1.1,0.9,8.25
2008/12/9,810.6,85.8,2.67,0.12,1.1,0.9,8.25
2008/12/10,821.35,85.47,2.69,0.12,1.1,0.9,8.25
2008/12/11,822.35,83.66,2.64,0.12,1.1,0.9,8.25
2008/12/12,822.35,83.71,2.6,0.12,1.1,0.9,8.25
2008/12/13,822.35,83.71,2.6,0.13,1.1,0.9,8.25
2008/12/14,838.45,83.71,2.6,0.11,1.1,0.9,8.25
2008/12/15,858.1,82.1,2.53,0.14,1.1,0.9,8.25
2008/12/16,867.9,80.2,2.37,0.15,1.1,0.9,8.25
2008/12/17,852.91,78.58,2.2,0.15,1.1,0.9,8.25
2008/12/18,838.28,79.7,2.08,0.15,1.1,0.9,8.25
2008/12/19,838.28,81.07,2.13,0.18,1.1,0.9,8.25
2008/12/20,838.28,81.07,2.13,0.17,1.1,0.9,8.25
2008/12/21,848.05,81.07,2.13,0.12,1.1,0.9,8.25
2008/12/22,840.2,81.19,2.16,0.11,1.1,0.9,8.25
2008/12/23,848,81.44,2.18,0.11,1.1,0.9,8.25
2008/12/24,846.99,81,2.2,0.11,1.1,0.9,8.25
2008/12/25,869.3,80.72,2.2,0.11,1.1,0.9,8.25
2008/12/26,869.3,80.97,2.16,0.11,1.1,0.9,8.25
2008/12/27,869.3,80.97,2.16,0.11,1.1,0.9,8.25
2008/12/28,880.3,80.97,2.16,0.11,0.1,0.1,8.87
2008/12/29,873.7,81.43,2.13,0.11,0.1,0.1,8.87
2008/12/30,882.05,80.63,2.11,0.09,0.1,0.1,8.87
2008/12/31,879.45,81.15,2.25,0.09,0.1,0.1,8.87
2009/1/1,875.4,81.1,2.25,0.09,0.1,0.1,8.87
2009/1/2,875.4,81.5,2.46,0.1,0.1,0.1,8.87
2009/1/3,875.4,81.5,2.46,0.09,0.1,0.1,8.87
2009/1/4,859.5,81.5,2.46,0.14,0.1,0.1,8.87
2009/1/5,863.9,82.58,2.49,0.14,0.1,0.1,8.87
2009/1/6,842.95,82.83,2.51,0.08,0.1,0.1,8.87
2009/1/7,857.4,82.1,2.52,0.08,0.1,0.1,8.87
2009/1/8,854.2,81.57,2.47,0.08,0.1,0.1,8.87
2009/1/9,854.2,82.48,2.43,0.11,0.1,0.1,8.87
2009/1/10,854.2,82.48,2.43,0.09,0.1,0.1,8.87
2009/1/11,820.85,82.48,2.43,0.11,0.1,0.1,8.87
2009/1/12,822,83.25,2.34,0.1,0.1,0.1,8.87
2009/1/13,811.7,84.26,2.33,0.09,0.1,0.1,8.87
2009/1/14,817.8,84.36,2.24,0.09,0.1,0.1,8.87
2009/1/15,843.15,84.53,2.23,0.09,0.1,0.1,8.87
2009/1/16,843.15,84.05,2.36,0.1,0.1,0.1,8.87
2009/1/17,843.15,84.05,2.36,0.1,0.1,0.1,8.87
2009/1/18,835.9,84.05,2.36,0.15,0.1,0.1,8.87
2009/1/19,857.25,85.14,2.36,0.18,0.1,0.1,8.87
2009/1/20,854.25,86.38,2.4,0.19,0.1,0.1,8.87
2009/1/21,857,85.32,2.56,0.19,0.1,0.1,8.87
2009/1/22,899.75,85.48,2.62,0.19,0.1,0.1,8.87
2009/1/23,899.75,85.58,2.65,0.19,0.1,0.1,8.87
2009/1/24,899.75,85.58,2.65,0.2,0.1,0.1,8.87
2009/1/25,903.35,85.58,2.65,0.23,0.1,0.1,8.87
2009/1/26,899.22,84.39,2.7,0.21,0.1,0.1,8.87
2009/1/27,887.55,84.4,2.59,0.18,0.1,0.1,8.87
2009/1/28,908.65,84.59,2.71,0.18,0,-0.1,8.87
2009/1/29,927.85,85.49,2.87,0.18,0,-0.1,8.87
2009/1/30,927.85,85.83,2.87,0.19,0,-0.1,8.87
2009/1/31,927.85,85.83,2.87,0.18,0,-0.1,8.87
2009/2/1,905.49,85.83,2.87,0.19,0,-0.1,8.87
2009/2/2,900.35,86.11,2.76,0.23,0,-0.1,8.87
2009/2/3,905.75,85,2.89,0.23,0,-0.1,8.87
2009/2/4,914.55,85.77,2.95,0.23,0,-0.1,8.87
2009/2/5,911.5,86.06,2.95,0.23,0,-0.1,8.87
2009/2/6,911.5,85.29,3.05,0.24,0,-0.1,8.87
2009/2/7,911.5,85.29,3.05,0.24,0,-0.1,8.87
2009/2/8,894.55,85.29,3.05,0.24,0,-0.1,8.87
2009/2/9,915.1,84.88,3.07,0.23,0,-0.1,8.87
2009/2/10,938.99,85.57,2.9,0.23,0,-0.1,8.87
2009/2/11,946.75,85.84,2.78,0.23,0,-0.1,8.87
2009/2/12,941.7,85.94,2.75,0.23,0,-0.1,8.87
2009/2/13,941.7,86.09,2.89,0.22,0,-0.1,8.87
2009/2/14,941.7,86.09,2.89,0.24,0,-0.1,8.87
2009/2/15,941.75,86.09,2.89,0.22,0,-0.1,8.87
2009/2/16,970.25,86.53,2.89,0.23,0,-0.1,8.87
2009/2/17,984.9,87.77,2.64,0.22,0,-0.1,8.87
2009/2/18,974.65,88.03,2.74,0.22,0,-0.1,8.87
2009/2/19,992.9,87.44,2.85,0.22,0,-0.1,8.87
2009/2/20,992.9,86.59,2.78,0.22,0,-0.1,8.87
2009/2/21,992.9,86.59,2.78,0.25,0,-0.1,8.87
2009/2/22,991.75,86.59,2.78,0.23,0,-0.1,8.87
2009/2/23,962.67,87.26,2.78,0.21,0,-0.1,8.87
2009/2/24,953.83,86.78,2.8,0.2,0,-0.1,8.87
2009/2/25,946.2,87.84,2.95,0.2,0,-0.1,8.87
2009/2/26,942.35,87.84,2.98,0.2,0,-0.1,8.87
2009/2/27,942.35,88.17,3.02,0.19,0,-0.1,8.87
2009/2/28,942.35,88.17,3.02,0.21,0.2,-0.1,8.87
2009/3/1,926.1,88.17,3.02,0.21,0.2,-0.1,8.87
2009/3/2,916.28,89.03,2.91,0.22,0.2,-0.1,8.87
2009/3/3,906.5,89.19,2.93,0.22,0.2,-0.1,8.87
2009/3/4,932.4,88.49,3.01,0.22,0.2,-0.1,8.87
2009/3/5,939.35,89.08,2.83,0.22,0.2,-0.1,8.87
2009/3/6,939.35,88.55,2.83,0.22,0.2,-0.1,8.87
2009/3/7,939.35,88.55,2.83,0.2,0.2,-0.1,8.87
2009/3/8,921.97,88.55,2.83,0.21,0.2,-0.1,8.87
2009/3/9,898.15,89.29,2.89,0.2,0.2,-0.1,8.87
2009/3/10,909.4,88.52,2.99,0.2,0.2,-0.1,8.87
2009/3/11,926.63,87.67,2.95,0.2,0.2,-0.1,8.87
2009/3/12,929.75,87.48,2.89,0.2,0.2,-0.1,8.87
2009/3/13,929.75,87.25,2.89,0.2,0.2,-0.1,8.87
2009/3/14,929.75,87.25,2.89,0.2,0.2,-0.1,8.87
2009/3/15,923.15,87.25,2.89,0.19,0.2,-0.1,8.87
2009/3/16,915.4,86.97,2.97,0.18,0.2,-0.1,8.87
2009/3/17,942,86.81,3.02,0.15,0.2,-0.1,8.87
2009/3/18,959.85,84.19,2.51,0.15,0.2,-0.1,8.87
2009/3/19,952.2,83.07,2.61,0.15,0.2,-0.1,8.87
2009/3/20,952.2,83.71,2.65,0.2,0.2,-0.1,8.87
2009/3/21,952.2,83.71,2.65,0.2,0.2,-0.1,8.87
2009/3/22,939.5,83.71,2.65,0.18,0.2,-0.1,8.87
2009/3/23,925.87,83.47,2.68,0.17,0.2,-0.1,8.87
2009/3/24,934.02,84.1,2.68,0.18,0.2,-0.1,8.87
2009/3/25,934.1,83.7,2.81,0.18,0.2,-0.1,8.87
2009/3/26,923.15,84.08,2.76,0.18,0.2,-0.1,8.87
2009/3/27,923.15,85.14,2.78,0.17,0.2,-0.1,8.87
2009/3/28,923.15,85.14,2.78,0.17,-0.4,-0.5,7.4
2009/3/29,915.84,85.14,2.78,0.17,-0.4,-0.5,7.4
2009/3/30,919.15,85.75,2.73,0.16,-0.4,-0.5,7.4
2009/3/31,927.4,85.51,2.71,0.15,-0.4,-0.5,7.4
2009/4/1,904.05,85.42,2.68,0.15,-0.4,-0.5,7.4
2009/4/2,893.15,84.32,2.77,0.15,-0.4,-0.5,7.4
2009/4/3,893.15,84.18,2.91,0.16,-0.4,-0.5,7.4
2009/4/4,893.15,84.18,2.91,0.16,-0.4,-0.5,7.4
2009/4/5,868.9,84.18,2.91,0.16,-0.4,-0.5,7.4
2009/4/6,881.24,84.75,2.95,0.16,-0.4,-0.5,7.4
2009/4/7,880.5,85.22,2.93,0.13,-0.4,-0.5,7.4
2009/4/8,879.35,85.23,2.86,0.13,-0.4,-0.5,7.4
2009/4/9,881.65,85.64,2.96,0.13,-0.4,-0.5,7.4
2009/4/10,881.65,85.54,2.96,0.14,-0.4,-0.5,7.4
2009/4/11,881.65,85.54,2.96,0.14,-0.4,-0.5,7.4
2009/4/12,893.85,85.54,2.96,0.14,-0.4,-0.5,7.4
2009/4/13,890.72,84.61,2.88,0.14,-0.4,-0.5,7.4
2009/4/14,891.05,84.8,2.8,0.15,-0.4,-0.5,7.4
2009/4/15,875.7,84.93,2.82,0.15,-0.4,-0.5,7.4
2009/4/16,868.8,85.2,2.86,0.15,-0.4,-0.5,7.4
2009/4/17,868.8,85.9,2.98,0.13,-0.4,-0.5,7.4
2009/4/18,868.8,85.9,2.98,0.16,-0.4,-0.5,7.4
2009/4/19,884.5,85.9,2.98,0.16,-0.4,-0.5,7.4
2009/4/20,883.8,86.66,2.88,0.15,-0.4,-0.5,7.4
2009/4/21,889.75,86.5,2.94,0.13,-0.4,-0.5,7.4
2009/4/22,904.3,86.3,2.98,0.13,-0.4,-0.5,7.4
2009/4/23,913.2,85.4,2.96,0.13,-0.4,-0.5,7.4
2009/4/24,913.2,84.72,3.03,0.14,-0.4,-0.5,7.4
2009/4/25,913.2,84.72,3.03,0.15,-0.4,-0.5,7.4
2009/4/26,906.5,84.72,3.03,0.15,-0.4,-0.5,7.4
2009/4/27,893.38,85.67,2.95,0.17,-0.4,-0.5,7.4
2009/4/28,898,85.17,3.05,0.16,-0.7,-0.6,7.4
2009/4/29,888.2,84.64,3.12,0.16,-0.7,-0.6,7.4
2009/4/30,886.55,84.82,3.16,0.16,-0.7,-0.6,7.4
2009/5/1,886.55,84.54,3.21,0.17,-0.7,-0.6,7.4
2009/5/2,886.55,84.54,3.21,0.16,-0.7,-0.6,7.4
2009/5/3,902.1,84.54,3.21,0.18,-0.7,-0.6,7.4
2009/5/4,897.15,83.66,3.19,0.2,-0.7,-0.6,7.4
2009/5/5,911.22,84.14,3.2,0.22,-0.7,-0.6,7.4
2009/5/6,910.7,84,3.18,0.22,-0.7,-0.6,7.4
2009/5/7,916.65,83.88,3.29,0.22,-0.7,-0.6,7.4
2009/5/8,916.65,82.44,3.29,0.22,-0.7,-0.6,7.4
2009/5/9,916.65,82.44,3.29,0.2,-0.7,-0.6,7.4
2009/5/10,913.33,82.44,3.29,0.18,-0.7,-0.6,7.4
2009/5/11,923.35,82.84,3.17,0.18,-0.7,-0.6,7.4
2009/5/12,926.3,82.3,3.17,0.17,-0.7,-0.6,7.4
2009/5/13,926.5,82.57,3.11,0.17,-0.7,-0.6,7.4
2009/5/14,931.8,82.44,3.1,0.17,-0.7,-0.6,7.4
2009/5/15,931.8,82.95,3.14,0.17,-0.7,-0.6,7.4
2009/5/16,931.8,82.95,3.14,0.16,-0.7,-0.6,7.4
2009/5/17,918.25,82.95,3.14,0.16,-0.7,-0.6,7.4
2009/5/18,925.05,82.54,3.22,0.16,-0.7,-0.6,7.4
2009/5/19,938.65,82.1,3.25,0.17,-0.7,-0.6,7.4
2009/5/20,953.8,81.19,3.19,0.17,-0.7,-0.6,7.4
2009/5/21,957.35,80.47,3.35,0.17,-0.7,-0.6,7.4
2009/5/22,957.35,80.04,3.45,0.16,-0.7,-0.6,7.4
2009/5/23,957.35,80.04,3.45,0.15,-0.7,-0.6,7.4
2009/5/24,958.8,80.04,3.45,0.14,-0.7,-0.6,7.4
2009/5/25,952,80.02,3.45,0.17,-0.7,-0.6,7.4
2009/5/26,949.9,80.09,3.5,0.17,-0.7,-0.6,7.4
2009/5/27,959.45,80.76,3.71,0.17,-0.7,-0.6,7.4
2009/5/28,979.15,80.53,3.67,0.17,-1.3,-0.9,7.4
2009/5/29,979.15,79.23,3.47,0.17,-1.3,-0.9,7.4
2009/5/30,979.15,79.23,3.47,0.18,-1.3,-0.9,7.4
2009/5/31,975.27,79.23,3.47,0.17,-1.3,-0.9,7.4
2009/6/1,981.85,79.18,3.71,0.17,-1.3,-0.9,7.4
2009/6/2,963.07,78.48,3.65,0.19,-1.3,-0.9,7.4
2009/6/3,980.25,79.49,3.56,0.19,-1.3,-0.9,7.4
2009/6/4,955.25,79.47,3.72,0.19,-1.3,-0.9,7.4
2009/6/5,955.25,80.67,3.84,0.21,-1.3,-0.9,7.4
2009/6/6,955.25,80.67,3.84,0.2,-1.3,-0.9,7.4
2009/6/7,951.82,80.67,3.84,0.21,-1.3,-0.9,7.4
2009/6/8,954.78,80.83,3.91,0.2,-1.3,-0.9,7.4
2009/6/9,954.49,79.84,3.86,0.21,-1.3,-0.9,7.4
2009/6/10,953.95,80.27,3.98,0.21,-1.3,-0.9,7.4
2009/6/11,939.3,79.56,3.88,0.21,-1.3,-0.9,7.4
2009/6/12,939.3,80.13,3.81,0.21,-1.3,-0.9,7.4
2009/6/13,939.3,80.13,3.81,0.18,-1.3,-0.9,7.4
2009/6/14,928.3,80.13,3.81,0.18,-1.3,-0.9,7.4
2009/6/15,934.8,81.16,3.76,0.17,-1.3,-0.9,7.4
2009/6/16,938.87,80.74,3.67,0.17,-1.3,-0.9,7.4
2009/6/17,933.06,80.26,3.68,0.17,-1.3,-0.9,7.4
2009/6/18,934.05,80.57,3.86,0.17,-1.3,-0.9,7.4
2009/6/19,934.05,80.33,3.79,0.22,-1.3,-0.9,7.4
2009/6/20,934.05,80.33,3.79,0.22,-1.3,-0.9,7.4
2009/6/21,922.7,80.33,3.79,0.24,-1.3,-0.9,7.4
2009/6/22,925.83,80.84,3.72,0.25,-1.3,-0.9,7.4
2009/6/23,931.4,79.85,3.65,0.25,-1.3,-0.9,7.4
2009/6/24,939.25,80.54,3.72,0.25,-1.3,-0.9,7.4
2009/6/25,939.6,80.37,3.55,0.25,-1.3,-0.9,7.4
2009/6/26,939.6,79.9,3.52,0.24,-1.3,-0.9,7.4
2009/6/27,939.6,79.9,3.52,0.24,-1.3,-0.9,7.4
2009/6/28,937.95,79.9,3.52,0.21,-1.4,-1,8.39
2009/6/29,926.6,79.91,3.51,0.19,-1.4,-1,8.39
2009/6/30,940.8,80.16,3.53,0.18,-1.4,-1,8.39
2009/7/1,929.8,79.67,3.55,0.18,-1.4,-1,8.39
2009/7/2,932.25,80.15,3.51,0.18,-1.4,-1,8.39
2009/7/3,932.25,80.45,3.51,0.17,-1.4,-1,8.39
2009/7/4,932.25,80.45,3.51,0.22,-1.4,-1,8.39
2009/7/5,924.95,80.45,3.51,0.2,-1.4,-1,8.39
2009/7/6,924.68,80.38,3.52,0.17,-1.4,-1,8.39
2009/7/7,909.5,80.7,3.47,0.16,-1.4,-1,8.39
2009/7/8,912.35,80.63,3.33,0.16,-1.4,-1,8.39
2009/7/9,913.05,79.86,3.44,0.16,-1.4,-1,8.39
2009/7/10,913.05,80.23,3.32,0.18,-1.4,-1,8.39
2009/7/11,913.05,80.23,3.32,0.18,-1.4,-1,8.39
2009/7/12,920.3,80.23,3.32,0.16,-1.4,-1,8.39
2009/7/13,925.7,80.13,3.38,0.15,-1.4,-1,8.39
2009/7/14,939.2,80.18,3.5,0.15,-1.4,-1,8.39
2009/7/15,937.34,79.32,3.63,0.15,-1.4,-1,8.39
2009/7/16,937.5,79.22,3.59,0.15,-1.4,-1,8.39
2009/7/17,937.5,79.35,3.67,0.13,-1.4,-1,8.39
2009/7/18,937.5,79.35,3.67,0.13,-1.4,-1,8.39
2009/7/19,948.7,79.35,3.67,0.14,-1.4,-1,8.39
2009/7/20,948.5,78.91,3.61,0.15,-1.4,-1,8.39
2009/7/21,951.4,78.93,3.5,0.15,-1.4,-1,8.39
2009/7/22,949.15,78.71,3.58,0.15,-1.4,-1,8.39
2009/7/23,951.35,78.8,3.72,0.15,-1.4,-1,8.39
2009/7/24,951.35,78.75,3.7,0.15,-1.4,-1,8.39
2009/7/25,951.35,78.75,3.7,0.14,-1.4,-1,8.39
2009/7/26,953.84,78.75,3.7,0.14,-1.4,-1,8.39
2009/7/27,937.5,78.63,3.75,0.15,-1.4,-1,8.39
2009/7/28,930,78.85,3.72,0.15,-2.1,-1.5,8.39
2009/7/29,934.4,79.63,3.69,0.15,-2.1,-1.5,8.39
2009/7/30,954,79.28,3.67,0.15,-2.1,-1.5,8.39
2009/7/31,954,78.35,3.52,0.16,-2.1,-1.5,8.39
2009/8/1,954,78.35,3.52,0.15,-2.1,-1.5,8.39
2009/8/2,956.8,78.35,3.52,0.17,-2.1,-1.5,8.39
2009/8/3,966.95,77.64,3.66,0.17,-2.1,-1.5,8.39
2009/8/4,963.45,77.77,3.7,0.18,-2.1,-1.5,8.39
2009/8/5,963.25,77.52,3.8,0.18,-2.1,-1.5,8.39
2009/8/6,954.95,78.06,3.79,0.18,-2.1,-1.5,8.39
2009/8/7,954.95,78.97,3.89,0.18,-2.1,-1.5,8.39
2009/8/8,954.95,78.97,3.89,0.17,-2.1,-1.5,8.39
2009/8/9,946.3,78.97,3.89,0.17,-2.1,-1.5,8.39
2009/8/10,946.1,79.26,3.8,0.17,-2.1,-1.5,8.39
2009/8/11,947.1,79.18,3.71,0.17,-2.1,-1.5,8.39
2009/8/12,954.95,78.79,3.72,0.17,-2.1,-1.5,8.39
2009/8/13,948.55,78.49,3.59,0.17,-2.1,-1.5,8.39
2009/8/14,948.55,78.89,3.55,0.17,-2.1,-1.5,8.39
2009/8/15,948.55,78.89,3.55,0.16,-2.1,-1.5,8.39
2009/8/16,934.55,78.89,3.55,0.15,-2.1,-1.5,8.39
2009/8/17,938.6,79.29,3.48,0.15,-2.1,-1.5,8.39
2009/8/18,942.05,78.94,3.51,0.15,-2.1,-1.5,8.39
2009/8/19,940.65,78.47,3.45,0.15,-2.1,-1.5,8.39
2009/8/20,953.85,78.38,3.42,0.15,-2.1,-1.5,8.39
2009/8/21,953.85,78.04,3.56,0.17,-2.1,-1.5,8.39
2009/8/22,953.85,78.04,3.56,0.17,-2.1,-1.5,8.39
2009/8/23,941.55,78.04,3.56,0.17,-2.1,-1.5,8.39
2009/8/24,944.75,78.27,3.48,0.17,-2.1,-1.5,8.39
2009/8/25,945.55,78.24,3.45,0.16,-2.1,-1.5,8.39
2009/8/26,948.15,78.66,3.44,0.16,-2.1,-1.5,8.39
2009/8/27,955,78.01,3.47,0.16,-2.1,-1.5,8.39
2009/8/28,955,78.37,3.46,0.16,-1.5,-1.1,8.39
2009/8/29,955,78.37,3.46,0.15,-1.5,-1.1,8.39
2009/8/30,951.25,78.37,3.46,0.15,-1.5,-1.1,8.39
2009/8/31,956.35,78.17,3.4,0.14,-1.5,-1.1,8.39
2009/9/1,978.5,78.76,3.38,0.14,-1.5,-1.1,8.39
2009/9/2,991.85,78.38,3.29,0.14,-1.5,-1.1,8.39
2009/9/3,994.4,78.47,3.33,0.14,-1.5,-1.1,8.39
2009/9/4,994.4,78.14,3.45,0.15,-1.5,-1.1,8.39
2009/9/5,994.4,78.14,3.45,0.15,-1.5,-1.1,8.39
2009/9/6,995.25,78.14,3.45,0.16,-1.5,-1.1,8.39
2009/9/7,995.4,78.02,3.45,0.15,-1.5,-1.1,8.39
2009/9/8,991.15,77.32,3.47,0.15,-1.5,-1.1,8.39
2009/9/9,991.15,77.09,3.48,0.15,-1.5,-1.1,8.39
2009/9/10,991.15,76.82,3.36,0.15,-1.5,-1.1,8.39
2009/9/11,991.15,76.61,3.34,0.15,-1.5,-1.1,8.39
2009/9/12,991.15,76.61,3.34,0.15,-1.5,-1.1,8.39
2009/9/13,991.15,76.61,3.34,0.15,-1.5,-1.1,8.39
2009/9/14,991.15,76.69,3.42,0.16,-1.5,-1.1,8.39
2009/9/15,991.15,76.54,3.47,0.15,-1.5,-1.1,8.39
2009/9/16,991.15,76.24,3.48,0.15,-1.5,-1.1,8.39
2009/9/17,991.15,76.19,3.42,0.15,-1.5,-1.1,8.39
2009/9/18,991.15,76.42,3.49,0.16,-1.5,-1.1,8.39
2009/9/19,991.15,76.42,3.49,0.17,-1.5,-1.1,8.39
2009/9/20,1002.05,76.42,3.49,0.17,-1.5,-1.1,8.39
2009/9/21,1002.05,76.78,3.49,0.16,-1.5,-1.1,8.39
2009/9/22,1002.05,76.12,3.46,0.16,-1.5,-1.1,8.39
2009/9/23,1002.05,76.05,3.44,0.16,-1.5,-1.1,8.39
2009/9/24,1002.05,76.9,3.4,0.16,-1.5,-1.1,8.39
2009/9/25,1002.05,76.81,3.34,0.15,-1.5,-1.1,8.39
2009/9/26,992.0999,76.81,3.34,0.15,-1.5,-1.1,8.39
2009/9/27,991.2,76.81,3.34,0.15,-1.5,-1.1,8.39
2009/9/28,992.5999,77.05,3.31,0.14,-1.3,-1,8.98
2009/9/29,1007.95,77.12,3.31,0.13,-1.3,-1,8.98
2009/9/30,999.48,76.65,3.31,0.13,-1.3,-1,8.98
2009/10/1,1002.2,77.19,3.21,0.13,-1.3,-1,8.98
2009/10/2,1002.2,77,3.24,0.13,-1.3,-1,8.98
2009/10/3,1002.2,77,3.24,0.11,-1.3,-1,8.98
2009/10/4,1017.55,77,3.24,0.07,-1.3,-1,8.98
2009/10/5,1042.399,76.64,3.24,0.11,-1.3,-1,8.98
2009/10/6,1044.35,76.33,3.27,0.13,-1.3,-1,8.98
2009/10/7,1055.4,76.49,3.21,0.13,-1.3,-1,8.98
2009/10/8,1048.9,75.97,3.27,0.13,-1.3,-1,8.98
2009/10/9,1048.9,76.43,3.4,0.13,-1.3,-1,8.98
2009/10/10,1048.9,76.43,3.4,0.12,-1.3,-1,8.98
2009/10/11,1057.349,76.43,3.4,0.13,-1.3,-1,8.98
2009/10/12,1064.549,76.13,3.4,0.12,-1.3,-1,8.98
2009/10/13,1062.749,75.98,3.34,0.12,-1.3,-1,8.98
2009/10/14,1050.55,75.55,3.45,0.12,-1.3,-1,8.98
2009/10/15,1053.2,75.48,3.49,0.12,-1.3,-1,8.98
2009/10/16,1053.2,75.6,3.43,0.12,-1.3,-1,8.98
2009/10/17,1053.2,75.6,3.43,0.12,-1.3,-1,8.98
2009/10/18,1064.35,75.6,3.43,0.12,-1.3,-1,8.98
2009/10/19,1055.5,75.51,3.41,0.13,-1.3,-1,8.98
2009/10/20,1059.299,75.56,3.35,0.12,-1.3,-1,8.98
2009/10/21,1060.199,74.97,3.42,0.12,-1.3,-1,8.98
2009/10/22,1055.35,75.09,3.44,0.12,-1.3,-1,8.98
2009/10/23,1055.35,75.47,3.51,0.12,-1.3,-1,8.98
2009/10/24,1055.35,75.47,3.51,0.12,-1.3,-1,8.98
2009/10/25,1039.05,75.47,3.51,0.11,-1.3,-1,8.98
2009/10/26,1040.25,76.06,3.59,0.11,-1.3,-1,8.98
2009/10/27,1028.349,76.14,3.49,0.11,-1.3,-1,8.98
2009/10/28,1047.399,76.42,3.44,0.11,-0.2,0,8.98
2009/10/29,1045.449,75.92,3.53,0.11,-0.2,0,8.98
2009/10/30,1045.449,76.3,3.41,0.11,-0.2,0,8.98
2009/10/31,1045.449,76.3,3.41,0.11,-0.2,0,8.98
2009/11/1,1059.8,76.3,3.41,0.11,-0.2,0,8.98
2009/11/2,1084.799,76.29,3.45,0.11,-0.2,0,8.98
2009/11/3,1092.35,76.39,3.5,0.11,-0.2,0,8.98
2009/11/4,1090.6,75.64,3.57,0.11,-0.2,0,8.98
2009/11/5,1095.8,75.74,3.57,0.11,-0.2,0,8.98
2009/11/6,1095.8,75.82,3.54,0.12,-0.2,0,8.98
2009/11/7,1095.8,75.82,3.54,0.12,-0.2,0,8.98
2009/11/8,1104.099,75.82,3.54,0.13,-0.2,0,8.98
2009/11/9,1105.95,75.03,3.52,0.13,-0.2,0,8.98
2009/11/10,1117.85,75.02,3.5,0.12,-0.2,0,8.98
2009/11/11,1104.1,75.16,3.5,0.12,-0.2,0,8.98
2009/11/12,1119.15,75.6,3.45,0.12,-0.2,0,8.98
2009/11/13,1119.15,75.33,3.43,0.12,-0.2,0,8.98
2009/11/14,1119.15,75.33,3.43,0.13,-0.2,0,8.98
2009/11/15,1139.449,75.33,3.43,0.13,-0.2,0,8.98
2009/11/16,1142.349,74.91,3.33,0.12,-0.2,0,8.98
2009/11/17,1145.699,75.37,3.33,0.12,-0.2,0,8.98
2009/11/18,1144.7,75.19,3.36,0.12,-0.2,0,8.98
2009/11/19,1151,75.29,3.35,0.12,-0.2,0,8.98
2009/11/20,1151,75.66,3.36,0.12,-0.2,0,8.98
2009/11/21,1151,75.66,3.36,0.12,-0.2,0,8.98
2009/11/22,1166.2,75.66,3.36,0.11,-0.2,0,8.98
2009/11/23,1169.45,75.08,3.37,0.11,-0.2,0,8.98
2009/11/24,1192.06,75.07,3.32,0.11,-0.2,0,8.98
2009/11/25,1192.66,74.27,3.28,0.11,-0.2,0,8.98
2009/11/26,1178.249,74.83,3.28,0.11,-0.2,0,8.98
2009/11/27,1178.249,75,3.21,0.12,-0.2,0,8.98
2009/11/28,1178.249,75,3.21,0.12,1.8,1.5,8.98
2009/11/29,1179.86,75,3.21,0.11,1.8,1.5,8.98
2009/11/30,1196.849,74.78,3.21,0.11,1.8,1.5,8.98
2009/12/1,1216.059,74.36,3.28,0.12,1.8,1.5,8.98
2009/12/2,1208.06,74.67,3.32,0.12,1.8,1.5,8.98
2009/12/3,1162.859,74.63,3.39,0.12,1.8,1.5,8.98
2009/12/4,1162.859,75.91,3.48,0.13,1.8,1.5,8.98
2009/12/5,1162.859,75.91,3.48,0.13,1.8,1.5,8.98
2009/12/6,1158.549,75.91,3.48,0.13,1.8,1.5,8.98
2009/12/7,1128.5,75.77,3.44,0.13,1.8,1.5,8.98
2009/12/8,1129.05,76.31,3.4,0.12,1.8,1.5,8.98
2009/12/9,1131.65,76.04,3.45,0.12,1.8,1.5,8.98
2009/12/10,1115.849,76.05,3.49,0.12,1.8,1.5,8.98
2009/12/11,1115.849,76.57,3.55,0.12,1.8,1.5,8.98
2009/12/12,1115.849,76.57,3.55,0.12,1.8,1.5,8.98
2009/12/13,1126.949,76.57,3.55,0.12,1.8,1.5,8.98
2009/12/14,1125.6,76.35,3.56,0.12,1.8,1.5,8.98
2009/12/15,1138.3,76.96,3.6,0.12,1.8,1.5,8.98
2009/12/16,1099.049,77,3.61,0.12,1.8,1.5,8.98
2009/12/17,1112.199,77.69,3.5,0.12,1.8,1.5,8.98
2009/12/18,1112.199,77.82,3.55,0.12,1.8,1.5,8.98
2009/12/19,1112.199,77.82,3.55,0.13,1.8,1.5,8.98
2009/12/20,1093.75,77.82,3.55,0.14,1.8,1.5,8.98
2009/12/21,1084.15,78.04,3.69,0.13,1.8,1.5,8.98
2009/12/22,1088.05,78.25,3.76,0.12,1.8,1.5,8.98
2009/12/23,1104.449,77.9,3.77,0.12,1.8,1.5,8.98
2009/12/24,1104.449,77.84,3.82,0.12,1.8,1.5,8.98
2009/12/25,1104.449,77.64,3.82,0.12,1.8,1.5,8.98
2009/12/26,1104.449,77.64,3.82,0.12,1.8,1.5,8.98
2009/12/27,1107.25,77.64,3.82,0.11,1.8,1.5,8.98
2009/12/28,1097.21,77.63,3.85,0.11,2.7,2.1,10.08
2009/12/29,1093.35,77.83,3.82,0.11,2.7,2.1,10.08
2009/12/30,1097.099,77.91,3.8,0.11,2.7,2.1,10.08
2009/12/31,1097.099,77.86,3.85,0.11,2.7,2.1,10.08
2010/1/1,1097.099,77.86,3.85,0.12,2.7,2.1,10.08
2010/1/2,1097.099,77.86,3.85,0.12,2.7,2.1,10.08
2010/1/3,1121.749,77.86,3.85,0.11,2.7,2.1,10.08
2010/1/4,1118.349,77.53,3.85,0.05,2.7,2.1,10.08
2010/1/5,1138.549,77.62,3.77,0.05,2.7,2.1,10.08
2010/1/6,1131.91,77.49,3.85,0.05,2.7,2.1,10.08
2010/1/7,1136.649,77.91,3.85,0.05,2.7,2.1,10.08
2010/1/8,1136.649,77.47,3.83,0.12,2.7,2.1,10.08
2010/1/9,1136.649,77.47,3.83,0.12,2.7,2.1,10.08
2010/1/10,1152.109,77.47,3.83,0.12,2.7,2.1,10.08
2010/1/11,1128.909,77,3.85,0.1,2.7,2.1,10.08
2010/1/12,1138.409,76.95,3.74,0.11,2.7,2.1,10.08
2010/1/13,1143.01,76.85,3.8,0.11,2.7,2.1,10.08
2010/1/14,1131.659,76.73,3.76,0.11,2.7,2.1,10.08
2010/1/15,1131.659,77.32,3.7,0.11,2.7,2.1,10.08
2010/1/16,1131.659,77.32,3.7,0.11,2.7,2.1,10.08
2010/1/17,1134.309,77.32,3.7,0.11,2.7,2.1,10.08
2010/1/18,1138.71,77.06,3.7,0.11,2.7,2.1,10.08
2010/1/19,1111.559,77.5,3.73,0.12,2.7,2.1,10.08
2010/1/20,1094.46,78.34,3.68,0.12,2.7,2.1,10.08
2010/1/21,1093.06,78.32,3.62,0.12,2.7,2.1,10.08
2010/1/22,1093.06,78.28,3.62,0.12,2.7,2.1,10.08
2010/1/23,1093.06,78.28,3.62,0.13,2.7,2.1,10.08
2010/1/24,1098.75,78.28,3.62,0.13,2.7,2.1,10.08
2010/1/25,1098.05,78.19,3.66,0.12,2.7,2.1,10.08
2010/1/26,1088.7,78.43,3.65,0.11,2.7,2.1,10.08
2010/1/27,1086.999,78.67,3.66,0.11,2.7,2.1,10.08
2010/1/28,1081.999,78.9,3.68,0.11,2.6,2.3,10.08
2010/1/29,1081.999,79.46,3.63,0.12,2.6,2.3,10.08
2010/1/30,1081.999,79.46,3.63,0.12,2.6,2.3,10.08
2010/1/31,1105.8,79.46,3.63,0.12,2.6,2.3,10.08
2010/2/1,1114.749,79.24,3.68,0.12,2.6,2.3,10.08
2010/2/2,1110.099,79.01,3.67,0.12,2.6,2.3,10.08
2010/2/3,1063.85,79.37,3.73,0.12,2.6,2.3,10.08
2010/2/4,1067.799,79.92,3.62,0.12,2.6,2.3,10.08
2010/2/5,1067.799,80.44,3.59,0.14,2.6,2.3,10.08
2010/2/6,1067.799,80.44,3.59,0.14,2.6,2.3,10.08
2010/2/7,1063.409,80.44,3.59,0.13,2.6,2.3,10.08
2010/2/8,1078.409,80.3,3.62,0.14,2.6,2.3,10.08
2010/2/9,1072.31,79.86,3.67,0.13,2.6,2.3,10.08
2010/2/10,1095.61,80.03,3.72,0.13,2.6,2.3,10.08
2010/2/11,1092.95,79.99,3.73,0.13,2.6,2.3,10.08
2010/2/12,1092.95,80.32,3.69,0.13,2.6,2.3,10.08
2010/2/13,1092.95,80.32,3.69,0.13,2.6,2.3,10.08
2010/2/14,1101.25,80.32,3.69,0.12,2.6,2.3,10.08
2010/2/15,1119.649,80.33,3.69,0.12,2.6,2.3,10.08
2010/2/16,1107.099,79.7,3.66,0.12,2.6,2.3,10.08
2010/2/17,1109.199,80.38,3.74,0.12,2.6,2.3,10.08
2010/2/18,1117.9,80.4,3.79,0.12,2.6,2.3,10.08
2010/2/19,1117.9,80.64,3.78,0.12,2.6,2.3,10.08
2010/2/20,1117.9,80.64,3.78,0.13,2.6,2.3,10.08
2010/2/21,1114.71,80.64,3.78,0.12,2.6,2.3,10.08
2010/2/22,1103.71,80.51,3.8,0.12,2.6,2.3,10.08
2010/2/23,1097.91,80.85,3.69,0.13,2.6,2.3,10.08
2010/2/24,1106.909,80.85,3.7,0.13,2.6,2.3,10.08
2010/2/25,1117.36,80.79,3.64,0.13,2.6,2.3,10.08
2010/2/26,1117.36,80.36,3.61,0.12,2.6,2.3,10.08
2010/2/27,1117.36,80.36,3.61,0.12,2.6,2.3,10.08
2010/2/28,1119.099,80.36,3.61,0.11,2.1,2.1,10.08
2010/3/1,1134.85,80.66,3.61,0.12,2.1,2.1,10.08
2010/3/2,1140.199,80.52,3.62,0.13,2.1,2.1,10.08
2010/3/3,1132.4,79.98,3.63,0.13,2.1,2.1,10.08
2010/3/4,1132.3,80.56,3.61,0.13,2.1,2.1,10.08
2010/3/5,1132.3,80.43,3.69,0.14,2.1,2.1,10.08
2010/3/6,1132.3,80.43,3.69,0.14,2.1,2.1,10.08
2010/3/7,1123.81,80.43,3.69,0.15,2.1,2.1,10.08
2010/3/8,1121.96,80.43,3.72,0.16,2.1,2.1,10.08
2010/3/9,1108.659,80.59,3.71,0.17,2.1,2.1,10.08
2010/3/10,1109.759,80.44,3.73,0.17,2.1,2.1,10.08
2010/3/11,1102.76,80.32,3.73,0.17,2.1,2.1,10.08
2010/3/12,1102.76,79.83,3.71,0.15,2.1,2.1,10.08
2010/3/13,1102.76,79.83,3.71,0.14,2.1,2.1,10.08
2010/3/14,1110.05,79.83,3.71,0.14,2.1,2.1,10.08
2010/3/15,1125.799,80.25,3.71,0.15,2.1,2.1,10.08
2010/3/16,1125.35,79.75,3.66,0.17,2.1,2.1,10.08
2010/3/17,1126.599,79.64,3.65,0.17,2.1,2.1,10.08
2010/3/18,1106.4,80.22,3.68,0.17,2.1,2.1,10.08
2010/3/19,1106.4,80.72,3.7,0.2,2.1,2.1,10.08
2010/3/20,1106.4,80.72,3.7,0.2,2.1,2.1,10.08
2010/3/21,1102.35,80.72,3.7,0.18,2.1,2.1,10.08
2010/3/22,1105.449,80.65,3.67,0.18,2.1,2.1,10.08
2010/3/23,1086.799,80.9,3.69,0.18,2.1,2.1,10.08
2010/3/24,1090.7,81.84,3.84,0.18,2.1,2.1,10.08
2010/3/25,1108.799,82.12,3.91,0.18,2.1,2.1,10.08
2010/3/26,1108.799,81.68,3.86,0.18,2.1,2.1,10.08
2010/3/27,1108.799,81.68,3.86,0.17,2.1,2.1,10.08
2010/3/28,1110.11,81.68,3.86,0.17,2.3,2.4,8.75
2010/3/29,1103.85,81.36,3.88,0.17,2.3,2.4,8.75
2010/3/30,1113.3,81.47,3.88,0.17,2.3,2.4,8.75
2010/3/31,1127.05,81.07,3.84,0.17,2.3,2.4,8.75
2010/4/1,1127.7,80.78,3.89,0.17,2.3,2.4,8.75
2010/4/2,1127.7,81.29,3.96,0.16,2.3,2.4,8.75
2010/4/3,1127.7,81.29,3.96,0.16,2.3,2.4,8.75
2010/4/4,1132.2,81.29,3.96,0.09,2.3,2.4,8.75
2010/4/5,1134.55,81.09,4.01,0.17,2.3,2.4,8.75
2010/4/6,1149.65,81.39,3.98,0.2,2.3,2.4,8.75
2010/4/7,1150.81,81.44,3.89,0.2,2.3,2.4,8.75
2010/4/8,1160.95,81.53,3.91,0.2,2.3,2.4,8.75
2010/4/9,1160.95,81.09,3.9,0.2,2.3,2.4,8.75
2010/4/10,1160.95,81.09,3.9,0.2,2.3,2.4,8.75
2010/4/11,1156.55,81.09,3.9,0.19,2.3,2.4,8.75
2010/4/12,1150.9,80.56,3.87,0.19,2.3,2.4,8.75
2010/4/13,1155.6,80.51,3.84,0.19,2.3,2.4,8.75
2010/4/14,1159.55,80.19,3.88,0.19,2.3,2.4,8.75
2010/4/15,1136.9,80.48,3.86,0.19,2.3,2.4,8.75
2010/4/16,1136.9,80.82,3.79,0.19,2.3,2.4,8.75
2010/4/17,1136.9,80.82,3.79,0.2,2.3,2.4,8.75
2010/4/18,1136.01,80.82,3.79,0.2,2.3,2.4,8.75
2010/4/19,1141.01,81,3.83,0.22,2.3,2.4,8.75
2010/4/20,1146.86,81.05,3.82,0.21,2.3,2.4,8.75
2010/4/21,1141.81,81.16,3.77,0.21,2.3,2.4,8.75
2010/4/22,1156.56,81.57,3.8,0.21,2.3,2.4,8.75
2010/4/23,1156.56,81.35,3.84,0.2,2.3,2.4,8.75
2010/4/24,1156.56,81.35,3.84,0.2,2.3,2.4,8.75
2010/4/25,1153.96,81.35,3.84,0.2,2.3,2.4,8.75
2010/4/26,1168.11,81.48,3.83,0.2,2.3,2.4,8.75
2010/4/27,1166.01,82.15,3.71,0.2,2.3,2.4,8.75
2010/4/28,1167.21,82.38,3.8,0.2,2.2,2.3,8.75
2010/4/29,1178.91,82,3.76,0.2,2.2,2.3,8.75
2010/4/30,1178.91,81.87,3.69,0.2,2.2,2.3,8.75
2010/5/1,1178.91,81.87,3.69,0.2,2.2,2.3,8.75
2010/5/2,1182.56,81.87,3.69,0.2,2.2,2.3,8.75
2010/5/3,1171.36,82.27,3.72,0.19,2.2,2.3,8.75
2010/5/4,1175.56,83.3,3.63,0.2,2.2,2.3,8.75
2010/5/5,1208.66,84.08,3.58,0.2,2.2,2.3,8.75
2010/5/6,1208.21,84.89,3.41,0.2,2.2,2.3,8.75
2010/5/7,1208.21,84.45,3.45,0.2,2.2,2.3,8.75
2010/5/8,1208.21,84.45,3.45,0.21,2.2,2.3,8.75
2010/5/9,1203.26,84.45,3.45,0.21,2.2,2.3,8.75
2010/5/10,1232.96,84.16,3.57,0.2,2.2,2.3,8.75
2010/5/11,1239.21,84.47,3.56,0.2,2.2,2.3,8.75
2010/5/12,1233.11,84.83,3.56,0.2,2.2,2.3,8.75
2010/5/13,1231.11,85.21,3.55,0.2,2.2,2.3,8.75
2010/5/14,1231.11,86.09,3.44,0.2,2.2,2.3,8.75
2010/5/15,1231.11,86.09,3.44,0.2,2.2,2.3,8.75
2010/5/16,1222.71,86.09,3.44,0.2,2.2,2.3,8.75
2010/5/17,1225.41,86.2,3.47,0.2,2.2,2.3,8.75
2010/5/18,1194.01,87.16,3.38,0.2,2.2,2.3,8.75
2010/5/19,1182.71,86.39,3.36,0.2,2.2,2.3,8.75
2010/5/20,1177.65,85.56,3.25,0.2,2.2,2.3,8.75
2010/5/21,1177.65,85.37,3.2,0.21,2.2,2.3,8.75
2010/5/22,1177.65,85.37,3.2,0.21,2.2,2.3,8.75
2010/5/23,1191.85,85.37,3.2,0.2,2.2,2.3,8.75
2010/5/24,1204.45,86.21,3.23,0.2,2.2,2.3,8.75
2010/5/25,1212,86.78,3.18,0.2,2.2,2.3,8.75
2010/5/26,1212.45,87.12,3.21,0.2,2.2,2.3,8.75
2010/5/27,1214.9,86.19,3.34,0.2,2.2,2.3,8.75
2010/5/28,1214.9,86.48,3.31,0.21,2,2.2,8.75
2010/5/29,1214.9,86.48,3.31,0.21,2,2.2,8.75
2010/5/30,1216.45,86.48,3.31,0.2,2,2.2,8.75
2010/5/31,1225.95,86.59,3.31,0.2,2,2.2,8.75
2010/6/1,1223.75,86.64,3.29,0.19,2,2.2,8.75
2010/6/2,1206.95,86.79,3.35,0.19,2,2.2,8.75
2010/6/3,1218.9,87.14,3.39,0.19,2,2.2,8.75
2010/6/4,1218.9,88.23,3.2,0.19,2,2.2,8.75
2010/6/5,1218.9,88.23,3.2,0.2,2,2.2,8.75
2010/6/6,1240.4,88.23,3.2,0.2,2,2.2,8.75
2010/6/7,1236.95,88.41,3.17,0.19,2,2.2,8.75
2010/6/8,1233.75,88.39,3.18,0.19,2,2.2,8.75
2010/6/9,1216.75,87.9,3.2,0.19,2,2.2,8.75
2010/6/10,1227.11,87.17,3.33,0.19,2,2.2,8.75
2010/6/11,1227.11,87.51,3.24,0.19,2,2.2,8.75
2010/6/12,1227.11,87.51,3.24,0.19,2,2.2,8.75
2010/6/13,1221.55,87.51,3.24,0.18,2,2.2,8.75
2010/6/14,1234.55,86.51,3.28,0.18,2,2.2,8.75
2010/6/15,1229.5,85.98,3.32,0.18,2,2.2,8.75
2010/6/16,1245.25,86.08,3.27,0.18,2,2.2,8.75
2010/6/17,1256.2,85.69,3.21,0.18,2,2.2,8.75
2010/6/18,1256.2,85.7,3.24,0.18,2,2.2,8.75
2010/6/19,1256.2,85.7,3.24,0.19,2,2.2,8.75
2010/6/20,1233.95,85.7,3.24,0.19,2,2.2,8.75
2010/6/21,1240.2,85.93,3.26,0.19,2,2.2,8.75
2010/6/22,1237.65,86.11,3.18,0.18,2,2.2,8.75
2010/6/23,1243.65,85.74,3.13,0.18,2,2.2,8.75
2010/6/24,1254.4,85.73,3.14,0.18,2,2.2,8.75
2010/6/25,1254.4,85.31,3.12,0.17,2,2.2,8.75
2010/6/26,1254.4,85.31,3.12,0.18,2,2.2,8.75
2010/6/27,1239.15,85.31,3.12,0.17,2,2.2,8.75
2010/6/28,1240.75,85.65,3.05,0.16,1.1,1.6,9.93
2010/6/29,1242.55,86.03,2.97,0.16,1.1,1.6,9.93
2010/6/30,1199.2,86.02,2.97,0.16,1.1,1.6,9.93
2010/7/1,1211.8,84.72,2.96,0.16,1.1,1.6,9.93
2010/7/2,1211.8,84.43,3,0.17,1.1,1.6,9.93
2010/7/3,1211.8,84.43,3,0.15,1.1,1.6,9.93
2010/7/4,1209.45,84.43,3,0.09,1.1,1.6,9.93
2010/7/5,1193.05,84.61,3,0.17,1.1,1.6,9.93
2010/7/6,1203,84.08,2.95,0.18,1.1,1.6,9.93
2010/7/7,1198.15,83.82,3,0.18,1.1,1.6,9.93
2010/7/8,1210.75,83.82,3.04,0.18,1.1,1.6,9.93
2010/7/9,1210.75,83.95,3.07,0.18,1.1,1.6,9.93
2010/7/10,1210.75,83.95,3.07,0.18,1.1,1.6,9.93
2010/7/11,1197,83.95,3.07,0.18,1.1,1.6,9.93
2010/7/12,1212.45,84.2,3.08,0.17,1.1,1.6,9.93
2010/7/13,1208.4,83.64,3.15,0.18,1.1,1.6,9.93
2010/7/14,1208.65,83.43,3.07,0.18,1.1,1.6,9.93
2010/7/15,1193.35,82.56,3,0.18,1.1,1.6,9.93
2010/7/16,1193.35,82.49,2.96,0.17,1.1,1.6,9.93
2010/7/17,1193.35,82.49,2.96,0.17,1.1,1.6,9.93
2010/7/18,1183.3,82.49,2.96,0.17,1.1,1.6,9.93
2010/7/19,1192.2,82.51,2.99,0.19,1.1,1.6,9.93
2010/7/20,1185.4,82.75,2.98,0.19,1.1,1.6,9.93
2010/7/21,1195.15,83.39,2.9,0.19,1.1,1.6,9.93
2010/7/22,1189.45,82.59,2.96,0.19,1.1,1.6,9.93
2010/7/23,1189.45,82.46,3.02,0.19,1.1,1.6,9.93
2010/7/24,1189.45,82.46,3.02,0.18,1.1,1.6,9.93
2010/7/25,1183.7,82.46,3.02,0.18,1.1,1.6,9.93
2010/7/26,1161.9,82.09,3.03,0.18,1.1,1.6,9.93
2010/7/27,1163.9,82.19,3.08,0.19,1.1,1.6,9.93
2010/7/28,1168.35,82.18,3.03,0.19,1.2,1.6,9.93
2010/7/29,1181.75,81.64,3.03,0.19,1.2,1.6,9.93
2010/7/30,1181.75,81.54,2.94,0.19,1.2,1.6,9.93
2010/7/31,1181.75,81.54,2.94,0.19,1.2,1.6,9.93
2010/8/1,1183.1,81.54,2.94,0.2,1.2,1.6,9.93
2010/8/2,1186.25,80.94,2.99,0.19,1.2,1.6,9.93
2010/8/3,1195.05,80.6,2.94,0.18,1.2,1.6,9.93
2010/8/4,1195.2,80.89,2.98,0.18,1.2,1.6,9.93
2010/8/5,1205.79,80.83,2.94,0.18,1.2,1.6,9.93
2010/8/6,1205.79,80.41,2.86,0.19,1.2,1.6,9.93
2010/8/7,1205.79,80.41,2.86,0.19,1.2,1.6,9.93
2010/8/8,1201.7,80.41,2.86,0.19,1.2,1.6,9.93
2010/8/9,1204.5,80.71,2.86,0.19,1.2,1.6,9.93
2010/8/10,1198.2,80.8,2.79,0.18,1.2,1.6,9.93
2010/8/11,1214.35,82.29,2.72,0.18,1.2,1.6,9.93
2010/8/12,1215.35,82.64,2.74,0.18,1.2,1.6,9.93
2010/8/13,1215.35,82.95,2.68,0.18,1.2,1.6,9.93
2010/8/14,1215.35,82.95,2.68,0.18,1.2,1.6,9.93
2010/8/15,1225.5,82.95,2.68,0.17,1.2,1.6,9.93
2010/8/16,1225.1,82.53,2.58,0.18,1.2,1.6,9.93
2010/8/17,1229.7,82.23,2.64,0.19,1.2,1.6,9.93
2010/8/18,1232.45,82.22,2.64,0.19,1.2,1.6,9.93
2010/8/19,1227.75,82.45,2.58,0.19,1.2,1.6,9.93
2010/8/20,1227.75,83.06,2.62,0.2,1.2,1.6,9.93
2010/8/21,1227.75,83.06,2.62,0.2,1.2,1.6,9.93
2010/8/22,1226.35,83.06,2.62,0.19,1.2,1.6,9.93
2010/8/23,1230.85,83.12,2.6,0.19,1.2,1.6,9.93
2010/8/24,1240.3,83.15,2.5,0.2,1.2,1.6,9.93
2010/8/25,1237.75,83.26,2.54,0.2,1.2,1.6,9.93
2010/8/26,1238.1,82.93,2.5,0.2,1.2,1.6,9.93
2010/8/27,1238.1,82.92,2.66,0.19,1.2,1.6,9.93
2010/8/28,1238.1,82.92,2.66,0.19,1.1,1.5,9.93
2010/8/29,1237.05,82.92,2.66,0.19,1.1,1.5,9.93
2010/8/30,1247.65,83.16,2.54,0.19,1.1,1.5,9.93
2010/8/31,1244.6,83.2,2.47,0.19,1.1,1.5,9.93
2010/9/1,1251.3,82.52,2.58,0.19,1.1,1.5,9.93
2010/9/2,1247.65,82.46,2.63,0.19,1.1,1.5,9.93
2010/9/3,1247.65,82.1,2.72,0.19,1.1,1.5,9.93
2010/9/4,1247.65,82.1,2.72,0.21,1.1,1.5,9.93
2010/9/5,1250.2,82.1,2.72,0.19,1.1,1.5,9.93
2010/9/6,1255.8,82.04,2.72,0.19,1.1,1.5,9.93
2010/9/7,1255.3,82.82,2.61,0.19,1.1,1.5,9.93
2010/9/8,1244.1,82.58,2.66,0.19,1.1,1.5,9.93
2010/9/9,1246.25,82.67,2.77,0.19,1.1,1.5,9.93
2010/9/10,1246.25,82.7,2.81,0.19,1.1,1.5,9.93
2010/9/11,1246.25,82.7,2.81,0.2,1.1,1.5,9.93
2010/9/12,1245.8,82.7,2.81,0.19,1.1,1.5,9.93
2010/9/13,1268.4,81.91,2.74,0.18,1.1,1.5,9.93
2010/9/14,1268.3,81.08,2.68,0.18,1.1,1.5,9.93
2010/9/15,1275.5,81.49,2.74,0.18,1.1,1.5,9.93
2010/9/16,1275.2,81.24,2.77,0.18,1.1,1.5,9.93
2010/9/17,1275.2,81.4,2.75,0.18,1.1,1.5,9.93
2010/9/18,1275.2,81.4,2.75,0.19,1.1,1.5,9.93
2010/9/19,1278.75,81.4,2.75,0.21,1.1,1.5,9.93
2010/9/20,1287.2,81.33,2.72,0.21,1.1,1.5,9.93
2010/9/21,1291.6,80.44,2.61,0.21,1.1,1.5,9.93
2010/9/22,1292.6,79.83,2.56,0.21,1.1,1.5,9.93
2010/9/23,1296.55,80.01,2.56,0.21,1.1,1.5,9.93
2010/9/24,1296.55,79.39,2.62,0.21,1.1,1.5,9.93
2010/9/25,1296.55,79.39,2.62,0.2,1.1,1.5,9.93
2010/9/26,1294.5,79.39,2.62,0.21,1.1,1.5,9.93
2010/9/27,1309.4,79.34,2.54,0.2,1.1,1.5,9.93
2010/9/28,1310.05,79.01,2.48,0.21,1.1,1.4,10.6
2010/9/29,1308.45,78.69,2.52,0.21,1.1,1.4,10.6
2010/9/30,1319.45,78.72,2.53,0.21,1.1,1.4,10.6
2010/10/1,1319.45,78.09,2.54,0.19,1.1,1.4,10.6
2010/10/2,1319.45,78.09,2.54,0.19,1.1,1.4,10.6
2010/10/3,1315.45,78.09,2.54,0.19,1.1,1.4,10.6
2010/10/4,1340.93,78.45,2.5,0.15,1.1,1.4,10.6
2010/10/5,1349.1,77.75,2.5,0.2,1.1,1.4,10.6
2010/10/6,1333.75,77.39,2.41,0.2,1.1,1.4,10.6
2010/10/7,1347.34,77.39,2.41,0.2,1.1,1.4,10.6
2010/10/8,1347.34,77.33,2.41,0.2,1.1,1.4,10.6
2010/10/9,1347.34,77.33,2.41,0.2,1.1,1.4,10.6
2010/10/10,1354.2,77.33,2.41,0.19,1.1,1.4,10.6
2010/10/11,1350.5,77.44,2.41,0.18,1.1,1.4,10.6
2010/10/12,1372.4,77.36,2.44,0.18,1.1,1.4,10.6
2010/10/13,1381.25,77.07,2.46,0.18,1.1,1.4,10.6
2010/10/14,1368.4,76.65,2.52,0.18,1.1,1.4,10.6
2010/10/15,1368.4,77.04,2.59,0.18,1.1,1.4,10.6
2010/10/16,1368.4,77.04,2.59,0.18,1.1,1.4,10.6
2010/10/17,1368.55,77.04,2.59,0.18,1.1,1.4,10.6
2010/10/18,1332.3,76.93,2.52,0.19,1.1,1.4,10.6
2010/10/19,1346.5,78.18,2.5,0.2,1.1,1.4,10.6
2010/10/20,1325.9,77.17,2.51,0.2,1.1,1.4,10.6
2010/10/21,1327.95,77.42,2.57,0.2,1.1,1.4,10.6
2010/10/22,1327.95,77.47,2.59,0.19,1.1,1.4,10.6
2010/10/23,1327.95,77.47,2.59,0.19,1.1,1.4,10.6
2010/10/24,1340.05,77.47,2.59,0.19,1.1,1.4,10.6
2010/10/25,1340.55,77.1,2.59,0.19,1.1,1.4,10.6
2010/10/26,1325.45,77.71,2.67,0.19,1.1,1.4,10.6
2010/10/27,1344.25,78.15,2.75,0.19,1.1,1.4,10.6
2010/10/28,1358.69,77.31,2.69,0.19,1.2,1.4,10.6
2010/10/29,1358.69,77.27,2.63,0.19,1.2,1.4,10.6
2010/10/30,1358.69,77.27,2.63,0.19,1.2,1.4,10.6
2010/10/31,1354.03,77.27,2.63,0.19,1.2,1.4,10.6
2010/11/1,1357.5,77.3,2.66,0.19,1.2,1.4,10.6
2010/11/2,1348.7,76.72,2.63,0.2,1.2,1.4,10.6
2010/11/3,1392.65,76.48,2.67,0.2,1.2,1.4,10.6
2010/11/4,1395.7,75.88,2.53,0.2,1.2,1.4,10.6
2010/11/5,1395.7,76.55,2.58,0.2,1.2,1.4,10.6
2010/11/6,1395.7,76.55,2.58,0.2,1.2,1.4,10.6
2010/11/7,1409.65,76.55,2.58,0.2,1.2,1.4,10.6
2010/11/8,1393.05,77.03,2.6,0.19,1.2,1.4,10.6
2010/11/9,1404.05,77.44,2.72,0.18,1.2,1.4,10.6
2010/11/10,1408.65,77.63,2.65,0.18,1.2,1.4,10.6
2010/11/11,1368.45,78.22,2.65,0.18,1.2,1.4,10.6
2010/11/12,1368.45,78.08,2.76,0.18,1.2,1.4,10.6
2010/11/13,1368.45,78.08,2.76,0.17,1.2,1.4,10.6
2010/11/14,1360.68,78.08,2.76,0.17,1.2,1.4,10.6
2010/11/15,1339.78,78.52,2.92,0.17,1.2,1.4,10.6
2010/11/16,1336.15,79.21,2.85,0.19,1.2,1.4,10.6
2010/11/17,1353.55,79.08,2.89,0.19,1.2,1.4,10.6
2010/11/18,1353.85,78.62,2.9,0.19,1.2,1.4,10.6
2010/11/19,1353.85,78.5,2.88,0.21,1.2,1.4,10.6
2010/11/20,1353.85,78.5,2.88,0.21,1.2,1.4,10.6
2010/11/21,1366.95,78.5,2.88,0.2,1.2,1.4,10.6
2010/11/22,1376.55,78.68,2.8,0.2,1.2,1.4,10.6
2010/11/23,1373.45,79.68,2.77,0.21,1.2,1.4,10.6
2010/11/24,1375,79.87,2.93,0.21,1.2,1.4,10.6
2010/11/25,1364.35,79.87,2.93,0.21,1.2,1.4,10.6
2010/11/26,1364.35,80.36,2.87,0.19,1.2,1.4,10.6
2010/11/27,1364.35,80.36,2.87,0.2,1.2,1.4,10.6
2010/11/28,1366.35,80.36,2.87,0.2,1.1,1.3,10.6
2010/11/29,1386.38,80.83,2.84,0.2,1.1,1.3,10.6
2010/11/30,1388.05,81.19,2.81,0.2,1.1,1.3,10.6
2010/12/1,1385.3,80.71,2.97,0.2,1.1,1.3,10.6
2010/12/2,1414.1,80.3,3.01,0.2,1.1,1.3,10.6
2010/12/3,1414.1,79.38,3.03,0.2,1.1,1.3,10.6
2010/12/4,1414.1,79.38,3.03,0.2,1.1,1.3,10.6
2010/12/5,1423.87,79.38,3.03,0.2,1.1,1.3,10.6
2010/12/6,1402.2,79.57,2.95,0.19,1.1,1.3,10.6
2010/12/7,1382.15,79.86,3.15,0.18,1.1,1.3,10.6
2010/12/8,1387.16,80,3.26,0.18,1.1,1.3,10.6
2010/12/9,1387.05,80.07,3.23,0.18,1.1,1.3,10.6
2010/12/10,1387.05,80.07,3.32,0.18,1.1,1.3,10.6
2010/12/11,1387.05,80.07,3.32,0.17,1.1,1.3,10.6
2010/12/12,1394.23,80.07,3.32,0.17,1.1,1.3,10.6
2010/12/13,1396.3,79.28,3.29,0.16,1.1,1.3,10.6
2010/12/14,1380.91,79.37,3.49,0.16,1.1,1.3,10.6
2010/12/15,1370.26,80.26,3.53,0.16,1.1,1.3,10.6
2010/12/16,1375.14,80.18,3.47,0.16,1.1,1.3,10.6
2010/12/17,1375.14,80.37,3.33,0.17,1.1,1.3,10.6
2010/12/18,1375.14,80.37,3.33,0.19,1.1,1.3,10.6
2010/12/19,1385.65,80.37,3.33,0.2,1.1,1.3,10.6
2010/12/20,1385.9,80.63,3.36,0.2,1.1,1.3,10.6
2010/12/21,1385.7,80.72,3.35,0.2,1.1,1.3,10.6
2010/12/22,1380.25,80.73,3.36,0.2,1.1,1.3,10.6
2010/12/23,1385.8,80.5,3.41,0.2,1.1,1.3,10.6
2010/12/24,1385.8,80.5,3.41,0.21,1.1,1.3,10.6
2010/12/25,1385.8,80.5,3.41,0.2,1.1,1.3,10.6
2010/12/26,1383.9,80.5,3.41,0.19,1.1,1.3,10.6
2010/12/27,1406.05,80.37,3.36,0.19,1.1,1.3,10.6
2010/12/28,1411.95,80.36,3.5,0.19,1.5,1.5,11.93
2010/12/29,1404.95,79.8,3.35,0.19,1.5,1.5,11.93
2010/12/30,1418.05,79.52,3.38,0.19,1.5,1.5,11.93
2010/12/31,1418.05,79.03,3.3,0.19,1.5,1.5,11.93
2011/1/1,1418.05,79.03,3.3,0.18,1.5,1.5,11.93
2011/1/2,1414.95,79.03,3.3,0.18,1.5,1.5,11.93
2011/1/3,1380.9,79.13,3.36,0.19,1.5,1.5,11.93
2011/1/4,1378.45,79.44,3.36,0.13,1.5,1.5,11.93
2011/1/5,1371.75,80.26,3.5,0.13,1.5,1.5,11.93
2011/1/6,1369.8,80.79,3.44,0.13,1.5,1.5,11.93
2011/1/7,1369.8,81.01,3.34,0.19,1.5,1.5,11.93
2011/1/8,1369.8,81.01,3.34,0.18,1.5,1.5,11.93
2011/1/9,1375.95,81.01,3.34,0.18,1.5,1.5,11.93
2011/1/10,1381.75,80.88,3.32,0.17,1.5,1.5,11.93
2011/1/11,1388.05,80.85,3.37,0.17,1.5,1.5,11.93
2011/1/12,1374,80.03,3.4,0.17,1.5,1.5,11.93
2011/1/13,1360.5,79.19,3.34,0.17,1.5,1.5,11.93
2011/1/14,1360.5,79.16,3.35,0.17,1.5,1.5,11.93
2011/1/15,1360.5,79.16,3.35,0.17,1.5,1.5,11.93
2011/1/16,1361.75,79.16,3.35,0.16,1.5,1.5,11.93
2011/1/17,1368.5,79.34,3.35,0.16,1.5,1.5,11.93
2011/1/18,1370.25,78.96,3.39,0.16,1.5,1.5,11.93
2011/1/19,1346.35,78.64,3.37,0.16,1.5,1.5,11.93
2011/1/20,1343.05,78.82,3.47,0.16,1.5,1.5,11.93
2011/1/21,1343.05,78.21,3.44,0.16,1.5,1.5,11.93
2011/1/22,1343.05,78.21,3.44,0.19,1.5,1.5,11.93
2011/1/23,1334.55,78.21,3.44,0.18,1.5,1.5,11.93
2011/1/24,1332.55,78.05,3.43,0.18,1.5,1.5,11.93
2011/1/25,1346.1,78,3.35,0.17,1.5,1.5,11.93
2011/1/26,1314.1,77.9,3.45,0.17,1.5,1.5,11.93
2011/1/27,1336.8,77.73,3.42,0.17,1.5,1.5,11.93
2011/1/28,1336.8,78.13,3.36,0.18,1.6,1.6,11.93
2011/1/29,1336.8,78.13,3.36,0.17,1.6,1.6,11.93
2011/1/30,1332.9,78.13,3.36,0.17,1.6,1.6,11.93
2011/1/31,1341.5,77.73,3.42,0.17,1.6,1.6,11.93
2011/2/1,1335.35,77.07,3.48,0.17,1.6,1.6,11.93
2011/2/2,1354.55,77.16,3.52,0.17,1.6,1.6,11.93
2011/2/3,1349.5,77.75,3.58,0.17,1.6,1.6,11.93
2011/2/4,1349.5,78.04,3.68,0.17,1.6,1.6,11.93
2011/2/5,1349.5,78.04,3.68,0.18,1.6,1.6,11.93
2011/2/6,1351.4,78.04,3.68,0.18,1.6,1.6,11.93
2011/2/7,1364,78.03,3.68,0.17,1.6,1.6,11.93
2011/2/8,1363.8,78,3.75,0.17,1.6,1.6,11.93
2011/2/9,1363.9,77.64,3.65,0.17,1.6,1.6,11.93
2011/2/10,1356.85,78.25,3.7,0.17,1.6,1.6,11.93
2011/2/11,1356.85,78.46,3.64,0.17,1.6,1.6,11.93
2011/2/12,1356.85,78.46,3.64,0.16,1.6,1.6,11.93
2011/2/13,1361.95,78.46,3.64,0.15,1.6,1.6,11.93
2011/2/14,1373.9,78.61,3.62,0.15,1.6,1.6,11.93
2011/2/15,1374.55,78.57,3.61,0.15,1.6,1.6,11.93
2011/2/16,1384.1,78.22,3.62,0.15,1.6,1.6,11.93
2011/2/17,1388.1,78,3.58,0.15,1.6,1.6,11.93
2011/2/18,1388.1,77.66,3.59,0.15,1.6,1.6,11.93
2011/2/19,1388.1,77.66,3.59,0.16,1.6,1.6,11.93
2011/2/20,1406.7,77.66,3.59,0.15,1.6,1.6,11.93
2011/2/21,1399.3,77.69,3.59,0.15,1.6,1.6,11.93
2011/2/22,1411.85,77.77,3.46,0.15,1.6,1.6,11.93
2011/2/23,1403.15,77.41,3.49,0.15,1.6,1.6,11.93
2011/2/24,1408.6,77.06,3.46,0.15,1.6,1.6,11.93
2011/2/25,1408.6,77.28,3.42,0.15,1.6,1.6,11.93
2011/2/26,1408.6,77.28,3.42,0.15,1.6,1.6,11.93
2011/2/27,1411.55,77.28,3.42,0.15,1.6,1.6,11.93
2011/2/28,1433.5,76.89,3.42,0.15,2.1,1.8,11.93
2011/3/1,1434.7,77.05,3.41,0.15,2.1,1.8,11.93
2011/3/2,1416.15,76.67,3.46,0.15,2.1,1.8,11.93
2011/3/3,1428.55,76.48,3.58,0.15,2.1,1.8,11.93
2011/3/4,1428.55,76.4,3.49,0.16,2.1,1.8,11.93
2011/3/5,1428.55,76.4,3.49,0.15,2.1,1.8,11.93
2011/3/6,1432.25,76.4,3.49,0.16,2.1,1.8,11.93
2011/3/7,1429.15,76.5,3.51,0.15,2.1,1.8,11.93
2011/3/8,1431,76.8,3.56,0.15,2.1,1.8,11.93
2011/3/9,1411.95,76.72,3.48,0.15,2.1,1.8,11.93
2011/3/10,1417.35,77.28,3.37,0.15,2.1,1.8,11.93
2011/3/11,1417.35,76.78,3.4,0.14,2.1,1.8,11.93
2011/3/12,1417.35,76.78,3.4,0.14,2.1,1.8,11.93
2011/3/13,1426.55,76.78,3.4,0.14,2.1,1.8,11.93
2011/3/14,1395.9,76.35,3.36,0.14,2.1,1.8,11.93
2011/3/15,1399.1,76.33,3.33,0.13,2.1,1.8,11.93
2011/3/16,1404,76.68,3.22,0.13,2.1,1.8,11.93
2011/3/17,1418.9,76.04,3.25,0.13,2.1,1.8,11.93
2011/3/18,1418.9,75.72,3.28,0.14,2.1,1.8,11.93
2011/3/19,1418.9,75.72,3.28,0.14,2.1,1.8,11.93
2011/3/20,1427.9,75.72,3.28,0.14,2.1,1.8,11.93
2011/3/21,1427.85,75.4,3.34,0.14,2.1,1.8,11.93
2011/3/22,1437.6,75.41,3.34,0.15,2.1,1.8,11.93
2011/3/23,1430.8,75.79,3.36,0.15,2.1,1.8,11.93
2011/3/24,1428.3,75.66,3.42,0.15,2.1,1.8,11.93
2011/3/25,1428.3,76.22,3.46,0.14,2.1,1.8,11.93
2011/3/26,1428.3,76.22,3.46,0.14,2.1,1.8,11.93
2011/3/27,1420.7,76.22,3.46,0.14,2.1,1.8,11.93
2011/3/28,1418.65,76.13,3.47,0.13,2.7,2.1,10.45
2011/3/29,1423.25,76.25,3.5,0.13,2.7,2.1,10.45
2011/3/30,1432.5,76.12,3.47,0.13,2.7,2.1,10.45
2011/3/31,1427.95,75.86,3.47,0.13,2.7,2.1,10.45
2011/4/1,1427.95,75.83,3.46,0.13,2.7,2.1,10.45
2011/4/2,1427.95,75.83,3.46,0.13,2.7,2.1,10.45
2011/4/3,1434.15,75.83,3.46,0.13,2.7,2.1,10.45
2011/4/4,1456.05,75.91,3.45,0.1,2.7,2.1,10.45
2011/4/5,1459.9,75.88,3.5,0.11,2.7,2.1,10.45
2011/4/6,1458.3,75.51,3.56,0.11,2.7,2.1,10.45
2011/4/7,1474,75.58,3.58,0.11,2.7,2.1,10.45
2011/4/8,1474,75.07,3.59,0.09,2.7,2.1,10.45
2011/4/9,1474,75.07,3.59,0.09,2.7,2.1,10.45
2011/4/10,1463.4,75.07,3.59,0.1,2.7,2.1,10.45
2011/4/11,1453.2,75.06,3.59,0.1,2.7,2.1,10.45
2011/4/12,1457.5,74.85,3.52,0.09,2.7,2.1,10.45
2011/4/13,1474.4,74.98,3.49,0.09,2.7,2.1,10.45
2011/4/14,1487.75,74.69,3.51,0.09,2.7,2.1,10.45
2011/4/15,1487.75,74.83,3.43,0.09,2.7,2.1,10.45
2011/4/16,1487.75,74.83,3.43,0.08,2.7,2.1,10.45
2011/4/17,1495.45,74.83,3.43,0.08,2.7,2.1,10.45
2011/4/18,1496.5,75.5,3.4,0.09,2.7,2.1,10.45
2011/4/19,1502.5,75.03,3.39,0.12,2.7,2.1,10.45
2011/4/20,1505.1,74.37,3.43,0.12,2.7,2.1,10.45
2011/4/21,1506.15,74,3.42,0.12,2.7,2.1,10.45
2011/4/22,1506.15,74,3.42,0.1,2.7,2.1,10.45
2011/4/23,1506.15,74,3.42,0.11,2.7,2.1,10.45
2011/4/24,1507.5,74,3.42,0.1,2.7,2.1,10.45
2011/4/25,1506.5,73.99,3.39,0.1,2.7,2.1,10.45
2011/4/26,1527.25,73.84,3.34,0.1,2.7,2.1,10.45
2011/4/27,1536.7,73.52,3.39,0.1,2.7,2.1,10.45
2011/4/28,1562.95,73.12,3.34,0.1,3.2,2.5,10.45
2011/4/29,1562.95,72.93,3.32,0.1,3.2,2.5,10.45
2011/4/30,1562.95,72.93,3.32,0.09,3.2,2.5,10.45
2011/5/1,1545.9,72.93,3.32,0.09,3.2,2.5,10.45
2011/5/2,1536.25,72.95,3.31,0.09,3.2,2.5,10.45
2011/5/3,1516.75,73.14,3.28,0.09,3.2,2.5,10.45
2011/5/4,1474.45,73.03,3.25,0.09,3.2,2.5,10.45
2011/5/5,1491.4,74.19,3.18,0.09,3.2,2.5,10.45
2011/5/6,1491.4,74.84,3.19,0.09,3.2,2.5,10.45
2011/5/7,1491.4,74.84,3.19,0.09,3.2,2.5,10.45
2011/5/8,1514.22,74.84,3.19,0.09,3.2,2.5,10.45
2011/5/9,1516.5,74.74,3.17,0.09,3.2,2.5,10.45
2011/5/10,1501.4,74.61,3.23,0.09,3.2,2.5,10.45
2011/5/11,1506.1,75.33,3.19,0.09,3.2,2.5,10.45
2011/5/12,1493.5,75.24,3.22,0.09,3.2,2.5,10.45
2011/5/13,1493.5,75.76,3.18,0.09,3.2,2.5,10.45
2011/5/14,1493.5,75.76,3.18,0.09,3.2,2.5,10.45
2011/5/15,1489.76,75.76,3.18,0.09,3.2,2.5,10.45
2011/5/16,1487.05,75.47,3.15,0.09,3.2,2.5,10.45
2011/5/17,1497.49,75.4,3.12,0.09,3.2,2.5,10.45
2011/5/18,1493.6,75.47,3.18,0.09,3.2,2.5,10.45
2011/5/19,1513.8,75.12,3.17,0.09,3.2,2.5,10.45
2011/5/20,1513.8,75.44,3.15,0.1,3.2,2.5,10.45
2011/5/21,1513.8,75.44,3.15,0.09,3.2,2.5,10.45
2011/5/22,1517.37,75.44,3.15,0.1,3.2,2.5,10.45
2011/5/23,1527,76.1,3.13,0.09,3.2,2.5,10.45
2011/5/24,1525.45,75.88,3.12,0.1,3.2,2.5,10.45
2011/5/25,1519.27,75.93,3.13,0.1,3.2,2.5,10.45
2011/5/26,1536.75,75.55,3.07,0.1,3.2,2.5,10.45
2011/5/27,1536.75,74.95,3.07,0.1,3.2,2.5,10.45
2011/5/28,1536.75,74.95,3.07,0.1,3.6,2.8,10.45
2011/5/29,1539.1,74.95,3.07,0.09,3.6,2.8,10.45
2011/5/30,1536.05,74.96,3.07,0.09,3.6,2.8,10.45
2011/5/31,1540.15,74.64,3.05,0.1,3.6,2.8,10.45
2011/6/1,1534.21,74.68,2.96,0.1,3.6,2.8,10.45
2011/6/2,1541.8,74.33,3.04,0.1,3.6,2.8,10.45
2011/6/3,1541.8,73.78,2.99,0.1,3.6,2.8,10.45
2011/6/4,1541.8,73.78,2.99,0.1,3.6,2.8,10.45
2011/6/5,1544.98,73.78,2.99,0.1,3.6,2.8,10.45
2011/6/6,1544.63,73.95,3.01,0.1,3.6,2.8,10.45
2011/6/7,1537.89,73.52,3.01,0.11,3.6,2.8,10.45
2011/6/8,1544.52,73.93,2.98,0.11,3.6,2.8,10.45
2011/6/9,1531.65,74.19,3.01,0.11,3.6,2.8,10.45
2011/6/10,1531.65,74.8,2.99,0.1,3.6,2.8,10.45
2011/6/11,1531.65,74.8,2.99,0.09,3.6,2.8,10.45
2011/6/12,1515.66,74.8,2.99,0.09,3.6,2.8,10.45
2011/6/13,1524.05,74.51,3,0.09,3.6,2.8,10.45
2011/6/14,1531.2,74.33,3.11,0.09,3.6,2.8,10.45
2011/6/15,1530.11,75.6,2.98,0.09,3.6,2.8,10.45
2011/6/16,1539.11,75.75,2.93,0.09,3.6,2.8,10.45
2011/6/17,1539.11,74.99,2.94,0.1,3.6,2.8,10.45
2011/6/18,1539.11,74.99,2.94,0.1,3.6,2.8,10.45
2011/6/19,1541,74.99,2.94,0.1,3.6,2.8,10.45
2011/6/20,1546.55,75.03,2.97,0.1,3.6,2.8,10.45
2011/6/21,1549.25,74.54,2.99,0.1,3.6,2.8,10.45
2011/6/22,1521.6,74.78,3.01,0.1,3.6,2.8,10.45
2011/6/23,1503.03,75.45,2.93,0.1,3.6,2.8,10.45
2011/6/24,1503.03,75.67,2.88,0.09,3.6,2.8,10.45
2011/6/25,1503.03,75.67,2.88,0.09,3.6,2.8,10.45
2011/6/26,1498.29,75.67,2.88,0.09,3.6,2.8,10.45
2011/6/27,1501.7,75.39,2.95,0.08,3.6,2.8,10.45
2011/6/28,1512.77,75.06,3.05,0.08,3.6,2.8,11.89
2011/6/29,1500.46,74.69,3.14,0.08,3.6,2.8,11.89
2011/6/30,1487.16,74.3,3.18,0.08,3.6,2.8,11.89
2011/7/1,1487.16,74.35,3.22,0.08,3.6,2.8,11.89
2011/7/2,1487.16,74.35,3.22,0.08,3.6,2.8,11.89
2011/7/3,1496.8,74.35,3.22,0.07,3.6,2.8,11.89
2011/7/4,1516.56,74.28,3.22,0.07,3.6,2.8,11.89
2011/7/5,1529.55,74.69,3.16,0.08,3.6,2.8,11.89
2011/7/6,1532.67,75.12,3.12,0.08,3.6,2.8,11.89
2011/7/7,1543.72,74.96,3.17,0.08,3.6,2.8,11.89
2011/7/8,1543.72,75.18,3.03,0.08,3.6,2.8,11.89
2011/7/9,1543.72,75.18,3.03,0.08,3.6,2.8,11.89
2011/7/10,1554.22,75.18,3.03,0.07,3.6,2.8,11.89
2011/7/11,1568.35,75.99,2.94,0.07,3.6,2.8,11.89
2011/7/12,1582.83,75.81,2.92,0.07,3.6,2.8,11.89
2011/7/13,1587.75,75.21,2.92,0.07,3.6,2.8,11.89
2011/7/14,1594.38,75.25,2.98,0.07,3.6,2.8,11.89
2011/7/15,1594.38,75.13,2.94,0.07,3.6,2.8,11.89
2011/7/16,1594.38,75.13,2.94,0.06,3.6,2.8,11.89
2011/7/17,1605.33,75.13,2.94,0.06,3.6,2.8,11.89
2011/7/18,1588.75,75.48,2.94,0.06,3.6,2.8,11.89
2011/7/19,1600.75,75.22,2.91,0.06,3.6,2.8,11.89
2011/7/20,1590.95,74.79,2.96,0.06,3.6,2.8,11.89
2011/7/21,1603,74.02,3.03,0.06,3.6,2.8,11.89
2011/7/22,1603,74.2,2.99,0.06,3.6,2.8,11.89
2011/7/23,1603,74.2,2.99,0.06,3.6,2.8,11.89
2011/7/24,1614.53,74.2,2.99,0.06,3.6,2.8,11.89
2011/7/25,1619.97,74.06,3.03,0.06,3.6,2.8,11.89
2011/7/26,1613.9,73.47,2.99,0.06,3.6,2.8,11.89
2011/7/27,1616.25,74.09,3.01,0.06,3.6,2.8,11.89
2011/7/28,1626.3,74.22,2.98,0.06,3.6,2.9,11.89
2011/7/29,1626.3,73.9,2.82,0.06,3.6,2.9,11.89
2011/7/30,1626.3,73.9,2.82,0.06,3.6,2.9,11.89
2011/7/31,1619.85,73.9,2.82,0.07,3.6,2.9,11.89
2011/8/1,1661.45,74.26,2.77,0.08,3.6,2.9,11.89
2011/8/2,1662.1,74.51,2.66,0.11,3.6,2.9,11.89
2011/8/3,1646.9,74.04,2.64,0.11,3.6,2.9,11.89
2011/8/4,1660.85,75.12,2.47,0.11,3.6,2.9,11.89
2011/8/5,1660.85,74.6,2.58,0.17,3.6,2.9,11.89
2011/8/6,1660.85,74.6,2.58,0.16,3.6,2.9,11.89
2011/8/7,1719.75,74.6,2.58,0.12,3.6,2.9,11.89
2011/8/8,1741.05,74.79,2.4,0.09,3.6,2.9,11.89
2011/8/9,1793.45,74.61,2.2,0.08,3.6,2.9,11.89
2011/8/10,1764.4,74.64,2.17,0.08,3.6,2.9,11.89
2011/8/11,1746.15,74.68,2.34,0.08,3.6,2.9,11.89
2011/8/12,1746.15,74.61,2.24,0.11,3.6,2.9,11.89
2011/8/13,1746.15,74.61,2.24,0.1,3.6,2.9,11.89
2011/8/14,1766.6,74.61,2.24,0.1,3.6,2.9,11.89
2011/8/15,1785.75,73.84,2.29,0.09,3.6,2.9,11.89
2011/8/16,1791.6,74.01,2.23,0.1,3.6,2.9,11.89
2011/8/17,1824.3,73.67,2.17,0.1,3.6,2.9,11.89
2011/8/18,1850.9,74.24,2.08,0.1,3.6,2.9,11.89
2011/8/19,1850.9,74.01,2.07,0.1,3.6,2.9,11.89
2011/8/20,1850.9,74.01,2.07,0.09,3.6,2.9,11.89
2011/8/21,1898.05,74.01,2.07,0.09,3.6,2.9,11.89
2011/8/22,1828.9,74.07,2.1,0.09,3.6,2.9,11.89
2011/8/23,1759.24,73.89,2.15,0.09,3.6,2.9,11.89
2011/8/24,1775.17,74.01,2.29,0.09,3.6,2.9,11.89
2011/8/25,1819.6,74.28,2.23,0.09,3.6,2.9,11.89
2011/8/26,1819.6,73.81,2.19,0.09,3.6,2.9,11.89
2011/8/27,1819.6,73.81,2.19,0.08,3.6,2.9,11.89
2011/8/28,1788.69,73.81,2.19,0.08,3.8,3,11.89
2011/8/29,1835.82,73.72,2.28,0.08,3.8,3,11.89
2011/8/30,1826.3,73.95,2.19,0.09,3.8,3,11.89
2011/8/31,1826.45,74.12,2.23,0.09,3.8,3,11.89
2011/9/1,1882.35,74.48,2.15,0.09,3.8,3,11.89
2011/9/2,1882.35,74.76,2.02,0.09,3.8,3,11.89
2011/9/3,1882.35,74.76,2.02,0.08,3.8,3,11.89
2011/9/4,1901.05,74.76,2.02,0.08,3.8,3,11.89
2011/9/5,1875.7,75.11,2.02,0.08,3.8,3,11.89
2011/9/6,1818.11,75.95,1.98,0.08,3.8,3,11.89
2011/9/7,1870.74,75.47,2.05,0.08,3.8,3,11.89
2011/9/8,1857.05,76.25,2,0.08,3.8,3,11.89
2011/9/9,1857.05,77.19,1.93,0.08,3.8,3,11.89
2011/9/10,1857.05,77.19,1.93,0.09,3.8,3,11.89
2011/9/11,1815.65,77.19,1.93,0.09,3.8,3,11.89
2011/9/12,1833.99,77.58,1.94,0.09,3.8,3,11.89
2011/9/13,1820.1,76.92,2,0.09,3.8,3,11.89
2011/9/14,1788.9,76.83,2.03,0.09,3.8,3,11.89
2011/9/15,1810.05,76.24,2.09,0.09,3.8,3,11.89
2011/9/16,1810.05,76.6,2.08,0.09,3.8,3,11.89
2011/9/17,1810.05,76.6,2.08,0.09,3.8,3,11.89
2011/9/18,1779.2,76.6,2.08,0.08,3.8,3,11.89
2011/9/19,1803.95,77.15,1.97,0.09,3.8,3,11.89
2011/9/20,1782.85,77.02,1.95,0.09,3.8,3,11.89
2011/9/21,1740.65,77.34,1.88,0.09,3.8,3,11.89
2011/9/22,1645.25,78.45,1.72,0.09,3.8,3,11.89
2011/9/23,1645.25,78.5,1.84,0.09,3.8,3,11.89
2011/9/24,1645.25,78.5,1.84,0.09,3.8,3,11.89
2011/9/25,1627.4,78.5,1.84,0.08,3.8,3,11.89
2011/9/26,1651.4,78.36,1.91,0.08,3.8,3,11.89
2011/9/27,1609.8,77.51,2,0.08,3.8,3,11.89
2011/9/28,1615.1,77.85,2.03,0.08,3.9,3,12.66
2011/9/29,1623.45,78.03,1.99,0.08,3.9,3,12.66
2011/9/30,1623.45,78.55,1.92,0.08,3.9,3,12.66
2011/10/1,1623.45,78.55,1.92,0.08,3.9,3,12.66
2011/10/2,1658.91,78.55,1.92,0.08,3.9,3,12.66
2011/10/3,1624.4,79.43,1.8,0.08,3.9,3,12.66
2011/10/4,1641.45,79.6,1.81,0.06,3.9,3,12.66
2011/10/5,1652.01,78.92,1.92,0.06,3.9,3,12.66
2011/10/6,1638.45,78.63,2.01,0.06,3.9,3,12.66
2011/10/7,1638.45,78.73,2.1,0.08,3.9,3,12.66
2011/10/8,1638.45,78.73,2.1,0.07,3.9,3,12.66
2011/10/9,1677.55,78.73,2.1,0.07,3.9,3,12.66
2011/10/10,1662.75,77.49,2.1,0.07,3.9,3,12.66
2011/10/11,1676.62,77.58,2.18,0.07,3.9,3,12.66
2011/10/12,1668.4,76.99,2.24,0.07,3.9,3,12.66
2011/10/13,1681.4,77,2.19,0.07,3.9,3,12.66
2011/10/14,1681.25,76.62,2.26,0.07,3.9,3,12.66
2011/10/15,1681.25,76.62,2.26,0.07,3.9,3,12.66
2011/10/16,1671.1,76.62,2.26,0.07,3.9,3,12.66
2011/10/17,1658.15,77.15,2.18,0.07,3.9,3,12.66
2011/10/18,1640.95,77.14,2.19,0.07,3.9,3,12.66
2011/10/19,1620.8,77.11,2.18,0.07,3.9,3,12.66
2011/10/20,1640.13,76.97,2.2,0.07,3.9,3,12.66
2011/10/21,1640.13,76.39,2.23,0.07,3.9,3,12.66
2011/10/22,1640.13,76.39,2.23,0.07,3.9,3,12.66
2011/10/23,1653.95,76.39,2.23,0.07,3.9,3,12.66
2011/10/24,1705.5,76.03,2.25,0.07,3.9,3,12.66
2011/10/25,1725.4,76.12,2.14,0.07,3.9,3,12.66
2011/10/26,1745.25,76.25,2.23,0.07,3.9,3,12.66
2011/10/27,1744.25,74.88,2.42,0.07,3.9,3,12.66
2011/10/28,1744.25,75.07,2.34,0.07,3.5,2.7,12.66
2011/10/29,1744.25,75.07,2.34,0.07,3.5,2.7,12.66
2011/10/30,1715.1,75.07,2.34,0.08,3.5,2.7,12.66
2011/10/31,1720.15,76.17,2.17,0.07,3.5,2.7,12.66
2011/11/1,1738.9,77.26,2.01,0.07,3.5,2.7,12.66
2011/11/2,1764.15,77.02,2.03,0.07,3.5,2.7,12.66
2011/11/3,1755.15,76.67,2.09,0.07,3.5,2.7,12.66
2011/11/4,1755.15,76.96,2.06,0.09,3.5,2.7,12.66
2011/11/5,1755.15,76.96,2.06,0.08,3.5,2.7,12.66
2011/11/6,1795.37,76.96,2.06,0.08,3.5,2.7,12.66
2011/11/7,1786.55,76.96,2.04,0.09,3.5,2.7,12.66
2011/11/8,1770.15,76.59,2.1,0.08,3.5,2.7,12.66
2011/11/9,1758.7,77.93,2,0.08,3.5,2.7,12.66
2011/11/10,1789.35,77.74,2.04,0.08,3.5,2.7,12.66
2011/11/11,1789.35,76.94,2.04,0.08,3.5,2.7,12.66
2011/11/12,1789.35,76.94,2.04,0.08,3.5,2.7,12.66
2011/11/13,1780.7,76.94,2.04,0.08,3.5,2.7,12.66
2011/11/14,1781.05,77.57,2.04,0.08,3.5,2.7,12.66
2011/11/15,1763.6,77.87,2.06,0.08,3.5,2.7,12.66
2011/11/16,1721.9,78.02,2.01,0.08,3.5,2.7,12.66
2011/11/17,1724.75,78.28,1.96,0.08,3.5,2.7,12.66
2011/11/18,1724.75,78.06,2.01,0.08,3.5,2.7,12.66
2011/11/19,1724.75,78.06,2.01,0.09,3.5,2.7,12.66
2011/11/20,1677.65,78.06,2.01,0.08,3.5,2.7,12.66
2011/11/21,1699.98,78.3,1.97,0.08,3.5,2.7,12.66
2011/11/22,1692.6,78.27,1.94,0.08,3.5,2.7,12.66
2011/11/23,1697.02,79.14,1.89,0.08,3.5,2.7,12.66
2011/11/24,1686.9,79.14,1.89,0.08,3.5,2.7,12.66
2011/11/25,1686.9,79.69,1.97,0.08,3.5,2.7,12.66
2011/11/26,1686.9,79.69,1.97,0.08,3.5,2.7,12.66
2011/11/27,1712.96,79.69,1.97,0.09,3.5,2.7,12.66
2011/11/28,1715.93,79.26,1.97,0.09,3.4,2.7,12.66
2011/11/29,1746.6,79.01,2,0.07,3.4,2.7,12.66
2011/11/30,1745.2,78.38,2.08,0.07,3.4,2.7,12.66
2011/12/1,1746.9,78.33,2.11,0.07,3.4,2.7,12.66
2011/12/2,1746.9,78.62,2.05,0.08,3.4,2.7,12.66
2011/12/3,1746.9,78.62,2.05,0.08,3.4,2.7,12.66
2011/12/4,1723.15,78.62,2.05,0.1,3.4,2.7,12.66
2011/12/5,1728.7,78.57,2.04,0.08,3.4,2.7,12.66
2011/12/6,1742.2,78.5,2.08,0.08,3.4,2.7,12.66
2011/12/7,1708.7,78.48,2.02,0.08,3.4,2.7,12.66
2011/12/8,1711.91,78.83,1.99,0.08,3.4,2.7,12.66
2011/12/9,1711.91,78.63,2.07,0.08,3.4,2.7,12.66
2011/12/10,1711.91,78.63,2.07,0.08,3.4,2.7,12.66
2011/12/11,1666.85,78.63,2.07,0.08,3.4,2.7,12.66
2011/12/12,1631.69,79.53,2.03,0.07,3.4,2.7,12.66
2011/12/13,1574.3,80.24,1.96,0.07,3.4,2.7,12.66
2011/12/14,1570.75,80.59,1.92,0.07,3.4,2.7,12.66
2011/12/15,1599.25,80.32,1.92,0.07,3.4,2.7,12.66
2011/12/16,1599.25,80.26,1.86,0.07,3.4,2.7,12.66
2011/12/17,1599.25,80.26,1.86,0.07,3.4,2.7,12.66
2011/12/18,1594.45,80.26,1.86,0.07,3.4,2.7,12.66
2011/12/19,1616.1,80.25,1.82,0.07,3.4,2.7,12.66
2011/12/20,1615.45,79.88,1.94,0.07,3.4,2.7,12.66
2011/12/21,1606.55,80.02,1.98,0.07,3.4,2.7,12.66
2011/12/22,1607.3,79.96,1.97,0.07,3.4,2.7,12.66
2011/12/23,1607.57,79.93,2.03,0.07,3.4,2.7,12.66
2011/12/24,1607.57,79.93,2.03,0.07,3.4,2.7,12.66
2011/12/25,1607.57,79.93,2.03,0.07,3.4,2.7,12.66
2011/12/26,1593.62,79.93,2.03,0.07,3.4,2.7,12.66
2011/12/27,1557.42,79.8,2.02,0.08,3.4,2.7,12.66
2011/12/28,1546.16,80.5,1.93,0.08,3,2.5,13.8
2011/12/29,1565.38,80.49,1.91,0.08,3,2.5,13.8
2011/12/30,1565.38,80.18,1.89,0.08,3,2.5,13.8
2011/12/31,1565.38,80.18,1.89,0.07,3,2.5,13.8
2012/1/1,1565.38,80.18,1.89,0.07,3,2.5,13.8
2012/1/2,1604.52,80.18,1.89,0.07,3,2.5,13.8
2012/1/3,1612.63,79.61,1.97,0.04,3,2.5,13.8
2012/1/4,1623.15,80.13,2,0.04,3,2.5,13.8
2012/1/5,1617.97,80.94,2.02,0.04,3,2.5,13.8
2012/1/6,1617.97,81.25,1.98,0.04,3,2.5,13.8
2012/1/7,1617.97,81.25,1.98,0.07,3,2.5,13.8
2012/1/8,1611.65,81.25,1.98,0.07,3,2.5,13.8
2012/1/9,1632.77,81.05,1.98,0.07,3,2.5,13.8
2012/1/10,1642.17,80.81,2,0.07,3,2.5,13.8
2012/1/11,1650.35,81.35,1.93,0.07,3,2.5,13.8
2012/1/12,1639.65,80.77,1.94,0.07,3,2.5,13.8
2012/1/13,1639.65,81.52,1.89,0.08,3,2.5,13.8
2012/1/14,1639.65,81.52,1.89,0.08,3,2.5,13.8
2012/1/15,1643.95,81.52,1.89,0.08,3,2.5,13.8
2012/1/16,1652.59,81.52,1.89,0.08,3,2.5,13.8
2012/1/17,1660.27,81.18,1.87,0.09,3,2.5,13.8
2012/1/18,1659.19,80.61,1.92,0.09,3,2.5,13.8
2012/1/19,1666.94,80.22,2.01,0.09,3,2.5,13.8
2012/1/20,1666.94,80.22,2.05,0.09,3,2.5,13.8
2012/1/21,1666.94,80.22,2.05,0.09,3,2.5,13.8
2012/1/22,1677.09,80.22,2.05,0.09,3,2.5,13.8
2012/1/23,1665.8,79.78,2.09,0.1,3,2.5,13.8
2012/1/24,1710.75,79.87,2.08,0.09,3,2.5,13.8
2012/1/25,1723.55,79.58,2.01,0.09,3,2.5,13.8
2012/1/26,1739.29,79.39,1.96,0.09,3,2.5,13.8
2012/1/27,1739.29,78.9,1.93,0.09,3,2.5,13.8
2012/1/28,1739.29,78.9,1.93,0.09,2.9,2.6,13.8
2012/1/29,1730.18,78.9,1.93,0.08,2.9,2.6,13.8
2012/1/30,1738.18,79.17,1.87,0.08,2.9,2.6,13.8
2012/1/31,1744.25,79.29,1.83,0.09,2.9,2.6,13.8
2012/2/1,1759.9,78.92,1.87,0.09,2.9,2.6,13.8
2012/2/2,1726.56,78.99,1.86,0.09,2.9,2.6,13.8
2012/2/3,1726.56,78.92,1.97,0.09,2.9,2.6,13.8
2012/2/4,1726.56,78.92,1.97,0.11,2.9,2.6,13.8
2012/2/5,1720.61,78.92,1.97,0.11,2.9,2.6,13.8
2012/2/6,1745.72,79.07,1.93,0.11,2.9,2.6,13.8
2012/2/7,1733.58,78.58,2,0.11,2.9,2.6,13.8
2012/2/8,1729.9,78.64,2.01,0.11,2.9,2.6,13.8
2012/2/9,1722.05,78.57,2.04,0.11,2.9,2.6,13.8
2012/2/10,1722.05,79.11,1.96,0.11,2.9,2.6,13.8
2012/2/11,1722.05,79.11,1.96,0.11,2.9,2.6,13.8
2012/2/12,1722.5,79.11,1.96,0.11,2.9,2.6,13.8
2012/2/13,1720.45,78.95,1.99,0.11,2.9,2.6,13.8
2012/2/14,1728.4,79.58,1.92,0.12,2.9,2.6,13.8
2012/2/15,1728.3,79.67,1.93,0.12,2.9,2.6,13.8
2012/2/16,1723.79,79.35,1.99,0.12,2.9,2.6,13.8
2012/2/17,1723.79,79.33,2.01,0.12,2.9,2.6,13.8
2012/2/18,1723.79,79.33,2.01,0.12,2.9,2.6,13.8
2012/2/19,1735.9,79.33,2.01,0.12,2.9,2.6,13.8
2012/2/20,1759.45,79.33,2.01,0.11,2.9,2.6,13.8
2012/2/21,1776.45,79.04,2.05,0.09,2.9,2.6,13.8
2012/2/22,1781,79.21,2.01,0.09,2.9,2.6,13.8
2012/2/23,1772.7,78.82,1.99,0.09,2.9,2.6,13.8
2012/2/24,1772.7,78.35,1.98,0.09,2.9,2.6,13.8
2012/2/25,1772.7,78.35,1.98,0.1,2.9,2.6,13.8
2012/2/26,1767.9,78.35,1.98,0.08,2.9,2.6,13.8
2012/2/27,1784.45,78.57,1.92,0.08,2.9,2.6,13.8
2012/2/28,1697.15,78.27,1.94,0.09,2.9,2.5,13.8
2012/2/29,1718.55,78.74,1.98,0.09,2.9,2.5,13.8
2012/3/1,1712.85,78.79,2.03,0.09,2.9,2.5,13.8
2012/3/2,1712.85,79.4,1.99,0.1,2.9,2.5,13.8
2012/3/3,1712.85,79.4,1.99,0.1,2.9,2.5,13.8
2012/3/4,1706.65,79.4,1.99,0.1,2.9,2.5,13.8
2012/3/5,1674.55,79.3,2,0.11,2.9,2.5,13.8
2012/3/6,1685.2,79.87,1.96,0.11,2.9,2.5,13.8
2012/3/7,1700.1,79.71,1.98,0.11,2.9,2.5,13.8
2012/3/8,1714.45,79.14,2.03,0.11,2.9,2.5,13.8
2012/3/9,1714.45,80.04,2.04,0.11,2.9,2.5,13.8
2012/3/10,1714.45,80.04,2.04,0.11,2.9,2.5,13.8
2012/3/11,1701.55,80.04,2.04,0.11,2.9,2.5,13.8
2012/3/12,1674.45,79.89,2.04,0.11,2.9,2.5,13.8
2012/3/13,1645.05,80.19,2.14,0.12,2.9,2.5,13.8
2012/3/14,1658.95,80.56,2.29,0.12,2.9,2.5,13.8
2012/3/15,1660.29,80.15,2.29,0.12,2.9,2.5,13.8
2012/3/16,1660.29,79.79,2.31,0.12,2.9,2.5,13.8
2012/3/17,1660.29,79.79,2.31,0.12,2.9,2.5,13.8
2012/3/18,1664.75,79.79,2.31,0.13,2.9,2.5,13.8
2012/3/19,1651,79.79,2.39,0.14,2.9,2.5,13.8
2012/3/20,1650.95,79.59,2.38,0.15,2.9,2.5,13.8
2012/3/21,1646.2,79.66,2.31,0.15,2.9,2.5,13.8
2012/3/22,1662.25,79.74,2.29,0.15,2.9,2.5,13.8
2012/3/23,1662.25,79.34,2.25,0.15,2.9,2.5,13.8
2012/3/24,1662.25,79.34,2.25,0.15,2.9,2.5,13.8
2012/3/25,1690.4,79.34,2.25,0.15,2.9,2.5,13.8
2012/3/26,1680.9,78.98,2.26,0.14,2.9,2.5,13.8
2012/3/27,1663.95,79.05,2.2,0.14,2.9,2.5,13.8
2012/3/28,1661.85,79.13,2.21,0.14,2.7,2.3,11.74
2012/3/29,1668.7,79.19,2.18,0.14,2.7,2.3,11.74
2012/3/30,1668.7,79,2.23,0.14,2.7,2.3,11.74
2012/3/31,1668.7,79,2.23,0.14,2.7,2.3,11.74
2012/4/1,1678.05,79,2.23,0.13,2.7,2.3,11.74
2012/4/2,1646.45,78.82,2.22,0.13,2.7,2.3,11.74
2012/4/3,1620.95,79.48,2.3,0.09,2.7,2.3,11.74
2012/4/4,1631.5,79.78,2.25,0.09,2.7,2.3,11.74
2012/4/5,1643.15,80.08,2.19,0.09,2.7,2.3,11.74
2012/4/6,1643.15,79.89,2.07,0.15,2.7,2.3,11.74
2012/4/7,1643.15,79.89,2.07,0.15,2.7,2.3,11.74
2012/4/8,1640.6,79.89,2.07,0.15,2.7,2.3,11.74
2012/4/9,1660.15,79.73,2.06,0.15,2.7,2.3,11.74
2012/4/10,1659.3,79.89,2.01,0.12,2.7,2.3,11.74
2012/4/11,1676,79.8,2.05,0.12,2.7,2.3,11.74
2012/4/12,1658.82,79.28,2.08,0.12,2.7,2.3,11.74
2012/4/13,1658.82,79.89,2.02,0.16,2.7,2.3,11.74
2012/4/14,1658.82,79.89,2.02,0.15,2.7,2.3,11.74
2012/4/15,1652.2,79.89,2.02,0.16,2.7,2.3,11.74
2012/4/16,1649.8,79.56,2,0.15,2.7,2.3,11.74
2012/4/17,1642.5,79.48,2.03,0.15,2.7,2.3,11.74
2012/4/18,1643.2,79.54,2,0.15,2.7,2.3,11.74
2012/4/19,1643.45,79.56,1.98,0.15,2.7,2.3,11.74
2012/4/20,1643.45,79.19,1.99,0.15,2.7,2.3,11.74
2012/4/21,1643.45,79.19,1.99,0.16,2.7,2.3,11.74
2012/4/22,1639.2,79.19,1.99,0.15,2.7,2.3,11.74
2012/4/23,1642.45,79.42,1.96,0.13,2.7,2.3,11.74
2012/4/24,1643.9,79.22,2,0.12,2.7,2.3,11.74
2012/4/25,1657.7,79.01,2.01,0.12,2.7,2.3,11.74
2012/4/26,1663.2,78.92,1.98,0.12,2.7,2.3,11.74
2012/4/27,1663.2,78.71,1.96,0.13,2.7,2.3,11.74
2012/4/28,1663.2,78.71,1.96,0.14,2.3,2,11.74
2012/4/29,1665.1,78.71,1.96,0.15,2.3,2,11.74
2012/4/30,1662.65,78.78,1.95,0.14,2.3,2,11.74
2012/5/1,1653.75,78.86,1.98,0.13,2.3,2,11.74
2012/5/2,1636.2,79.13,1.96,0.13,2.3,2,11.74
2012/5/3,1642.45,79.22,1.96,0.13,2.3,2,11.74
2012/5/4,1642.6,79.5,1.91,0.16,2.3,2,11.74
2012/5/5,1642.6,79.5,1.91,0.16,2.3,2,11.74
2012/5/6,1638.75,79.5,1.91,0.15,2.3,2,11.74
2012/5/7,1605.7,79.6,1.92,0.15,2.3,2,11.74
2012/5/8,1589.8,79.74,1.88,0.16,2.3,2,11.74
2012/5/9,1594.25,80.08,1.87,0.16,2.3,2,11.74
2012/5/10,1579.7,80.11,1.89,0.16,2.3,2,11.74
2012/5/11,1579.7,80.26,1.84,0.16,2.3,2,11.74
2012/5/12,1579.7,80.26,1.84,0.16,2.3,2,11.74
2012/5/13,1556.85,80.26,1.84,0.15,2.3,2,11.74
2012/5/14,1544.45,80.61,1.78,0.15,2.3,2,11.74
2012/5/15,1539.85,81.22,1.76,0.15,2.3,2,11.74
2012/5/16,1574.54,81.37,1.76,0.15,2.3,2,11.74
2012/5/17,1593.6,81.38,1.7,0.15,2.3,2,11.74
2012/5/18,1593.6,81.29,1.71,0.16,2.3,2,11.74
2012/5/19,1593.6,81.29,1.71,0.16,2.3,2,11.74
2012/5/20,1593.4,81.29,1.71,0.16,2.3,2,11.74
2012/5/21,1568.8,81.08,1.75,0.16,2.3,2,11.74
2012/5/22,1561.7,81.49,1.79,0.16,2.3,2,11.74
2012/5/23,1559.35,82.09,1.73,0.16,2.3,2,11.74
2012/5/24,1573.25,82.35,1.77,0.16,2.3,2,11.74
2012/5/25,1573.25,82.4,1.75,0.16,2.3,2,11.74
2012/5/26,1573.25,82.4,1.75,0.16,2.3,2,11.74
2012/5/27,1578.9,82.4,1.75,0.15,2.3,2,11.74
2012/5/28,1555.25,82.4,1.75,0.15,1.7,1.6,11.74
2012/5/29,1563.7,82.48,1.74,0.15,1.7,1.6,11.74
2012/5/30,1560.7,83.02,1.63,0.15,1.7,1.6,11.74
2012/5/31,1623.05,83.04,1.59,0.15,1.7,1.6,11.74
2012/6/1,1623.05,82.89,1.47,0.15,1.7,1.6,11.74
2012/6/2,1623.05,82.89,1.47,0.16,1.7,1.6,11.74
2012/6/3,1619.2,82.89,1.47,0.16,1.7,1.6,11.74
2012/6/4,1617.3,82.56,1.53,0.16,1.7,1.6,11.74
2012/6/5,1619.55,82.83,1.57,0.16,1.7,1.6,11.74
2012/6/6,1589.55,82.32,1.66,0.16,1.7,1.6,11.74
2012/6/7,1593.85,82.05,1.66,0.16,1.7,1.6,11.74
2012/6/8,1593.85,82.51,1.65,0.17,1.7,1.6,11.74
2012/6/9,1593.85,82.51,1.65,0.17,1.7,1.6,11.74
2012/6/10,1596.95,82.51,1.65,0.16,1.7,1.6,11.74
2012/6/11,1610.05,82.52,1.6,0.16,1.7,1.6,11.74
2012/6/12,1617.3,82.42,1.67,0.17,1.7,1.6,11.74
2012/6/13,1623.95,82.06,1.61,0.17,1.7,1.6,11.74
2012/6/14,1627.6,81.99,1.64,0.17,1.7,1.6,11.74
2012/6/15,1627.6,81.63,1.6,0.17,1.7,1.6,11.74
2012/6/16,1627.6,81.63,1.6,0.16,1.7,1.6,11.74
2012/6/17,1628.35,81.63,1.6,0.17,1.7,1.6,11.74
2012/6/18,1618.65,81.95,1.59,0.17,1.7,1.6,11.74
2012/6/19,1607.7,81.38,1.64,0.18,1.7,1.6,11.74
2012/6/20,1566.65,81.58,1.65,0.18,1.7,1.6,11.74
2012/6/21,1572.7,82.29,1.63,0.18,1.7,1.6,11.74
2012/6/22,1572.7,82.26,1.69,0.17,1.7,1.6,11.74
2012/6/23,1572.7,82.26,1.69,0.17,1.7,1.6,11.74
2012/6/24,1584.8,82.26,1.69,0.16,1.7,1.6,11.74
2012/6/25,1573.15,82.5,1.63,0.17,1.7,1.6,11.74
2012/6/26,1574.35,82.37,1.66,0.17,1.7,1.6,11.74
2012/6/27,1552.95,82.62,1.65,0.17,1.7,1.6,11.74
2012/6/28,1597.55,82.81,1.6,0.17,1.7,1.5,13.13
2012/6/29,1597.55,81.63,1.67,0.17,1.7,1.5,13.13
2012/6/30,1597.55,81.63,1.67,0.16,1.7,1.5,13.13
2012/7/1,1597.3,81.63,1.67,0.15,1.7,1.5,13.13
2012/7/2,1617.55,81.87,1.61,0.15,1.7,1.5,13.13
2012/7/3,1615.2,81.78,1.65,0.09,1.7,1.5,13.13
2012/7/4,1604.85,81.78,1.65,0.09,1.7,1.5,13.13
2012/7/5,1584.15,82.81,1.62,0.09,1.7,1.5,13.13
2012/7/6,1584.15,83.38,1.57,0.18,1.7,1.5,13.13
2012/7/7,1584.15,83.38,1.57,0.17,1.7,1.5,13.13
2012/7/8,1587.85,83.38,1.57,0.17,1.7,1.5,13.13
2012/7/9,1567.5,83.16,1.53,0.17,1.7,1.5,13.13
2012/7/10,1576.65,83.4,1.53,0.17,1.7,1.5,13.13
2012/7/11,1572.4,83.57,1.54,0.17,1.7,1.5,13.13
2012/7/12,1590.05,83.66,1.5,0.17,1.7,1.5,13.13
2012/7/13,1590.05,83.35,1.52,0.17,1.7,1.5,13.13
2012/7/14,1590.05,83.35,1.52,0.17,1.7,1.5,13.13
2012/7/15,1581.05,83.35,1.52,0.17,1.7,1.5,13.13
2012/7/16,1583.75,83.1,1.5,0.18,1.7,1.5,13.13
2012/7/17,1573.8,83.03,1.53,0.19,1.7,1.5,13.13
2012/7/18,1581.6,83.07,1.52,0.19,1.7,1.5,13.13
2012/7/19,1584.7,82.88,1.54,0.19,1.7,1.5,13.13
2012/7/20,1584.7,83.48,1.49,0.18,1.7,1.5,13.13
2012/7/21,1584.7,83.48,1.49,0.17,1.7,1.5,13.13
2012/7/22,1577.05,83.48,1.49,0.16,1.7,1.5,13.13
2012/7/23,1581,83.71,1.47,0.13,1.7,1.5,13.13
2012/7/24,1604.7,84,1.44,0.13,1.7,1.5,13.13
2012/7/25,1615.9,83.52,1.43,0.13,1.7,1.5,13.13
2012/7/26,1623.75,82.81,1.45,0.13,1.7,1.5,13.13
2012/7/27,1623.75,82.71,1.58,0.14,1.7,1.5,13.13
2012/7/28,1623.75,82.71,1.58,0.15,1.4,1.4,13.13
2012/7/29,1622.372,82.71,1.58,0.15,1.4,1.4,13.13
2012/7/30,1614.6,82.79,1.53,0.14,1.4,1.4,13.13
2012/7/31,1600,82.64,1.51,0.14,1.4,1.4,13.13
2012/8/1,1588.85,83.06,1.56,0.14,1.4,1.4,13.13
2012/8/2,1603.8,83.36,1.51,0.14,1.4,1.4,13.13
2012/8/3,1603.8,82.38,1.6,0.14,1.4,1.4,13.13
2012/8/4,1603.8,82.38,1.6,0.13,1.4,1.4,13.13
2012/8/5,1610.85,82.38,1.6,0.14,1.4,1.4,13.13
2012/8/6,1612.55,82.27,1.59,0.14,1.4,1.4,13.13
2012/8/7,1612.4,82.21,1.66,0.14,1.4,1.4,13.13
2012/8/8,1617.55,82.39,1.68,0.14,1.4,1.4,13.13
2012/8/9,1620.6,82.64,1.69,0.14,1.4,1.4,13.13
2012/8/10,1620.6,82.55,1.65,0.14,1.4,1.4,13.13
2012/8/11,1620.6,82.55,1.65,0.13,1.4,1.4,13.13
2012/8/12,1610.05,82.55,1.65,0.13,1.4,1.4,13.13
2012/8/13,1599.3,82.44,1.65,0.13,1.4,1.4,13.13
2012/8/14,1603.3,82.48,1.73,0.13,1.4,1.4,13.13
2012/8/15,1615.25,82.64,1.8,0.13,1.4,1.4,13.13
2012/8/16,1616.35,82.36,1.83,0.13,1.4,1.4,13.13
2012/8/17,1616.35,82.6,1.81,0.13,1.4,1.4,13.13
2012/8/18,1616.35,82.6,1.81,0.13,1.4,1.4,13.13
2012/8/19,1620.75,82.6,1.81,0.13,1.4,1.4,13.13
2012/8/20,1638.05,82.46,1.82,0.13,1.4,1.4,13.13
2012/8/21,1654.78,81.91,1.8,0.13,1.4,1.4,13.13
2012/8/22,1670.8,81.49,1.71,0.13,1.4,1.4,13.13
2012/8/23,1671,81.36,1.68,0.13,1.4,1.4,13.13
2012/8/24,1671,81.59,1.68,0.13,1.4,1.4,13.13
2012/8/25,1671,81.59,1.68,0.13,1.4,1.4,13.13
2012/8/26,1664.3,81.59,1.68,0.13,1.4,1.4,13.13
2012/8/27,1667.15,81.66,1.65,0.13,1.4,1.4,13.13
2012/8/28,1656.75,81.37,1.64,0.13,1.7,1.5,13.13
2012/8/29,1655.8,81.55,1.66,0.13,1.7,1.5,13.13
2012/8/30,1692.3,81.69,1.63,0.13,1.7,1.5,13.13
2012/8/31,1692.3,81.21,1.57,0.13,1.7,1.5,13.13
2012/9/1,1692.3,81.21,1.57,0.13,1.7,1.5,13.13
2012/9/2,1693.2,81.21,1.57,0.13,1.7,1.5,13.13
2012/9/3,1696.25,81.21,1.57,0.14,1.7,1.5,13.13
2012/9/4,1693.25,81.31,1.59,0.13,1.7,1.5,13.13
2012/9/5,1700.8,81.23,1.6,0.13,1.7,1.5,13.13
2012/9/6,1736.3,81.04,1.68,0.13,1.7,1.5,13.13
2012/9/7,1736.3,80.25,1.67,0.13,1.7,1.5,13.13
2012/9/8,1736.3,80.25,1.67,0.14,1.7,1.5,13.13
2012/9/9,1726.45,80.25,1.67,0.16,1.7,1.5,13.13
2012/9/10,1732.25,80.25,1.68,0.16,1.7,1.5,13.13
2012/9/11,1730.95,79.86,1.7,0.15,1.7,1.5,13.13
2012/9/12,1767.15,79.74,1.77,0.15,1.7,1.5,13.13
2012/9/13,1770.8,79.26,1.75,0.15,1.7,1.5,13.13
2012/9/14,1770.8,78.85,1.88,0.15,1.7,1.5,13.13
2012/9/15,1770.8,78.85,1.88,0.15,1.7,1.5,13.13
2012/9/16,1761.65,78.85,1.88,0.15,1.7,1.5,13.13
2012/9/17,1772.2,79.01,1.85,0.15,1.7,1.5,13.13
2012/9/18,1770.65,79.25,1.82,0.16,1.7,1.5,13.13
2012/9/19,1768.7,79.06,1.79,0.16,1.7,1.5,13.13
2012/9/20,1773.55,79.41,1.8,0.16,1.7,1.5,13.13
2012/9/21,1773.55,79.33,1.77,0.16,1.7,1.5,13.13
2012/9/22,1773.55,79.33,1.77,0.16,1.7,1.5,13.13
2012/9/23,1764.65,79.33,1.77,0.15,1.7,1.5,13.13
2012/9/24,1760.95,79.52,1.74,0.16,1.7,1.5,13.13
2012/9/25,1753.05,79.55,1.7,0.15,1.7,1.5,13.13
2012/9/26,1777.45,79.89,1.64,0.15,1.7,1.5,13.13
2012/9/27,1772.55,79.55,1.66,0.15,1.7,1.5,13.13
2012/9/28,1772.55,79.94,1.65,0.16,2,1.7,13.81
2012/9/29,1772.55,79.94,1.65,0.15,2,1.7,13.81
2012/9/30,1775.848,79.94,1.65,0.15,2,1.7,13.81
2012/10/1,1774.7,79.82,1.64,0.14,2,1.7,13.81
2012/10/2,1778.3,79.74,1.64,0.09,2,1.7,13.81
2012/10/3,1790.7,79.97,1.64,0.09,2,1.7,13.81
2012/10/4,1781.15,79.35,1.7,0.09,2,1.7,13.81
2012/10/5,1781.15,79.34,1.75,0.15,2,1.7,13.81
2012/10/6,1781.15,79.34,1.75,0.16,2,1.7,13.81
2012/10/7,1775.15,79.34,1.75,0.16,2,1.7,13.81
2012/10/8,1764.45,79.54,1.75,0.15,2,1.7,13.81
2012/10/9,1762.55,79.95,1.74,0.15,2,1.7,13.81
2012/10/10,1767.45,79.92,1.72,0.15,2,1.7,13.81
2012/10/11,1754.45,79.78,1.7,0.15,2,1.7,13.81
2012/10/12,1754.45,79.67,1.69,0.15,2,1.7,13.81
2012/10/13,1754.45,79.67,1.69,0.16,2,1.7,13.81
2012/10/14,1737.75,79.67,1.69,0.16,2,1.7,13.81
2012/10/15,1747.97,79.74,1.7,0.16,2,1.7,13.81
2012/10/16,1750.5,79.41,1.75,0.16,2,1.7,13.81
2012/10/17,1741.75,79.02,1.83,0.16,2,1.7,13.81
2012/10/18,1722.03,79.37,1.86,0.16,2,1.7,13.81
2012/10/19,1722.03,79.62,1.79,0.16,2,1.7,13.81
2012/10/20,1722.03,79.62,1.79,0.16,2,1.7,13.81
2012/10/21,1728.97,79.62,1.79,0.15,2,1.7,13.81
2012/10/22,1708.08,79.65,1.83,0.15,2,1.7,13.81
2012/10/23,1702.33,79.98,1.79,0.16,2,1.7,13.81
2012/10/24,1712.37,79.91,1.8,0.16,2,1.7,13.81
2012/10/25,1711.89,80.04,1.86,0.16,2,1.7,13.81
2012/10/26,1711.89,80.07,1.78,0.15,2,1.7,13.81
2012/10/27,1711.89,80.07,1.78,0.15,2,1.7,13.81
2012/10/28,1709.8,80.07,1.78,0.17,2.2,2,13.81
2012/10/29,1710,80.23,1.74,0.16,2.2,2,13.81
2012/10/30,1721.09,79.93,1.74,0.16,2.2,2,13.81
2012/10/31,1714.7,79.92,1.72,0.16,2.2,2,13.81
2012/11/1,1678.46,80.05,1.75,0.16,2.2,2,13.81
2012/11/2,1678.46,80.59,1.75,0.17,2.2,2,13.81
2012/11/3,1678.46,80.59,1.75,0.17,2.2,2,13.81
2012/11/4,1685.32,80.59,1.75,0.18,2.2,2,13.81
2012/11/5,1716.26,80.75,1.72,0.17,2.2,2,13.81
2012/11/6,1718.05,80.61,1.78,0.16,2.2,2,13.81
2012/11/7,1731.7,80.76,1.68,0.16,2.2,2,13.81
2012/11/8,1731.38,80.79,1.62,0.16,2.2,2,13.81
2012/11/9,1731.38,81.03,1.61,0.17,2.2,2,13.81
2012/11/10,1731.38,81.03,1.61,0.16,2.2,2,13.81
2012/11/11,1728.73,81.03,1.61,0.16,2.2,2,13.81
2012/11/12,1725.36,81.03,1.61,0.16,2.2,2,13.81
2012/11/13,1727.06,81.08,1.59,0.16,2.2,2,13.81
2012/11/14,1716.25,81.06,1.59,0.16,2.2,2,13.81
2012/11/15,1714.15,81.08,1.58,0.16,2.2,2,13.81
2012/11/16,1714.15,81.26,1.58,0.16,2.2,2,13.81
2012/11/17,1714.15,81.26,1.58,0.16,2.2,2,13.81
2012/11/18,1732.11,81.26,1.58,0.16,2.2,2,13.81
2012/11/19,1727.4,80.87,1.61,0.16,2.2,2,13.81
2012/11/20,1729.12,80.96,1.66,0.16,2.2,2,13.81
2012/11/21,1730.5,80.93,1.69,0.16,2.2,2,13.81
2012/11/22,1751.9,80.93,1.69,0.16,2.2,2,13.81
2012/11/23,1751.9,80.19,1.7,0.16,2.2,2,13.81
2012/11/24,1751.9,80.19,1.7,0.16,2.2,2,13.81
2012/11/25,1749.08,80.19,1.7,0.16,2.2,2,13.81
2012/11/26,1742.48,80.25,1.66,0.16,2.2,2,13.81
2012/11/27,1720.23,80.4,1.64,0.16,2.2,2,13.81
2012/11/28,1726.35,80.34,1.63,0.16,1.8,1.7,13.81
2012/11/29,1715.28,80.2,1.62,0.16,1.8,1.7,13.81
2012/11/30,1715.28,80.15,1.62,0.16,1.8,1.7,13.81
2012/12/1,1715.28,80.15,1.62,0.16,1.8,1.7,13.81
2012/12/2,1716.49,80.15,1.62,0.16,1.8,1.7,13.81
2012/12/3,1697.93,79.88,1.63,0.16,1.8,1.7,13.81
2012/12/4,1694.35,79.64,1.62,0.16,1.8,1.7,13.81
2012/12/5,1700.28,79.77,1.6,0.16,1.8,1.7,13.81
2012/12/6,1704.55,80.26,1.59,0.16,1.8,1.7,13.81
2012/12/7,1704.55,80.41,1.64,0.16,1.8,1.7,13.81
2012/12/8,1704.55,80.41,1.64,0.17,1.8,1.7,13.81
2012/12/9,1713.2,80.41,1.64,0.16,1.8,1.7,13.81
2012/12/10,1710.36,80.33,1.63,0.16,1.8,1.7,13.81
2012/12/11,1712.05,80.06,1.66,0.16,1.8,1.7,13.81
2012/12/12,1697.61,79.81,1.72,0.16,1.8,1.7,13.81
2012/12/13,1696.12,79.93,1.74,0.16,1.8,1.7,13.81
2012/12/14,1696.12,79.58,1.72,0.16,1.8,1.7,13.81
2012/12/15,1696.12,79.58,1.72,0.17,1.8,1.7,13.81
2012/12/16,1698.51,79.58,1.72,0.17,1.8,1.7,13.81
2012/12/17,1671.75,79.57,1.78,0.16,1.8,1.7,13.81
2012/12/18,1667.65,79.36,1.84,0.17,1.8,1.7,13.81
2012/12/19,1648.25,79.27,1.82,0.17,1.8,1.7,13.81
2012/12/20,1657.801,79.26,1.81,0.17,1.8,1.7,13.81
2012/12/21,1657.801,79.62,1.77,0.16,1.8,1.7,13.81
2012/12/22,1657.801,79.62,1.77,0.17,1.8,1.7,13.81
2012/12/23,1660.11,79.62,1.77,0.17,1.8,1.7,13.81
2012/12/24,1660.11,79.64,1.79,0.17,1.8,1.7,13.81
2012/12/25,1659.87,79.64,1.79,0.17,1.8,1.7,13.81
2012/12/26,1664.58,79.62,1.77,0.17,1.8,1.7,13.81
2012/12/27,1656.45,79.62,1.74,0.17,1.8,1.7,13.81
2012/12/28,1656.45,79.68,1.73,0.18,1.7,1.6,15.18
2012/12/29,1656.45,79.68,1.73,0.18,1.7,1.6,15.18
2012/12/30,1663.23,79.68,1.73,0.17,1.7,1.6,15.18
2012/12/31,1663.23,79.77,1.78,0.17,1.7,1.6,15.18
2013/1/1,1687.12,79.77,1.78,0.17,1.7,1.6,15.18
2013/1/2,1664.08,79.84,1.86,0.17,1.7,1.6,15.18
2013/1/3,1656.48,80.38,1.92,0.17,1.7,1.6,15.18
2013/1/4,1656.48,80.5,1.93,0.09,1.7,1.6,15.18
2013/1/5,1656.48,80.5,1.93,0.09,1.7,1.6,15.18
2013/1/6,1647.39,80.5,1.93,0.17,1.7,1.6,15.18
2013/1/7,1659.6,80.26,1.92,0.17,1.7,1.6,15.18
2013/1/8,1658.18,80.34,1.89,0.16,1.7,1.6,15.18
2013/1/9,1675.7,80.56,1.88,0.16,1.7,1.6,15.18
2013/1/10,1663.33,79.74,1.91,0.16,1.7,1.6,15.18
2013/1/11,1663.33,79.56,1.89,0.16,1.7,1.6,15.18
2013/1/12,1663.33,79.56,1.89,0.15,1.7,1.6,15.18
2013/1/13,1668.21,79.56,1.89,0.14,1.7,1.6,15.18
2013/1/14,1679.83,79.49,1.89,0.14,1.7,1.6,15.18
2013/1/15,1680.33,79.78,1.86,0.14,1.7,1.6,15.18
2013/1/16,1688.13,79.8,1.84,0.14,1.7,1.6,15.18
2013/1/17,1684.58,79.65,1.89,0.14,1.7,1.6,15.18
2013/1/18,1684.58,80.04,1.87,0.14,1.7,1.6,15.18
2013/1/19,1684.58,80.04,1.87,0.15,1.7,1.6,15.18
2013/1/20,1691,80.04,1.87,0.14,1.7,1.6,15.18
2013/1/21,1693,80.04,1.87,0.14,1.7,1.6,15.18
2013/1/22,1686.22,79.87,1.86,0.14,1.7,1.6,15.18
2013/1/23,1668.38,79.92,1.86,0.14,1.7,1.6,15.18
2013/1/24,1659.18,79.95,1.88,0.14,1.7,1.6,15.18
2013/1/25,1659.18,79.75,1.98,0.14,1.7,1.6,15.18
2013/1/26,1659.18,79.75,1.98,0.14,1.7,1.6,15.18
2013/1/27,1656,79.75,1.98,0.13,1.7,1.6,15.18
2013/1/28,1664.14,79.75,2,0.15,1.6,1.5,15.18
2013/1/29,1677.35,79.56,2.03,0.14,1.6,1.5,15.18
2013/1/30,1664.05,79.28,2.03,0.14,1.6,1.5,15.18
2013/1/31,1667.2,79.21,2.02,0.14,1.6,1.5,15.18
2013/2/1,1667.2,79.21,2.04,0.14,1.6,1.5,15.18
2013/2/2,1667.2,79.21,2.04,0.12,1.6,1.5,15.18
2013/2/3,1674.5,79.21,2.04,0.12,1.6,1.5,15.18
2013/2/4,1673.1,79.55,2,0.15,1.6,1.5,15.18
2013/2/5,1677.85,79.49,2.04,0.14,1.6,1.5,15.18
2013/2/6,1671.75,79.72,2,0.14,1.6,1.5,15.18
2013/2/7,1667.56,80.19,1.99,0.14,1.6,1.5,15.18
2013/2/8,1667.56,80.21,1.99,0.13,1.6,1.5,15.18
2013/2/9,1667.56,80.21,1.99,0.13,1.6,1.5,15.18
2013/2/10,1648.32,80.21,1.99,0.13,1.6,1.5,15.18
2013/2/11,1651.4,80.31,1.99,0.13,1.6,1.5,15.18
2013/2/12,1642.75,80.11,2.02,0.14,1.6,1.5,15.18
2013/2/13,1635.05,80.09,2.05,0.14,1.6,1.5,15.18
2013/2/14,1610.35,80.46,2,0.14,1.6,1.5,15.18
2013/2/15,1610.35,80.58,2.01,0.14,1.6,1.5,15.18
2013/2/16,1610.35,80.58,2.01,0.13,1.6,1.5,15.18
2013/2/17,1609.75,80.58,2.01,0.14,1.6,1.5,15.18
2013/2/18,1605.35,80.58,2.01,0.14,1.6,1.5,15.18
2013/2/19,1564.75,80.47,2.03,0.16,1.6,1.5,15.18
2013/2/20,1576.45,81.07,2.02,0.16,1.6,1.5,15.18
2013/2/21,1582.28,81.46,1.99,0.16,1.6,1.5,15.18
2013/2/22,1582.28,81.46,1.97,0.16,1.6,1.5,15.18
2013/2/23,1582.28,81.46,1.97,0.15,1.6,1.5,15.18
2013/2/24,1593.55,81.46,1.97,0.15,1.6,1.5,15.18
2013/2/25,1613.85,81.67,1.88,0.16,1.6,1.5,15.18
2013/2/26,1597.55,81.87,1.88,0.16,1.6,1.5,15.18
2013/2/27,1579.85,81.6,1.91,0.16,1.6,1.5,15.18
2013/2/28,1576.68,81.95,1.89,0.16,2,1.6,15.18
2013/3/1,1576.68,82.28,1.86,0.15,2,1.6,15.18
2013/3/2,1576.68,82.28,1.86,0.14,2,1.6,15.18
2013/3/3,1574.18,82.28,1.86,0.14,2,1.6,15.18
2013/3/4,1575.35,82.19,1.88,0.14,2,1.6,15.18
2013/3/5,1584.1,82.09,1.9,0.14,2,1.6,15.18
2013/3/6,1579.05,82.46,1.95,0.14,2,1.6,15.18
2013/3/7,1579.28,82.08,2,0.14,2,1.6,15.18
2013/3/8,1579.28,82.72,2.06,0.16,2,1.6,15.18
2013/3/9,1579.28,82.72,2.06,0.15,2,1.6,15.18
2013/3/10,1581.85,82.72,2.06,0.15,2,1.6,15.18
2013/3/11,1593.05,82.57,2.07,0.16,2,1.6,15.18
2013/3/12,1588.15,82.58,2.03,0.15,2,1.6,15.18
2013/3/13,1590.3,82.89,2.04,0.15,2,1.6,15.18
2013/3/14,1592.44,82.61,2.04,0.15,2,1.6,15.18
2013/3/15,1592.44,82.13,2.01,0.16,2,1.6,15.18
2013/3/16,1592.44,82.13,2.01,0.15,2,1.6,15.18
2013/3/17,1605.82,82.13,2.01,0.14,2,1.6,15.18
2013/3/18,1613,82.69,1.96,0.15,2,1.6,15.18
2013/3/19,1607.19,82.99,1.92,0.16,2,1.6,15.18
2013/3/20,1614.85,82.78,1.96,0.16,2,1.6,15.18
2013/3/21,1608.99,82.74,1.95,0.16,2,1.6,15.18
2013/3/22,1608.99,82.53,1.93,0.16,2,1.6,15.18
2013/3/23,1608.99,82.53,1.93,0.15,2,1.6,15.18
2013/3/24,1605.3,82.53,1.93,0.15,2,1.6,15.18
2013/3/25,1600.1,82.83,1.93,0.16,2,1.6,15.18
2013/3/26,1605.4,82.88,1.92,0.15,2,1.6,15.18
2013/3/27,1597.13,83.22,1.87,0.15,2,1.6,15.18
2013/3/28,1597.13,82.99,1.87,0.15,1.5,1.3,12.94
2013/3/29,1597.13,83.22,1.87,0.15,1.5,1.3,12.94
2013/3/30,1597.13,83.22,1.87,0.14,1.5,1.3,12.94
2013/3/31,1599.95,83.22,1.87,0.12,1.5,1.3,12.94
2013/4/1,1575.98,82.73,1.86,0.13,1.5,1.3,12.94
2013/4/2,1558.04,82.92,1.88,0.09,1.5,1.3,12.94
2013/4/3,1554.82,82.72,1.83,0.09,1.5,1.3,12.94
2013/4/4,1581.42,82.68,1.78,0.09,1.5,1.3,12.94
2013/4/5,1581.42,82.5,1.72,0.16,1.5,1.3,12.94
2013/4/6,1581.42,82.5,1.72,0.15,1.5,1.3,12.94
2013/4/7,1573.7,82.5,1.72,0.14,1.5,1.3,12.94
2013/4/8,1585.57,82.75,1.76,0.14,1.5,1.3,12.94
2013/4/9,1558.61,82.31,1.78,0.15,1.5,1.3,12.94
2013/4/10,1561.5,82.53,1.84,0.15,1.5,1.3,12.94
2013/4/11,1483.56,82.25,1.82,0.15,1.5,1.3,12.94
2013/4/12,1483.56,82.13,1.75,0.15,1.5,1.3,12.94
2013/4/13,1483.56,82.13,1.75,0.15,1.5,1.3,12.94
2013/4/14,1348.3,82.13,1.75,0.15,1.5,1.3,12.94
2013/4/15,1367.95,82.42,1.72,0.15,1.5,1.3,12.94
2013/4/16,1376.75,81.75,1.75,0.15,1.5,1.3,12.94
2013/4/17,1390.69,82.68,1.73,0.15,1.5,1.3,12.94
2013/4/18,1404.1,82.56,1.72,0.15,1.5,1.3,12.94
2013/4/19,1404.1,82.71,1.73,0.15,1.5,1.3,12.94
2013/4/20,1404.1,82.71,1.73,0.15,1.5,1.3,12.94
2013/4/21,1426.8,82.71,1.73,0.15,1.5,1.3,12.94
2013/4/22,1413.3,82.68,1.72,0.15,1.5,1.3,12.94
2013/4/23,1431.85,83.05,1.74,0.15,1.5,1.3,12.94
2013/4/24,1467.7,83.05,1.73,0.15,1.5,1.3,12.94
2013/4/25,1461.91,82.74,1.74,0.15,1.5,1.3,12.94
2013/4/26,1461.91,82.47,1.7,0.15,1.5,1.3,12.94
2013/4/27,1461.91,82.47,1.7,0.14,1.5,1.3,12.94
2013/4/28,1475.55,82.47,1.7,0.13,1.1,1,12.94
2013/4/29,1476.85,82.15,1.7,0.13,1.1,1,12.94
2013/4/30,1457.76,81.75,1.7,0.13,1.1,1,12.94
2013/5/1,1467.44,81.48,1.66,0.13,1.1,1,12.94
2013/5/2,1470.95,82.22,1.66,0.13,1.1,1,12.94
2013/5/3,1470.95,82.1,1.78,0.13,1.1,1,12.94
2013/5/4,1470.95,82.1,1.78,0.14,1.1,1,12.94
2013/5/5,1469.68,82.1,1.78,0.14,1.1,1,12.94
2013/5/6,1452.87,82.31,1.8,0.15,1.1,1,12.94
2013/5/7,1474.08,82.25,1.82,0.14,1.1,1,12.94
2013/5/8,1457.98,81.9,1.81,0.14,1.1,1,12.94
2013/5/9,1448.2,82.79,1.81,0.14,1.1,1,12.94
2013/5/10,1448.2,83.14,1.9,0.14,1.1,1,12.94
2013/5/11,1448.2,83.14,1.9,0.12,1.1,1,12.94
2013/5/12,1430.95,83.14,1.9,0.12,1.1,1,12.94
2013/5/13,1425.75,83.28,1.92,0.12,1.1,1,12.94
2013/5/14,1393.3,83.59,1.96,0.12,1.1,1,12.94
2013/5/15,1386.69,83.83,1.94,0.12,1.1,1,12.94
2013/5/16,1359.67,83.59,1.87,0.12,1.1,1,12.94
2013/5/17,1359.67,84.25,1.95,0.12,1.1,1,12.94
2013/5/18,1359.67,84.25,1.95,0.11,1.1,1,12.94
2013/5/19,1393.93,84.25,1.95,0.12,1.1,1,12.94
2013/5/20,1376.6,83.74,1.97,0.11,1.1,1,12.94
2013/5/21,1370.03,83.86,1.94,0.1,1.1,1,12.94
2013/5/22,1391.25,84.35,2.03,0.1,1.1,1,12.94
2013/5/23,1386.73,83.8,2.02,0.1,1.1,1,12.94
2013/5/24,1386.73,83.7,2.01,0.1,1.1,1,12.94
2013/5/25,1386.73,83.7,2.01,0.09,1.1,1,12.94
2013/5/26,1395.35,83.7,2.01,0.08,1.1,1,12.94
2013/5/27,1381.55,83.7,2.01,0.08,1.1,1,12.94
2013/5/28,1393.15,84.1,2.15,0.09,1.4,1.2,12.94
2013/5/29,1414.62,83.66,2.13,0.09,1.4,1.2,12.94
2013/5/30,1388.31,83.04,2.13,0.09,1.4,1.2,12.94
2013/5/31,1388.31,83.26,2.16,0.09,1.4,1.2,12.94
2013/6/1,1388.31,83.26,2.16,0.09,1.4,1.2,12.94
2013/6/2,1411.78,83.26,2.16,0.08,1.4,1.2,12.94
2013/6/3,1399.77,82.66,2.13,0.08,1.4,1.2,12.94
2013/6/4,1403.67,82.77,2.14,0.09,1.4,1.2,12.94
2013/6/5,1414.34,82.59,2.1,0.09,1.4,1.2,12.94
2013/6/6,1383.36,81.54,2.08,0.09,1.4,1.2,12.94
2013/6/7,1383.36,81.67,2.17,0.1,1.4,1.2,12.94
2013/6/8,1383.36,81.67,2.17,0.11,1.4,1.2,12.94
2013/6/9,1386.95,81.67,2.17,0.09,1.4,1.2,12.94
2013/6/10,1378.66,81.65,2.22,0.1,1.4,1.2,12.94
2013/6/11,1389.37,81.11,2.2,0.09,1.4,1.2,12.94
2013/6/12,1386.55,80.95,2.25,0.09,1.4,1.2,12.94
2013/6/13,1391.05,80.75,2.19,0.09,1.4,1.2,12.94
2013/6/14,1391.05,80.62,2.14,0.09,1.4,1.2,12.94
2013/6/15,1391.05,80.62,2.14,0.09,1.4,1.2,12.94
2013/6/16,1385.65,80.62,2.14,0.08,1.4,1.2,12.94
2013/6/17,1368.05,80.79,2.19,0.09,1.4,1.2,12.94
2013/6/18,1351.8,80.61,2.2,0.1,1.4,1.2,12.94
2013/6/19,1285.21,81.43,2.33,0.1,1.4,1.2,12.94
2013/6/20,1297.05,81.92,2.41,0.1,1.4,1.2,12.94
2013/6/21,1297.05,82.41,2.52,0.11,1.4,1.2,12.94
2013/6/22,1297.05,82.41,2.52,0.12,1.4,1.2,12.94
2013/6/23,1282.74,82.41,2.52,0.1,1.4,1.2,12.94
2013/6/24,1278.12,82.42,2.57,0.1,1.4,1.2,12.94
2013/6/25,1226.87,82.58,2.6,0.1,1.4,1.2,12.94
2013/6/26,1201.19,82.98,2.55,0.1,1.4,1.2,12.94
2013/6/27,1234.83,82.9,2.49,0.1,1.4,1.2,12.94
2013/6/28,1234.83,83.14,2.52,0.1,1.8,1.5,14.35
2013/6/29,1234.83,83.14,2.52,0.09,1.8,1.5,14.35
2013/6/30,1253.05,83.14,2.52,0.09,1.8,1.5,14.35
2013/7/1,1243.99,83.05,2.5,0.09,1.8,1.5,14.35
2013/7/2,1253.19,83.54,2.48,0.07,1.8,1.5,14.35
2013/7/3,1251.25,83.23,2.52,0.07,1.8,1.5,14.35
2013/7/4,1223.85,83.23,2.52,0.07,1.8,1.5,14.35
2013/7/5,1223.85,84.44,2.73,0.1,1.8,1.5,14.35
2013/7/6,1223.85,84.44,2.73,0.1,1.8,1.5,14.35
2013/7/7,1237.43,84.44,2.73,0.1,1.8,1.5,14.35
2013/7/8,1251.82,84.19,2.65,0.1,1.8,1.5,14.35
2013/7/9,1260.29,84.58,2.65,0.1,1.8,1.5,14.35
2013/7/10,1286.41,84.04,2.7,0.1,1.8,1.5,14.35
2013/7/11,1285.93,82.75,2.6,0.1,1.8,1.5,14.35
2013/7/12,1285.93,82.99,2.61,0.1,1.8,1.5,14.35
2013/7/13,1285.93,82.99,2.61,0.1,1.8,1.5,14.35
2013/7/14,1285.23,82.99,2.61,0.09,1.8,1.5,14.35
2013/7/15,1292.59,83.04,2.57,0.09,1.8,1.5,14.35
2013/7/16,1276.38,82.5,2.55,0.09,1.8,1.5,14.35
2013/7/17,1284.5,82.71,2.52,0.09,1.8,1.5,14.35
2013/7/18,1296.37,82.82,2.56,0.09,1.8,1.5,14.35
2013/7/19,1296.37,82.62,2.5,0.09,1.8,1.5,14.35
2013/7/20,1296.37,82.62,2.5,0.09,1.8,1.5,14.35
2013/7/21,1336.17,82.62,2.5,0.09,1.8,1.5,14.35
2013/7/22,1345.55,82.22,2.5,0.09,1.8,1.5,14.35
2013/7/23,1322.74,81.94,2.53,0.09,1.8,1.5,14.35
2013/7/24,1334.15,82.29,2.61,0.09,1.8,1.5,14.35
2013/7/25,1333.68,81.97,2.61,0.09,1.8,1.5,14.35
2013/7/26,1333.68,81.66,2.58,0.09,1.8,1.5,14.35
2013/7/27,1333.68,81.66,2.58,0.09,1.8,1.5,14.35
2013/7/28,1329.86,81.66,2.58,0.09,2,1.6,14.35
2013/7/29,1326.81,81.66,2.61,0.09,2,1.6,14.35
2013/7/30,1325.47,81.83,2.63,0.09,2,1.6,14.35
2013/7/31,1310.66,81.45,2.6,0.09,2,1.6,14.35
2013/8/1,1312.83,82.34,2.74,0.09,2,1.6,14.35
2013/8/2,1312.83,81.91,2.63,0.08,2,1.6,14.35
2013/8/3,1312.83,81.91,2.63,0.09,2,1.6,14.35
2013/8/4,1303.51,81.91,2.63,0.09,2,1.6,14.35
2013/8/5,1283.59,81.88,2.67,0.08,2,1.6,14.35
2013/8/6,1288.01,81.6,2.67,0.09,2,1.6,14.35
2013/8/7,1313.52,81.29,2.61,0.09,2,1.6,14.35
2013/8/8,1314.89,80.98,2.58,0.09,2,1.6,14.35
2013/8/9,1314.89,81.13,2.57,0.08,2,1.6,14.35
2013/8/10,1314.89,81.13,2.57,0.09,2,1.6,14.35
2013/8/11,1338.88,81.13,2.57,0.09,2,1.6,14.35
2013/8/12,1322.25,81.33,2.61,0.09,2,1.6,14.35
2013/8/13,1336.42,81.77,2.71,0.08,2,1.6,14.35
2013/8/14,1366.67,81.71,2.71,0.08,2,1.6,14.35
2013/8/15,1376.86,81.18,2.77,0.08,2,1.6,14.35
2013/8/16,1376.86,81.26,2.84,0.08,2,1.6,14.35
2013/8/17,1376.86,81.26,2.84,0.08,2,1.6,14.35
2013/8/18,1366.33,81.26,2.84,0.09,2,1.6,14.35
2013/8/19,1371.55,81.23,2.88,0.08,2,1.6,14.35
2013/8/20,1367.08,80.91,2.82,0.09,2,1.6,14.35
2013/8/21,1376.46,81.21,2.87,0.09,2,1.6,14.35
2013/8/22,1398.2,81.49,2.9,0.09,2,1.6,14.35
2013/8/23,1398.2,81.36,2.82,0.09,2,1.6,14.35
2013/8/24,1398.2,81.36,2.82,0.09,2,1.6,14.35
2013/8/25,1404.92,81.36,2.82,0.08,2,1.6,14.35
2013/8/26,1415.44,81.41,2.79,0.09,2,1.6,14.35
2013/8/27,1417.95,81.17,2.72,0.08,2,1.6,14.35
2013/8/28,1408.15,81.43,2.78,0.08,1.5,1.4,14.35
2013/8/29,1395.79,81.95,2.75,0.08,1.5,1.4,14.35
2013/8/30,1395.79,82.09,2.78,0.08,1.5,1.4,14.35
2013/8/31,1395.79,82.09,2.78,0.07,1.5,1.4,14.35
2013/9/1,1392.58,82.09,2.78,0.07,1.5,1.4,14.35
2013/9/2,1412.84,82.09,2.78,0.08,1.5,1.4,14.35
2013/9/3,1392.11,82.36,2.86,0.07,1.5,1.4,14.35
2013/9/4,1367.92,82.17,2.9,0.07,1.5,1.4,14.35
2013/9/5,1392.34,82.63,2.98,0.07,1.5,1.4,14.35
2013/9/6,1392.34,82.15,2.94,0.07,1.5,1.4,14.35
2013/9/7,1392.34,82.15,2.94,0.09,1.5,1.4,14.35
2013/9/8,1387.36,82.15,2.94,0.08,1.5,1.4,14.35
2013/9/9,1364.15,81.79,2.9,0.08,1.5,1.4,14.35
2013/9/10,1365.5,81.82,2.96,0.08,1.5,1.4,14.35
2013/9/11,1321.97,81.52,2.93,0.08,1.5,1.4,14.35
2013/9/12,1326.54,81.49,2.92,0.08,1.5,1.4,14.35
2013/9/13,1326.54,81.45,2.9,0.08,1.5,1.4,14.35
2013/9/14,1326.54,81.45,2.9,0.08,1.5,1.4,14.35
2013/9/15,1313.26,81.45,2.9,0.08,1.5,1.4,14.35
2013/9/16,1311.04,81.3,2.88,0.08,1.5,1.4,14.35
2013/9/17,1364.41,81.14,2.86,0.08,1.5,1.4,14.35
2013/9/18,1366.73,80.24,2.69,0.08,1.5,1.4,14.35
2013/9/19,1325.88,80.37,2.76,0.08,1.5,1.4,14.35
2013/9/20,1325.88,80.43,2.75,0.08,1.5,1.4,14.35
2013/9/21,1325.88,80.43,2.75,0.08,1.5,1.4,14.35
2013/9/22,1323.06,80.43,2.75,0.08,1.5,1.4,14.35
2013/9/23,1323.77,80.45,2.72,0.09,1.5,1.4,14.35
2013/9/24,1334.6,80.56,2.67,0.08,1.5,1.4,14.35
2013/9/25,1324.5,80.33,2.63,0.08,1.5,1.4,14.35
2013/9/26,1337.17,80.52,2.66,0.08,1.5,1.4,14.35
2013/9/27,1337.17,80.29,2.64,0.09,1.5,1.4,14.35
2013/9/28,1337.17,80.29,2.64,0.09,1.2,1.1,15.22
2013/9/29,1329.46,80.29,2.64,0.08,1.2,1.1,15.22
2013/9/30,1288.2,80.22,2.64,0.08,1.2,1.1,15.22
2013/10/1,1316.46,80.14,2.66,0.08,1.2,1.1,15.22
2013/10/2,1317.24,79.9,2.63,0.08,1.2,1.1,15.22
2013/10/3,1311.13,79.75,2.62,0.08,1.2,1.1,15.22
2013/10/4,1311.13,80.13,2.66,0.06,1.2,1.1,15.22
2013/10/5,1311.13,80.13,2.66,0.08,1.2,1.1,15.22
2013/10/6,1323.54,80.13,2.66,0.07,1.2,1.1,15.22
2013/10/7,1319.66,79.94,2.65,0.08,1.2,1.1,15.22
2013/10/8,1306.21,80.06,2.66,0.08,1.2,1.1,15.22
2013/10/9,1288.15,80.38,2.68,0.08,1.2,1.1,15.22
2013/10/10,1272.57,80.42,2.71,0.08,1.2,1.1,15.22
2013/10/11,1272.57,80.41,2.7,0.08,1.2,1.1,15.22
2013/10/12,1272.57,80.41,2.7,0.08,1.2,1.1,15.22
2013/10/13,1272.68,80.41,2.7,0.09,1.2,1.1,15.22
2013/10/14,1282.55,80.26,2.7,0.09,1.2,1.1,15.22
2013/10/15,1282.99,80.48,2.75,0.1,1.2,1.1,15.22
2013/10/16,1320.89,80.47,2.69,0.1,1.2,1.1,15.22
2013/10/17,1316.65,79.65,2.61,0.1,1.2,1.1,15.22
2013/10/18,1316.65,79.65,2.6,0.1,1.2,1.1,15.22
2013/10/19,1316.65,79.65,2.6,0.1,1.2,1.1,15.22
2013/10/20,1316.31,79.65,2.6,0.11,1.2,1.1,15.22
2013/10/21,1340.4,79.69,2.63,0.1,1.2,1.1,15.22
2013/10/22,1333.74,79.23,2.54,0.1,1.2,1.1,15.22
2013/10/23,1347.03,79.26,2.51,0.1,1.2,1.1,15.22
2013/10/24,1351.02,79.19,2.53,0.1,1.2,1.1,15.22
2013/10/25,1351.02,79.19,2.53,0.09,1.2,1.1,15.22
2013/10/26,1351.02,79.19,2.53,0.08,1.2,1.1,15.22
2013/10/27,1352.98,79.19,2.53,0.08,1.2,1.1,15.22
2013/10/28,1345.41,79.25,2.54,0.08,1,1,15.22
2013/10/29,1344.84,79.61,2.53,0.08,1,1,15.22
2013/10/30,1323.22,79.78,2.55,0.08,1,1,15.22
2013/10/31,1316.5,80.19,2.57,0.08,1,1,15.22
2013/11/1,1316.5,80.72,2.65,0.08,1,1,15.22
2013/11/2,1316.5,80.72,2.65,0.08,1,1,15.22
2013/11/3,1314.94,80.72,2.65,0.08,1,1,15.22
2013/11/4,1312.31,80.55,2.63,0.07,1,1,15.22
2013/11/5,1318.12,80.71,2.69,0.08,1,1,15.22
2013/11/6,1307.88,80.48,2.67,0.08,1,1,15.22
2013/11/7,1288.97,80.84,2.63,0.08,1,1,15.22
2013/11/8,1288.97,81.3,2.77,0.08,1,1,15.22
2013/11/9,1288.97,81.3,2.77,0.08,1,1,15.22
2013/11/10,1283.2,81.3,2.77,0.08,1,1,15.22
2013/11/11,1268.36,81.09,2.77,0.08,1,1,15.22
2013/11/12,1282.11,81.19,2.8,0.08,1,1,15.22
2013/11/13,1287.51,80.93,2.75,0.08,1,1,15.22
2013/11/14,1290.69,81.02,2.69,0.08,1,1,15.22
2013/11/15,1290.69,80.85,2.71,0.08,1,1,15.22
2013/11/16,1290.69,80.85,2.71,0.08,1,1,15.22
2013/11/17,1275.72,80.85,2.71,0.08,1,1,15.22
2013/11/18,1275.91,80.83,2.67,0.09,1,1,15.22
2013/11/19,1244.59,80.7,2.71,0.09,1,1,15.22
2013/11/20,1243.38,81.11,2.8,0.09,1,1,15.22
2013/11/21,1244.1,81.07,2.79,0.09,1,1,15.22
2013/11/22,1244.1,80.71,2.75,0.09,1,1,15.22
2013/11/23,1244.1,80.71,2.75,0.09,1,1,15.22
2013/11/24,1251.71,80.71,2.75,0.09,1,1,15.22
2013/11/25,1243.19,80.92,2.74,0.09,1,1,15.22
2013/11/26,1238.26,80.61,2.71,0.09,1,1,15.22
2013/11/27,1247.28,80.72,2.74,0.09,1,1,15.22
2013/11/28,1254.78,80.72,2.74,0.09,1.2,1.2,15.22
2013/11/29,1254.78,80.68,2.75,0.09,1.2,1.2,15.22
2013/11/30,1254.78,80.68,2.75,0.09,1.2,1.2,15.22
2013/12/1,1220.12,80.68,2.75,0.09,1.2,1.2,15.22
2013/12/2,1223.75,80.92,2.81,0.09,1.2,1.2,15.22
2013/12/3,1243.92,80.92,2.79,0.07,1.2,1.2,15.22
2013/12/4,1225.47,80.62,2.84,0.07,1.2,1.2,15.22
2013/12/5,1229.59,80.23,2.88,0.07,1.2,1.2,15.22
2013/12/6,1229.59,80.31,2.88,0.09,1.2,1.2,15.22
2013/12/7,1229.59,80.31,2.88,0.09,1.2,1.2,15.22
2013/12/8,1240.66,80.31,2.88,0.09,1.2,1.2,15.22
2013/12/9,1262.46,80.13,2.86,0.09,1.2,1.2,15.22
2013/12/10,1252.57,79.97,2.81,0.09,1.2,1.2,15.22
2013/12/11,1225.8,79.89,2.86,0.09,1.2,1.2,15.22
2013/12/12,1239.19,80.21,2.89,0.09,1.2,1.2,15.22
2013/12/13,1239.19,80.21,2.88,0.09,1.2,1.2,15.22
2013/12/14,1239.19,80.21,2.88,0.09,1.2,1.2,15.22
2013/12/15,1241.62,80.21,2.88,0.08,1.2,1.2,15.22
2013/12/16,1231.37,80.07,2.89,0.09,1.2,1.2,15.22
2013/12/17,1218.73,80.06,2.85,0.08,1.2,1.2,15.22
2013/12/18,1188.95,80.11,2.89,0.08,1.2,1.2,15.22
2013/12/19,1203.6,80.63,2.94,0.08,1.2,1.2,15.22
2013/12/20,1203.6,80.58,2.89,0.09,1.2,1.2,15.22
2013/12/21,1203.6,80.58,2.89,0.09,1.2,1.2,15.22
2013/12/22,1199.09,80.58,2.89,0.09,1.2,1.2,15.22
2013/12/23,1203.56,80.45,2.94,0.09,1.2,1.2,15.22
2013/12/24,1203.56,80.45,2.99,0.09,1.2,1.2,15.22
2013/12/25,1211.03,80.45,2.99,0.09,1.2,1.2,15.22
2013/12/26,1213.53,80.48,3,0.09,1.2,1.2,15.22
2013/12/27,1213.53,80.39,3.02,0.09,1.2,1.2,15.22
2013/12/28,1213.53,80.39,3.02,0.08,1.5,1.4,16.78
2013/12/29,1196.85,80.39,3.02,0.08,1.5,1.4,16.78
2013/12/30,1206.81,80,2.99,0.08,1.5,1.4,16.78
2013/12/31,1206.81,80.03,3.04,0.08,1.5,1.4,16.78
2014/1/1,1224.65,80.03,3.04,0.08,1.5,1.4,16.78
2014/1/2,1237.11,80.63,3,0.08,1.5,1.4,16.78
2014/1/3,1237.11,80.79,3.01,0.08,1.5,1.4,16.78
2014/1/4,1237.11,80.79,3.01,0.07,1.5,1.4,16.78
2014/1/5,1238.25,80.79,3.01,0.07,1.5,1.4,16.78
2014/1/6,1232.44,80.65,2.98,0.08,1.5,1.4,16.78
2014/1/7,1226.26,80.83,2.96,0.08,1.5,1.4,16.78
2014/1/8,1228.3,81.02,3.01,0.08,1.5,1.4,16.78
2014/1/9,1248.62,81,2.97,0.08,1.5,1.4,16.78
2014/1/10,1248.62,80.66,2.88,0.08,1.5,1.4,16.78
2014/1/11,1248.62,80.66,2.88,0.07,1.5,1.4,16.78
2014/1/12,1253.51,80.66,2.88,0.07,1.5,1.4,16.78
2014/1/13,1245.54,80.51,2.84,0.07,1.5,1.4,16.78
2014/1/14,1242.27,80.66,2.88,0.07,1.5,1.4,16.78
2014/1/15,1242.66,81.03,2.9,0.07,1.5,1.4,16.78
2014/1/16,1254.42,80.91,2.86,0.07,1.5,1.4,16.78
2014/1/17,1254.42,81.22,2.84,0.07,1.5,1.4,16.78
2014/1/18,1254.42,81.22,2.84,0.07,1.5,1.4,16.78
2014/1/19,1255.01,81.22,2.84,0.07,1.5,1.4,16.78
2014/1/20,1241.76,81.22,2.84,0.07,1.5,1.4,16.78
2014/1/21,1237.39,81.1,2.85,0.07,1.5,1.4,16.78
2014/1/22,1264.27,81.17,2.87,0.07,1.5,1.4,16.78
2014/1/23,1270.48,80.44,2.79,0.07,1.5,1.4,16.78
2014/1/24,1270.48,80.46,2.75,0.07,1.5,1.4,16.78
2014/1/25,1270.48,80.46,2.75,0.07,1.5,1.4,16.78
2014/1/26,1257.24,80.46,2.75,0.07,1.5,1.4,16.78
2014/1/27,1257.41,80.52,2.78,0.07,1.5,1.4,16.78
2014/1/28,1267.78,80.57,2.77,0.07,1.6,1.4,16.78
2014/1/29,1244.09,80.5,2.69,0.07,1.6,1.4,16.78
2014/1/30,1244.73,81.08,2.72,0.07,1.6,1.4,16.78
2014/1/31,1244.73,81.31,2.67,0.07,1.6,1.4,16.78
2014/2/1,1244.73,81.31,2.67,0.07,1.6,1.4,16.78
2014/2/2,1257.87,81.31,2.67,0.07,1.6,1.4,16.78
2014/2/3,1255.05,81.01,2.61,0.07,1.6,1.4,16.78
2014/2/4,1258.32,81.12,2.64,0.07,1.6,1.4,16.78
2014/2/5,1258.55,81.04,2.7,0.07,1.6,1.4,16.78
2014/2/6,1267.74,80.91,2.73,0.07,1.6,1.4,16.78
2014/2/7,1267.74,80.69,2.71,0.07,1.6,1.4,16.78
2014/2/8,1267.74,80.69,2.71,0.07,1.6,1.4,16.78
2014/2/9,1275.06,80.69,2.71,0.07,1.6,1.4,16.78
2014/2/10,1291.63,80.64,2.7,0.07,1.6,1.4,16.78
2014/2/11,1291.43,80.64,2.75,0.06,1.6,1.4,16.78
2014/2/12,1303.26,80.68,2.8,0.06,1.6,1.4,16.78
2014/2/13,1319.06,80.32,2.73,0.06,1.6,1.4,16.78
2014/2/14,1319.06,80.15,2.75,0.07,1.6,1.4,16.78
2014/2/15,1319.06,80.15,2.75,0.06,1.6,1.4,16.78
2014/2/16,1329.22,80.15,2.75,0.07,1.6,1.4,16.78
2014/2/17,1322.34,80.14,2.75,0.06,1.6,1.4,16.78
2014/2/18,1311.83,80.01,2.71,0.06,1.6,1.4,16.78
2014/2/19,1323.45,80.14,2.73,0.06,1.6,1.4,16.78
2014/2/20,1324.62,80.29,2.76,0.06,1.6,1.4,16.78
2014/2/21,1324.62,80.24,2.73,0.06,1.6,1.4,16.78
2014/2/22,1324.62,80.24,2.73,0.07,1.6,1.4,16.78
2014/2/23,1337.24,80.24,2.73,0.07,1.6,1.4,16.78
2014/2/24,1340.95,80.2,2.75,0.07,1.6,1.4,16.78
2014/2/25,1330.94,80.14,2.7,0.07,1.6,1.4,16.78
2014/2/26,1331.71,80.43,2.67,0.07,1.6,1.4,16.78
2014/2/27,1326.8,80.28,2.65,0.07,1.6,1.4,16.78
2014/2/28,1326.8,79.69,2.66,0.07,1.1,1.1,16.78
2014/3/1,1326.8,79.69,2.66,0.07,1.1,1.1,16.78
2014/3/2,1350.88,79.69,2.66,0.07,1.1,1.1,16.78
2014/3/3,1334.84,80.08,2.6,0.07,1.1,1.1,16.78
2014/3/4,1337.12,80.17,2.7,0.06,1.1,1.1,16.78
2014/3/5,1351.09,80.11,2.7,0.06,1.1,1.1,16.78
2014/3/6,1340.39,79.66,2.74,0.06,1.1,1.1,16.78
2014/3/7,1340.39,79.72,2.8,0.07,1.1,1.1,16.78
2014/3/8,1340.39,79.72,2.8,0.07,1.1,1.1,16.78
2014/3/9,1340.04,79.72,2.8,0.08,1.1,1.1,16.78
2014/3/10,1349.27,79.77,2.79,0.08,1.1,1.1,16.78
2014/3/11,1367.16,79.74,2.77,0.08,1.1,1.1,16.78
2014/3/12,1370.7,79.61,2.73,0.08,1.1,1.1,16.78
2014/3/13,1383.74,79.62,2.66,0.08,1.1,1.1,16.78
2014/3/14,1383.74,79.45,2.65,0.08,1.1,1.1,16.78
2014/3/15,1383.74,79.45,2.65,0.08,1.1,1.1,16.78
2014/3/16,1367.31,79.45,2.65,0.08,1.1,1.1,16.78
2014/3/17,1356.02,79.39,2.7,0.08,1.1,1.1,16.78
2014/3/18,1330.01,79.41,2.68,0.08,1.1,1.1,16.78
2014/3/19,1328.16,80,2.78,0.08,1.1,1.1,16.78
2014/3/20,1334.75,80.19,2.79,0.08,1.1,1.1,16.78
2014/3/21,1334.75,80.11,2.75,0.08,1.1,1.1,16.78
2014/3/22,1334.75,80.11,2.75,0.08,1.1,1.1,16.78
2014/3/23,1309.13,80.11,2.75,0.08,1.1,1.1,16.78
2014/3/24,1311.46,79.93,2.74,0.08,1.1,1.1,16.78
2014/3/25,1304.74,79.94,2.75,0.08,1.1,1.1,16.78
2014/3/26,1291.63,80.03,2.71,0.08,1.1,1.1,16.78
2014/3/27,1295.74,80.11,2.69,0.08,1.1,1.1,16.78
2014/3/28,1295.74,80.18,2.73,0.09,1.5,1.4,14.03
2014/3/29,1295.74,80.18,2.73,0.09,1.5,1.4,14.03
2014/3/30,1284.3,80.18,2.73,0.08,1.5,1.4,14.03
2014/3/31,1279.34,80.1,2.73,0.08,1.5,1.4,14.03
2014/4/1,1290.15,80.09,2.77,0.08,1.5,1.4,14.03
2014/4/2,1287.03,80.22,2.82,0.08,1.5,1.4,14.03
2014/4/3,1303.65,80.47,2.8,0.08,1.5,1.4,14.03
2014/4/4,1303.65,80.42,2.74,0.06,1.5,1.4,14.03
2014/4/5,1303.65,80.42,2.74,0.08,1.5,1.4,14.03
2014/4/6,1297.65,80.42,2.74,0.09,1.5,1.4,14.03
2014/4/7,1309,80.23,2.71,0.08,1.5,1.4,14.03
2014/4/8,1312.13,79.75,2.69,0.08,1.5,1.4,14.03
2014/4/9,1319.23,79.48,2.71,0.08,1.5,1.4,14.03
2014/4/10,1318.74,79.38,2.65,0.08,1.5,1.4,14.03
2014/4/11,1318.74,79.45,2.63,0.09,1.5,1.4,14.03
2014/4/12,1318.74,79.45,2.63,0.08,1.5,1.4,14.03
2014/4/13,1328.25,79.45,2.63,0.08,1.5,1.4,14.03
2014/4/14,1302.95,79.73,2.65,0.08,1.5,1.4,14.03
2014/4/15,1302.79,79.8,2.64,0.09,1.5,1.4,14.03
2014/4/16,1295.53,79.8,2.65,0.09,1.5,1.4,14.03
2014/4/17,1300.15,79.83,2.73,0.09,1.5,1.4,14.03
2014/4/18,1300.15,79.83,2.73,0.09,1.5,1.4,14.03
2014/4/19,1300.15,79.83,2.73,0.1,1.5,1.4,14.03
2014/4/20,1290.12,79.83,2.73,0.09,1.5,1.4,14.03
2014/4/21,1284.1,79.94,2.73,0.09,1.5,1.4,14.03
2014/4/22,1284.2,79.91,2.73,0.1,1.5,1.4,14.03
2014/4/23,1293.66,79.86,2.7,0.1,1.5,1.4,14.03
2014/4/24,1303.65,79.8,2.7,0.1,1.5,1.4,14.03
2014/4/25,1303.65,79.75,2.68,0.1,1.5,1.4,14.03
2014/4/26,1303.65,79.75,2.68,0.1,1.5,1.4,14.03
2014/4/27,1297.04,79.75,2.68,0.1,1.5,1.4,14.03
2014/4/28,1296.2,79.68,2.7,0.1,2,1.7,14.03
2014/4/29,1291.81,79.81,2.71,0.09,2,1.7,14.03
2014/4/30,1284.68,79.47,2.67,0.09,2,1.7,14.03
2014/5/1,1299.84,79.53,2.63,0.09,2,1.7,14.03
2014/5/2,1299.84,79.52,2.6,0.09,2,1.7,14.03
2014/5/3,1299.84,79.52,2.6,0.1,2,1.7,14.03
2014/5/4,1310.52,79.52,2.6,0.09,2,1.7,14.03
2014/5/5,1308.38,79.49,2.63,0.09,2,1.7,14.03
2014/5/6,1290.07,79.09,2.61,0.09,2,1.7,14.03
2014/5/7,1289.75,79.2,2.62,0.09,2,1.7,14.03
2014/5/8,1289.18,79.36,2.61,0.09,2,1.7,14.03
2014/5/9,1289.18,79.9,2.62,0.09,2,1.7,14.03
2014/5/10,1289.18,79.9,2.62,0.09,2,1.7,14.03
2014/5/11,1296.07,79.9,2.62,0.08,2,1.7,14.03
2014/5/12,1293.93,79.9,2.66,0.08,2,1.7,14.03
2014/5/13,1306.22,80.14,2.61,0.08,2,1.7,14.03
2014/5/14,1296.54,80.07,2.54,0.08,2,1.7,14.03
2014/5/15,1293.82,80,2.5,0.08,2,1.7,14.03
2014/5/16,1293.82,80.04,2.52,0.08,2,1.7,14.03
2014/5/17,1293.82,80.04,2.52,0.09,2,1.7,14.03
2014/5/18,1293.42,80.04,2.52,0.08,2,1.7,14.03
2014/5/19,1294.63,79.99,2.54,0.09,2,1.7,14.03
2014/5/20,1292.34,80.04,2.52,0.09,2,1.7,14.03
2014/5/21,1294.42,80.09,2.54,0.09,2,1.7,14.03
2014/5/22,1292.98,80.25,2.56,0.09,2,1.7,14.03
2014/5/23,1292.98,80.39,2.54,0.09,2,1.7,14.03
2014/5/24,1292.98,80.39,2.54,0.09,2,1.7,14.03
2014/5/25,1293.13,80.39,2.54,0.09,2,1.7,14.03
2014/5/26,1265.19,80.39,2.54,0.09,2,1.7,14.03
2014/5/27,1258.57,80.35,2.52,0.09,2,1.7,14.03
2014/5/28,1256.01,80.57,2.44,0.09,2.1,1.8,14.03
2014/5/29,1250.03,80.49,2.45,0.09,2.1,1.8,14.03
2014/5/30,1250.03,80.37,2.48,0.09,2.1,1.8,14.03
2014/5/31,1250.03,80.37,2.48,0.09,2.1,1.8,14.03
2014/6/1,1244.3,80.37,2.48,0.09,2.1,1.8,14.03
2014/6/2,1245.44,80.64,2.54,0.09,2.1,1.8,14.03
2014/6/3,1244.17,80.55,2.6,0.08,2.1,1.8,14.03
2014/6/4,1254,80.66,2.61,0.08,2.1,1.8,14.03
2014/6/5,1253.45,80.37,2.59,0.08,2.1,1.8,14.03
2014/6/6,1253.45,80.41,2.6,0.09,2.1,1.8,14.03
2014/6/7,1253.45,80.41,2.6,0.1,2.1,1.8,14.03
2014/6/8,1252.77,80.41,2.6,0.09,2.1,1.8,14.03
2014/6/9,1260.2,80.65,2.62,0.09,2.1,1.8,14.03
2014/6/10,1261.34,80.82,2.64,0.09,2.1,1.8,14.03
2014/6/11,1273.71,80.77,2.65,0.09,2.1,1.8,14.03
2014/6/12,1277.44,80.58,2.58,0.09,2.1,1.8,14.03
2014/6/13,1277.44,80.58,2.6,0.09,2.1,1.8,14.03
2014/6/14,1277.44,80.58,2.6,0.09,2.1,1.8,14.03
2014/6/15,1272.3,80.58,2.6,0.09,2.1,1.8,14.03
2014/6/16,1270.99,80.47,2.61,0.09,2.1,1.8,14.03
2014/6/17,1278.07,80.63,2.66,0.1,2.1,1.8,14.03
2014/6/18,1320.68,80.58,2.61,0.1,2.1,1.8,14.03
2014/6/19,1314.96,80.32,2.64,0.1,2.1,1.8,14.03
2014/6/20,1314.96,80.37,2.63,0.1,2.1,1.8,14.03
2014/6/21,1314.85,80.37,2.63,0.1,2.1,1.8,14.03
2014/6/22,1317.78,80.37,2.63,0.1,2.1,1.8,14.03
2014/6/23,1318.64,80.27,2.63,0.1,2.1,1.8,14.03
2014/6/24,1319.53,80.33,2.59,0.1,2.1,1.8,14.03
2014/6/25,1316.94,80.22,2.57,0.1,2.1,1.8,14.03
2014/6/26,1316.34,80.22,2.53,0.1,2.1,1.8,14.03
2014/6/27,1316.34,80.02,2.54,0.1,2.1,1.8,14.03
2014/6/28,1316.34,80.02,2.54,0.1,2.1,1.7,15.59
2014/6/29,1327.57,80.02,2.54,0.1,2.1,1.7,15.59
2014/6/30,1326.73,79.78,2.53,0.1,2.1,1.7,15.59
2014/7/1,1327.2,79.81,2.58,0.1,2.1,1.7,15.59
2014/7/2,1319.96,79.96,2.64,0.1,2.1,1.7,15.59
2014/7/3,1321.02,80.21,2.65,0.1,2.1,1.7,15.59
2014/7/4,1321.02,80.27,2.65,0.09,2.1,1.7,15.59
2014/7/5,1321.02,80.27,2.65,0.1,2.1,1.7,15.59
2014/7/6,1320.21,80.27,2.65,0.1,2.1,1.7,15.59
2014/7/7,1319.65,80.22,2.63,0.09,2.1,1.7,15.59
2014/7/8,1328.08,80.18,2.58,0.09,2.1,1.7,15.59
2014/7/9,1336.08,79.99,2.57,0.09,2.1,1.7,15.59
2014/7/10,1338.8,80.13,2.55,0.09,2.1,1.7,15.59
2014/7/11,1338.8,80.19,2.53,0.1,2.1,1.7,15.59
2014/7/12,1338.8,80.19,2.53,0.09,2.1,1.7,15.59
2014/7/13,1307.63,80.19,2.53,0.09,2.1,1.7,15.59
2014/7/14,1294.4,80.19,2.55,0.09,2.1,1.7,15.59
2014/7/15,1299.41,80.39,2.56,0.09,2.1,1.7,15.59
2014/7/16,1319.53,80.56,2.55,0.09,2.1,1.7,15.59
2014/7/17,1310.98,80.5,2.47,0.09,2.1,1.7,15.59
2014/7/18,1310.98,80.52,2.5,0.09,2.1,1.7,15.59
2014/7/19,1310.98,80.52,2.5,0.09,2.1,1.7,15.59
2014/7/20,1312.73,80.52,2.5,0.09,2.1,1.7,15.59
2014/7/21,1306.72,80.56,2.49,0.09,2.1,1.7,15.59
2014/7/22,1304.94,80.78,2.48,0.09,2.1,1.7,15.59
2014/7/23,1293.99,80.82,2.48,0.09,2.1,1.7,15.59
2014/7/24,1307.82,80.87,2.52,0.09,2.1,1.7,15.59
2014/7/25,1307.82,81.03,2.48,0.1,2.1,1.7,15.59
2014/7/26,1307.82,81.03,2.48,0.09,2.1,1.7,15.59
2014/7/27,1304.39,81.03,2.48,0.09,2.1,1.7,15.59
2014/7/28,1299.45,81.03,2.5,0.09,2,1.7,15.59
2014/7/29,1296.57,81.21,2.47,0.09,2,1.7,15.59
2014/7/30,1282.92,81.43,2.57,0.09,2,1.7,15.59
2014/7/31,1294.16,81.46,2.58,0.09,2,1.7,15.59
2014/8/1,1294.16,81.3,2.52,0.09,2,1.7,15.59
2014/8/2,1294.16,81.3,2.52,0.09,2,1.7,15.59
2014/8/3,1288.54,81.3,2.52,0.09,2,1.7,15.59
2014/8/4,1289.05,81.33,2.51,0.08,2,1.7,15.59
2014/8/5,1306.22,81.33,2.49,0.09,2,1.7,15.59
2014/8/6,1312.77,81.44,2.49,0.09,2,1.7,15.59
2014/8/7,1310.11,81.52,2.43,0.09,2,1.7,15.59
2014/8/8,1310.11,81.4,2.44,0.09,2,1.7,15.59
2014/8/9,1310.11,81.4,2.44,0.09,2,1.7,15.59
2014/8/10,1308.81,81.4,2.44,0.09,2,1.7,15.59
2014/8/11,1309.75,81.47,2.44,0.09,2,1.7,15.59
2014/8/12,1313.33,81.5,2.46,0.09,2,1.7,15.59
2014/8/13,1313.8,81.6,2.43,0.09,2,1.7,15.59
2014/8/14,1304.97,81.59,2.4,0.09,2,1.7,15.59
2014/8/15,1304.97,81.42,2.34,0.09,2,1.7,15.59
2014/8/16,1304.97,81.42,2.34,0.09,2,1.7,15.59
2014/8/17,1298.67,81.42,2.34,0.09,2,1.7,15.59
2014/8/18,1296.04,81.58,2.39,0.09,2,1.7,15.59
2014/8/19,1292.23,81.88,2.4,0.09,2,1.7,15.59
2014/8/20,1277.06,82.23,2.43,0.09,2,1.7,15.59
2014/8/21,1281.26,82.15,2.41,0.09,2,1.7,15.59
2014/8/22,1281.26,82.34,2.4,0.09,2,1.7,15.59
2014/8/23,1281.26,82.34,2.4,0.09,2,1.7,15.59
2014/8/24,1277.12,82.34,2.4,0.09,2,1.7,15.59
2014/8/25,1281.4,82.55,2.39,0.09,2,1.7,15.59
2014/8/26,1282.93,82.65,2.39,0.09,2,1.7,15.59
2014/8/27,1289.82,82.43,2.37,0.09,2,1.7,15.59
2014/8/28,1287.61,82.48,2.34,0.09,1.7,1.5,15.59
2014/8/29,1287.61,82.75,2.35,0.09,1.7,1.5,15.59
2014/8/30,1287.61,82.75,2.35,0.09,1.7,1.5,15.59
2014/8/31,1286.95,82.75,2.35,0.09,1.7,1.5,15.59
2014/9/1,1265.62,82.75,2.35,0.09,1.7,1.5,15.59
2014/9/2,1269.67,82.99,2.42,0.07,1.7,1.5,15.59
2014/9/3,1262.25,82.86,2.41,0.07,1.7,1.5,15.59
2014/9/4,1269.13,83.82,2.45,0.07,1.7,1.5,15.59
2014/9/5,1269.13,83.74,2.46,0.07,1.7,1.5,15.59
2014/9/6,1269.13,83.74,2.46,0.09,1.7,1.5,15.59
2014/9/7,1255.71,83.74,2.46,0.09,1.7,1.5,15.59
2014/9/8,1255.76,84.23,2.48,0.09,1.7,1.5,15.59
2014/9/9,1250.1,84.28,2.5,0.09,1.7,1.5,15.59
2014/9/10,1241.22,84.28,2.54,0.09,1.7,1.5,15.59
2014/9/11,1229.85,84.3,2.54,0.09,1.7,1.5,15.59
2014/9/12,1229.85,84.24,2.62,0.09,1.7,1.5,15.59
2014/9/13,1229.85,84.24,2.62,0.09,1.7,1.5,15.59
2014/9/14,1233.56,84.24,2.62,0.09,1.7,1.5,15.59
2014/9/15,1235.87,84.26,2.6,0.09,1.7,1.5,15.59
2014/9/16,1223.78,84.07,2.6,0.09,1.7,1.5,15.59
2014/9/17,1225.35,84.34,2.62,0.09,1.7,1.5,15.59
2014/9/18,1216.31,84.32,2.63,0.09,1.7,1.5,15.59
2014/9/19,1216.31,84.73,2.59,0.09,1.7,1.5,15.59
2014/9/20,1216.31,84.73,2.59,0.09,1.7,1.5,15.59
2014/9/21,1215.37,84.73,2.59,0.09,1.7,1.5,15.59
2014/9/22,1223.73,84.75,2.57,0.09,1.7,1.5,15.59
2014/9/23,1217.42,84.66,2.54,0.09,1.7,1.5,15.59
2014/9/24,1221.86,85.04,2.57,0.09,1.7,1.5,15.59
2014/9/25,1218.61,85.19,2.52,0.09,1.7,1.5,15.59
2014/9/26,1218.61,85.64,2.54,0.09,1.7,1.5,15.59
2014/9/27,1218.61,85.64,2.54,0.09,1.7,1.5,15.59
2014/9/28,1216.13,85.64,2.54,0.09,1.7,1.5,16.49
2014/9/29,1208.54,85.59,2.5,0.09,1.7,1.5,16.49
2014/9/30,1214.12,85.94,2.52,0.09,1.7,1.5,16.49
2014/10/1,1214.91,85.97,2.42,0.09,1.7,1.5,16.49
2014/10/2,1191.89,85.6,2.44,0.09,1.7,1.5,16.49
2014/10/3,1191.89,86.69,2.45,0.08,1.7,1.5,16.49
2014/10/4,1191.89,86.69,2.45,0.07,1.7,1.5,16.49
2014/10/5,1207.57,86.69,2.45,0.09,1.7,1.5,16.49
2014/10/6,1209.3,85.93,2.43,0.09,1.7,1.5,16.49
2014/10/7,1221.48,85.67,2.36,0.09,1.7,1.5,16.49
2014/10/8,1224.59,85.3,2.35,0.09,1.7,1.5,16.49
2014/10/9,1223.58,85.52,2.34,0.09,1.7,1.5,16.49
2014/10/10,1223.58,85.91,2.31,0.09,1.7,1.5,16.49
2014/10/11,1223.58,85.91,2.31,0.09,1.7,1.5,16.49
2014/10/12,1236.16,85.91,2.31,0.09,1.7,1.5,16.49
2014/10/13,1232.99,85.53,2.31,0.08,1.7,1.5,16.49
2014/10/14,1242.39,85.82,2.21,0.09,1.7,1.5,16.49
2014/10/15,1239.12,85.15,2.15,0.09,1.7,1.5,16.49
2014/10/16,1238.57,84.95,2.17,0.09,1.7,1.5,16.49
2014/10/17,1238.57,85.11,2.22,0.09,1.7,1.5,16.49
2014/10/18,1238.57,85.11,2.22,0.09,1.7,1.5,16.49
2014/10/19,1247.19,85.11,2.22,0.09,1.7,1.5,16.49
2014/10/20,1248.99,84.95,2.2,0.09,1.7,1.5,16.49
2014/10/21,1241.6,85.3,2.23,0.09,1.7,1.5,16.49
2014/10/22,1232.15,85.74,2.25,0.09,1.7,1.5,16.49
2014/10/23,1231.35,85.84,2.29,0.09,1.7,1.5,16.49
2014/10/24,1231.35,85.73,2.29,0.09,1.7,1.5,16.49
2014/10/25,1231.35,85.73,2.29,0.09,1.7,1.5,16.49
2014/10/26,1226.83,85.73,2.29,0.09,1.7,1.5,16.49
2014/10/27,1228.82,85.5,2.27,0.09,1.7,1.5,16.49
2014/10/28,1212.56,85.41,2.3,0.09,1.7,1.3,16.49
2014/10/29,1199.13,85.95,2.34,0.09,1.7,1.3,16.49
2014/10/30,1173.35,86.15,2.32,0.09,1.7,1.3,16.49
2014/10/31,1173.35,86.92,2.35,0.09,1.7,1.3,16.49
2014/11/1,1173.35,86.92,2.35,0.09,1.7,1.3,16.49
2014/11/2,1165.82,86.92,2.35,0.09,1.7,1.3,16.49
2014/11/3,1168.7,87.31,2.36,0.09,1.7,1.3,16.49
2014/11/4,1140.87,86.98,2.35,0.07,1.7,1.3,16.49
2014/11/5,1142.18,87.44,2.36,0.07,1.7,1.3,16.49
2014/11/6,1178.06,88.01,2.39,0.07,1.7,1.3,16.49
2014/11/7,1178.06,87.64,2.32,0.09,1.7,1.3,16.49
2014/11/8,1178.06,87.64,2.32,0.1,1.7,1.3,16.49
2014/11/9,1151.74,87.53,2.32,0.09,1.7,1.3,16.49
2014/11/10,1164.63,87.81,2.38,0.09,1.7,1.3,16.49
2014/11/11,1162.93,87.53,2.38,0.09,1.7,1.3,16.49
2014/11/12,1162.85,87.82,2.37,0.09,1.7,1.3,16.49
2014/11/13,1189.1,87.67,2.35,0.09,1.7,1.3,16.49
2014/11/14,1189.1,87.53,2.32,0.09,1.7,1.3,16.49
2014/11/15,1189.1,87.53,2.32,0.09,1.7,1.3,16.49
2014/11/16,1186.92,87.64,2.32,0.09,1.7,1.3,16.49
2014/11/17,1197.43,87.93,2.34,0.09,1.7,1.3,16.49
2014/11/18,1183.02,87.58,2.32,0.09,1.7,1.3,16.49
2014/11/19,1194.1,87.65,2.36,0.09,1.7,1.3,16.49
2014/11/20,1201.81,87.59,2.34,0.09,1.7,1.3,16.49
2014/11/21,1201.81,88.31,2.31,0.1,1.7,1.3,16.49
2014/11/22,1201.81,88.31,2.31,0.11,1.7,1.3,16.49
2014/11/23,1197.41,88.38,2.31,0.1,1.7,1.3,16.49
2014/11/24,1201.29,88.15,2.3,0.1,1.7,1.3,16.49
2014/11/25,1198.25,87.92,2.27,0.1,1.7,1.3,16.49
2014/11/26,1189.4,87.61,2.24,0.1,1.7,1.3,16.49
2014/11/27,1169.14,87.61,2.24,0.1,1.7,1.3,16.49
2014/11/28,1169.14,88.36,2.18,0.1,1.3,1.1,16.49
2014/11/29,1169.14,88.36,2.18,0.1,1.3,1.1,16.49
2014/11/30,1212.36,88.38,2.18,0.1,1.3,1.1,16.49
2014/12/1,1198.74,87.95,2.22,0.1,1.3,1.1,16.49
2014/12/2,1209.78,88.65,2.28,0.08,1.3,1.1,16.49
2014/12/3,1205.61,88.96,2.29,0.08,1.3,1.1,16.49
2014/12/4,1192.53,88.7,2.25,0.08,1.3,1.1,16.49
2014/12/5,1192.53,89.33,2.31,0.13,1.3,1.1,16.49
2014/12/6,1192.53,89.33,2.31,0.12,1.3,1.1,16.49
2014/12/7,1203.85,89.35,2.31,0.12,1.3,1.1,16.49
2014/12/8,1231.61,89.04,2.26,0.12,1.3,1.1,16.49
2014/12/9,1226.75,88.69,2.22,0.12,1.3,1.1,16.49
2014/12/10,1228.37,88.27,2.18,0.12,1.3,1.1,16.49
2014/12/11,1223.15,88.66,2.19,0.12,1.3,1.1,16.49
2014/12/12,1223.15,88.36,2.1,0.12,1.3,1.1,16.49
2014/12/13,1223.15,88.36,2.1,0.12,1.3,1.1,16.49
2014/12/14,1193.49,88.23,2.1,0.12,1.3,1.1,16.49
2014/12/15,1197.83,88.46,2.12,0.12,1.3,1.1,16.49
2014/12/16,1189.8,88.12,2.07,0.12,1.3,1.1,16.49
2014/12/17,1198.54,89.13,2.14,0.12,1.3,1.1,16.49
2014/12/18,1196.87,89.23,2.22,0.12,1.3,1.1,16.49
2014/12/19,1196.87,89.6,2.17,0.11,1.3,1.1,16.49
2014/12/20,1196.87,89.6,2.17,0.12,1.3,1.1,16.49
2014/12/21,1177.04,89.62,2.17,0.13,1.3,1.1,16.49
2014/12/22,1176.75,89.77,2.17,0.13,1.3,1.1,16.49
2014/12/23,1177.05,90.06,2.26,0.13,1.3,1.1,16.49
2014/12/24,1177.05,89.97,2.27,0.13,1.3,1.1,16.49
2014/12/25,1198.02,89.97,2.27,0.13,1.3,1.1,16.49
2014/12/26,1198.02,90.03,2.25,0.13,1.3,1.1,16.49
2014/12/27,1198.02,90.03,2.25,0.13,1.3,1.1,16.49
2014/12/28,1184.03,90.07,2.25,0.13,0.8,0.7,18.02
2014/12/29,1200.78,90.19,2.22,0.13,0.8,0.7,18.02
2014/12/30,1182.85,89.99,2.2,0.13,0.8,0.7,18.02
2014/12/31,1182.85,90.27,2.17,0.13,0.8,0.7,18.02
2015/1/1,1190.62,90.27,2.17,0.13,0.8,0.7,18.02
2015/1/2,1190.62,91.08,2.12,0.13,0.8,0.7,18.02
2015/1/3,1190.62,91.08,2.12,0.13,0.8,0.7,18.02
2015/1/4,1205.63,91.46,2.12,0.06,0.8,0.7,18.02
2015/1/5,1219.13,91.38,2.04,0.06,0.8,0.7,18.02
2015/1/6,1211.66,91.5,1.97,0.12,0.8,0.7,18.02
2015/1/7,1209.4,91.89,1.96,0.12,0.8,0.7,18.02
2015/1/8,1223.21,92.37,2.03,0.12,0.8,0.7,18.02
2015/1/9,1223.21,91.94,1.98,0.12,0.8,0.7,18.02
2015/1/10,1223.21,91.94,1.98,0.12,0.8,0.7,18.02
2015/1/11,1234.34,91.73,1.98,0.12,0.8,0.7,18.02
2015/1/12,1231.32,91.98,1.92,0.12,0.8,0.7,18.02
2015/1/13,1229.28,92.31,1.91,0.12,0.8,0.7,18.02
2015/1/14,1263.5,92.16,1.86,0.12,0.8,0.7,18.02
2015/1/15,1280.86,92.35,1.77,0.12,0.8,0.7,18.02
2015/1/16,1280.86,92.52,1.83,0.12,0.8,0.7,18.02
2015/1/17,1280.86,92.52,1.83,0.12,0.8,0.7,18.02
2015/1/18,1279.97,92.67,1.83,0.12,0.8,0.7,18.02
2015/1/19,1295.41,92.52,1.83,0.12,0.8,0.7,18.02
2015/1/20,1294.12,93.05,1.82,0.13,0.8,0.7,18.02
2015/1/21,1301.83,92.9,1.87,0.13,0.8,0.7,18.02
2015/1/22,1294.63,94.08,1.9,0.13,0.8,0.7,18.02
2015/1/23,1294.63,94.76,1.81,0.13,0.8,0.7,18.02
2015/1/24,1294.63,94.76,1.81,0.12,0.8,0.7,18.02
2015/1/25,1282.08,95.33,1.81,0.12,0.8,0.7,18.02
2015/1/26,1292.93,94.8,1.83,0.12,0.8,0.7,18.02
2015/1/27,1285.62,94.02,1.83,0.12,0.8,0.7,18.02
2015/1/28,1257.7,94.47,1.73,0.12,-0.1,0,18.02
2015/1/29,1284.69,94.78,1.77,0.12,-0.1,0,18.02
2015/1/30,1284.69,94.8,1.68,0.12,-0.1,0,18.02
2015/1/31,1284.69,94.8,1.68,0.11,-0.1,0,18.02
2015/2/1,1274.71,94.8,1.68,0.12,-0.1,0,18.02
2015/2/2,1261.2,94.5,1.68,0.11,-0.1,0,18.02
2015/2/3,1269.79,93.6,1.79,0.06,-0.1,0,18.02
2015/2/4,1265.24,93.99,1.81,0.06,-0.1,0,18.02
2015/2/5,1234.53,93.57,1.83,0.06,-0.1,0,18.02
2015/2/6,1234.53,94.65,1.95,0.12,-0.1,0,18.02
2015/2/7,1234.53,94.65,1.95,0.12,-0.1,0,18.02
2015/2/8,1239.5,94.71,1.95,0.11,-0.1,0,18.02
2015/2/9,1233.87,94.45,1.96,0.12,-0.1,0,18.02
2015/2/10,1218.62,94.76,2.01,0.11,-0.1,0,18.02
2015/2/11,1222.31,94.98,2,0.11,-0.1,0,18.02
2015/2/12,1230.1,94.09,1.99,0.11,-0.1,0,18.02
2015/2/13,1230.1,94.2,2.02,0.12,-0.1,0,18.02
2015/2/14,1230.1,94.2,2.02,0.12,-0.1,0,18.02
2015/2/15,1232.9,94.11,2.02,0.12,-0.1,0,18.02
2015/2/16,1210.1,94.2,2.02,0.12,-0.1,0,18.02
2015/2/17,1213.07,94.06,2.14,0.12,-0.1,0,18.02
2015/2/18,1207.44,94.2,2.07,0.12,-0.1,0,18.02
2015/2/19,1202.84,94.4,2.11,0.12,-0.1,0,18.02
2015/2/20,1202.84,94.31,2.13,0.12,-0.1,0,18.02
2015/2/21,1202.84,94.31,2.13,0.12,-0.1,0,18.02
2015/2/22,1202.02,94.32,2.13,0.12,-0.1,0,18.02
2015/2/23,1200.77,94.57,2.06,0.12,-0.1,0,18.02
2015/2/24,1205.36,94.49,1.99,0.12,-0.1,0,18.02
2015/2/25,1209.72,94.21,1.96,0.12,-0.1,0,18.02
2015/2/26,1213.5,95.29,2.03,0.12,-0.1,0,18.02
2015/2/27,1213.5,95.25,2,0.11,-0.1,0,18.02
2015/2/28,1213.5,95.25,2,0.11,0,0.2,18.02
2015/3/1,1207.1,95.5,2,0.11,0,0.2,18.02
2015/3/2,1203.98,95.46,2.08,0.11,0,0.2,18.02
2015/3/3,1200.63,95.38,2.12,0.06,0,0.2,18.02
2015/3/4,1198.69,95.97,2.12,0.06,0,0.2,18.02
2015/3/5,1168.05,96.38,2.11,0.06,0,0.2,18.02
2015/3/6,1168.05,97.61,2.24,0.12,0,0.2,18.02
2015/3/7,1168.05,97.61,2.24,0.12,0,0.2,18.02
2015/3/8,1167.54,97.68,2.24,0.11,0,0.2,18.02
2015/3/9,1162.14,97.59,2.2,0.11,0,0.2,18.02
2015/3/10,1155.69,98.62,2.14,0.12,0,0.2,18.02
2015/3/11,1154.05,99.8,2.11,0.12,0,0.2,18.02
2015/3/12,1158.04,99.44,2.1,0.12,0,0.2,18.02
2015/3/13,1158.04,100.33,2.13,0.12,0,0.2,18.02
2015/3/14,1158.04,100.33,2.13,0.12,0,0.2,18.02
2015/3/15,1155.11,100.26,2.13,0.11,0,0.2,18.02
2015/3/16,1149.82,99.6,2.1,0.11,0,0.2,18.02
2015/3/17,1168.26,99.58,2.06,0.11,0,0.2,18.02
2015/3/18,1171.47,98.55,1.93,0.11,0,0.2,18.02
2015/3/19,1182.85,99.26,1.98,0.11,0,0.2,18.02
2015/3/20,1182.85,97.91,1.93,0.12,0,0.2,18.02
2015/3/21,1182.85,97.91,1.93,0.12,0,0.2,18.02
2015/3/22,1189.98,97.82,1.93,0.11,0,0.2,18.02
2015/3/23,1193.58,97.03,1.92,0.12,0,0.2,18.02
2015/3/24,1195.69,97.19,1.88,0.12,0,0.2,18.02
2015/3/25,1205.14,96.98,1.93,0.12,0,0.2,18.02
2015/3/26,1199.13,97.44,2.01,0.12,0,0.2,18.02
2015/3/27,1199.13,97.29,1.95,0.12,0,0.2,18.02
2015/3/28,1199.13,97.29,1.95,0.11,-0.1,0.2,15.06
2015/3/29,1186.48,97.43,1.95,0.12,-0.1,0.2,15.06
2015/3/30,1183.83,97.97,1.96,0.11,-0.1,0.2,15.06
2015/3/31,1204.39,98.36,1.94,0.12,-0.1,0.2,15.06
2015/4/1,1202.9,98.19,1.87,0.12,-0.1,0.2,15.06
2015/4/2,1211.12,97.44,1.92,0.12,-0.1,0.2,15.06
2015/4/3,1211.12,96.55,1.85,0.12,-0.1,0.2,15.06
2015/4/4,1211.12,96.55,1.85,0.06,-0.1,0.2,15.06
2015/4/5,1215.23,96.63,1.85,0.12,-0.1,0.2,15.06
2015/4/6,1209.54,96.78,1.92,0.12,-0.1,0.2,15.06
2015/4/7,1202.84,97.83,1.89,0.12,-0.1,0.2,15.06
2015/4/8,1195.17,97.94,1.92,0.12,-0.1,0.2,15.06
2015/4/9,1207.76,99.16,1.97,0.12,-0.1,0.2,15.06
2015/4/10,1207.76,99.34,1.96,0.13,-0.1,0.2,15.06
2015/4/11,1207.76,99.34,1.96,0.12,-0.1,0.2,15.06
2015/4/12,1198.97,99.33,1.96,0.12,-0.1,0.2,15.06
2015/4/13,1193.15,99.49,1.94,0.12,-0.1,0.2,15.06
2015/4/14,1202.93,98.73,1.9,0.12,-0.1,0.2,15.06
2015/4/15,1198.85,98.32,1.91,0.12,-0.1,0.2,15.06
2015/4/16,1204.53,97.42,1.9,0.12,-0.1,0.2,15.06
2015/4/17,1204.53,97.52,1.87,0.13,-0.1,0.2,15.06
2015/4/18,1204.53,97.52,1.87,0.13,-0.1,0.2,15.06
2015/4/19,1196.27,97.4,1.87,0.13,-0.1,0.2,15.06
2015/4/20,1203.09,97.94,1.9,0.13,-0.1,0.2,15.06
2015/4/21,1187.27,98,1.92,0.13,-0.1,0.2,15.06
2015/4/22,1194.29,97.93,1.99,0.13,-0.1,0.2,15.06
2015/4/23,1179.81,97.28,1.96,0.13,-0.1,0.2,15.06
2015/4/24,1179.81,96.92,1.93,0.13,-0.1,0.2,15.06
2015/4/25,1179.81,96.92,1.93,0.13,-0.1,0.2,15.06
2015/4/26,1202.4,96.94,1.93,0.13,-0.1,0.2,15.06
2015/4/27,1212.53,96.77,1.94,0.13,-0.1,0.2,15.06
2015/4/28,1205.01,96.09,2,0.13,-0.2,0.1,15.06
2015/4/29,1184.67,95.21,2.06,0.13,-0.2,0.1,15.06
2015/4/30,1178.72,94.6,2.05,0.13,-0.2,0.1,15.06
2015/5/1,1178.72,95.3,2.12,0.13,-0.2,0.1,15.06
2015/5/2,1178.72,95.3,2.12,0.13,-0.2,0.1,15.06
2015/5/3,1188.69,95.28,2.12,0.13,-0.2,0.1,15.06
2015/5/4,1193.67,95.48,2.16,0.08,-0.2,0.1,15.06
2015/5/5,1192.54,95.08,2.19,0.13,-0.2,0.1,15.06
2015/5/6,1184.74,94.09,2.25,0.13,-0.2,0.1,15.06
2015/5/7,1188.87,94.64,2.18,0.13,-0.2,0.1,15.06
2015/5/8,1188.87,94.79,2.16,0.13,-0.2,0.1,15.06
2015/5/9,1188.87,94.79,2.16,0.13,-0.2,0.1,15.06
2015/5/10,1184.37,94.86,2.16,0.13,-0.2,0.1,15.06
2015/5/11,1194.38,95.01,2.28,0.13,-0.2,0.1,15.06
2015/5/12,1216.09,94.53,2.28,0.13,-0.2,0.1,15.06
2015/5/13,1221.49,93.62,2.27,0.13,-0.2,0.1,15.06
2015/5/14,1224.46,93.46,2.23,0.13,-0.2,0.1,15.06
2015/5/15,1224.46,93.14,2.14,0.13,-0.2,0.1,15.06
2015/5/16,1224.46,93.14,2.14,0.13,-0.2,0.1,15.06
2015/5/17,1225.8,93.23,2.14,0.13,-0.2,0.1,15.06
2015/5/18,1208.1,94.22,2.23,0.13,-0.2,0.1,15.06
2015/5/19,1210.08,95.27,2.27,0.13,-0.2,0.1,15.06
2015/5/20,1206.65,95.45,2.26,0.13,-0.2,0.1,15.06
2015/5/21,1206.61,95.25,2.19,0.13,-0.2,0.1,15.06
2015/5/22,1206.61,96.14,2.21,0.13,-0.2,0.1,15.06
2015/5/23,1206.61,96.14,2.21,0.12,-0.2,0.1,15.06
2015/5/24,1207.69,96.29,2.21,0.12,-0.2,0.1,15.06
2015/5/25,1187.62,96.01,2.21,0.12,-0.2,0.1,15.06
2015/5/26,1188.25,97.3,2.14,0.13,-0.2,0.1,15.06
2015/5/27,1188.77,97.37,2.14,0.13,-0.2,0.1,15.06
2015/5/28,1190.63,96.97,2.13,0.13,0,0.2,15.06
2015/5/29,1190.63,96.91,2.12,0.13,0,0.2,15.06
2015/5/30,1190.63,96.91,2.12,0.12,0,0.2,15.06
2015/5/31,1189.63,96.91,2.12,0.12,0,0.2,15.06
2015/6/1,1193.39,97.39,2.19,0.12,0,0.2,15.06
2015/6/2,1185.45,95.83,2.27,0.08,0,0.2,15.06
2015/6/3,1177.17,95.47,2.38,0.08,0,0.2,15.06
2015/6/4,1172.52,95.46,2.31,0.08,0,0.2,15.06
2015/6/5,1172.52,96.31,2.41,0.12,0,0.2,15.06
2015/6/6,1172.52,96.31,2.41,0.12,0,0.2,15.06
2015/6/7,1174.44,96.43,2.41,0.13,0,0.2,15.06
2015/6/8,1177.23,95.3,2.39,0.13,0,0.2,15.06
2015/6/9,1186.36,95.17,2.42,0.13,0,0.2,15.06
2015/6/10,1182.4,94.65,2.5,0.13,0,0.2,15.06
2015/6/11,1181.9,94.98,2.39,0.13,0,0.2,15.06
2015/6/12,1181.9,94.97,2.39,0.13,0,0.2,15.06
2015/6/13,1181.9,94.97,2.39,0.13,0,0.2,15.06
2015/6/14,1186.77,95.12,2.39,0.13,0,0.2,15.06
2015/6/15,1182.38,94.81,2.36,0.13,0,0.2,15.06
2015/6/16,1186.1,95,2.32,0.13,0,0.2,15.06
2015/6/17,1202.22,94.3,2.32,0.13,0,0.2,15.06
2015/6/18,1200.57,94.04,2.35,0.13,0,0.2,15.06
2015/6/19,1200.57,94.08,2.26,0.13,0,0.2,15.06
2015/6/20,1200.57,94.08,2.26,0.14,0,0.2,15.06
2015/6/21,1186.33,94.07,2.26,0.14,0,0.2,15.06
2015/6/22,1179,94.33,2.37,0.14,0,0.2,15.06
2015/6/23,1175.7,95.43,2.42,0.13,0,0.2,15.06
2015/6/24,1173.47,95.26,2.38,0.13,0,0.2,15.06
2015/6/25,1175.64,95.19,2.4,0.13,0,0.2,15.06
2015/6/26,1175.64,95.47,2.49,0.13,0,0.2,15.06
2015/6/27,1175.64,95.47,2.49,0.13,0,0.2,15.06
2015/6/28,1180.2,96.37,2.49,0.13,0.1,0.3,16.79
2015/6/29,1172.55,94.79,2.33,0.13,0.1,0.3,16.79
2015/6/30,1168.97,95.48,2.35,0.13,0.1,0.3,16.79
2015/7/1,1166.65,96.31,2.43,0.13,0.1,0.3,16.79
2015/7/2,1169.23,96.11,2.4,0.13,0.1,0.3,16.79
2015/7/3,1169.23,96.11,2.4,0.14,0.1,0.3,16.79
2015/7/4,1169.23,96.11,2.4,0.08,0.1,0.3,16.79
2015/7/5,1170.58,96.57,2.4,0.13,0.1,0.3,16.79
2015/7/6,1155.48,96.3,2.3,0.13,0.1,0.3,16.79
2015/7/7,1158.49,96.86,2.27,0.13,0.1,0.3,16.79
2015/7/8,1159.61,96.29,2.22,0.13,0.1,0.3,16.79
2015/7/9,1163.85,96.61,2.32,0.13,0.1,0.3,16.79
2015/7/10,1163.85,96.03,2.42,0.13,0.1,0.3,16.79
2015/7/11,1163.85,96.03,2.42,0.13,0.1,0.3,16.79
2015/7/12,1158.33,95.99,2.42,0.13,0.1,0.3,16.79
2015/7/13,1156.87,96.86,2.44,0.13,0.1,0.3,16.79
2015/7/14,1149.88,96.64,2.41,0.13,0.1,0.3,16.79
2015/7/15,1145.73,97.17,2.36,0.13,0.1,0.3,16.79
2015/7/16,1134.86,97.67,2.36,0.13,0.1,0.3,16.79
2015/7/17,1134.86,97.86,2.34,0.13,0.1,0.3,16.79
2015/7/18,1134.86,97.86,2.34,0.13,0.1,0.3,16.79
2015/7/19,1097.04,97.97,2.34,0.13,0.1,0.3,16.79
2015/7/20,1101.45,98.03,2.38,0.14,0.1,0.3,16.79
2015/7/21,1094.58,97.33,2.35,0.13,0.1,0.3,16.79
2015/7/22,1090.95,97.6,2.33,0.13,0.1,0.3,16.79
2015/7/23,1099.46,97.11,2.28,0.13,0.1,0.3,16.79
2015/7/24,1099.46,97.24,2.27,0.14,0.1,0.3,16.79
2015/7/25,1099.46,97.24,2.27,0.13,0.1,0.3,16.79
2015/7/26,1094.2,97.28,2.27,0.13,0.1,0.3,16.79
2015/7/27,1095.68,96.5,2.23,0.13,0.1,0.3,16.79
2015/7/28,1097.58,96.77,2.26,0.13,0.2,0.2,16.79
2015/7/29,1089.02,96.98,2.29,0.13,0.2,0.2,16.79
2015/7/30,1096.08,97.56,2.28,0.13,0.2,0.2,16.79
2015/7/31,1096.08,97.34,2.2,0.14,0.2,0.2,16.79
2015/8/1,1096.08,97.34,2.2,0.14,0.2,0.2,16.79
2015/8/2,1087.13,97.35,2.2,0.14,0.2,0.2,16.79
2015/8/3,1088.03,97.49,2.16,0.14,0.2,0.2,16.79
2015/8/4,1085.38,97.93,2.23,0.08,0.2,0.2,16.79
2015/8/5,1089.97,97.96,2.28,0.08,0.2,0.2,16.79
2015/8/6,1094.52,97.83,2.23,0.08,0.2,0.2,16.79
2015/8/7,1094.52,97.56,2.18,0.14,0.2,0.2,16.79
2015/8/8,1094.52,97.56,2.18,0.14,0.2,0.2,16.79
2015/8/9,1104.82,97.65,2.18,0.14,0.2,0.2,16.79
2015/8/10,1109.32,97.16,2.24,0.14,0.2,0.2,16.79
2015/8/11,1124.77,97.29,2.15,0.14,0.2,0.2,16.79
2015/8/12,1115.51,96.26,2.14,0.14,0.2,0.2,16.79
2015/8/13,1115.25,96.44,2.19,0.14,0.2,0.2,16.79
2015/8/14,1115.25,96.52,2.2,0.14,0.2,0.2,16.79
2015/8/15,1115.25,96.52,2.2,0.15,0.2,0.2,16.79
2015/8/16,1117.94,96.7,2.2,0.15,0.2,0.2,16.79
2015/8/17,1118.06,96.81,2.16,0.15,0.2,0.2,16.79
2015/8/18,1134.3,97.04,2.2,0.14,0.2,0.2,16.79
2015/8/19,1152.38,96.36,2.12,0.14,0.2,0.2,16.79
2015/8/20,1160.87,95.98,2.09,0.14,0.2,0.2,16.79
2015/8/21,1160.87,95.01,2.05,0.15,0.2,0.2,16.79
2015/8/22,1160.87,95.01,2.05,0.15,0.2,0.2,16.79
2015/8/23,1155.43,94.9,2.05,0.15,0.2,0.2,16.79
2015/8/24,1140.97,93.33,2.01,0.15,0.2,0.2,16.79
2015/8/25,1125.52,94.53,2.12,0.15,0.2,0.2,16.79
2015/8/26,1125.27,95.1,2.18,0.15,0.2,0.2,16.79
2015/8/27,1134.03,95.61,2.18,0.15,0.2,0.2,16.79
2015/8/28,1134.03,96.11,2.19,0.15,0.2,0.2,16.79
2015/8/29,1134.03,96.11,2.19,0.15,0.2,0.2,16.79
2015/8/30,1135.25,95.95,2.19,0.14,0.2,0.2,16.79
2015/8/31,1140.59,95.82,2.21,0.14,0.2,0.2,16.79
2015/9/1,1134.38,95.45,2.17,0.14,0.2,0.2,16.79
2015/9/2,1125.7,95.83,2.2,0.14,0.2,0.2,16.79
2015/9/3,1122.37,96.41,2.18,0.14,0.2,0.2,16.79
2015/9/4,1122.37,96.23,2.13,0.08,0.2,0.2,16.79
2015/9/5,1122.37,96.23,2.13,0.14,0.2,0.2,16.79
2015/9/6,1119.52,96.22,2.13,0.14,0.2,0.2,16.79
2015/9/7,1122.02,96.23,2.13,0.14,0.2,0.2,16.79
2015/9/8,1108.11,95.98,2.2,0.14,0.2,0.2,16.79
2015/9/9,1111.11,96.01,2.21,0.14,0.2,0.2,16.79
2015/9/10,1108.18,95.46,2.23,0.14,0.2,0.2,16.79
2015/9/11,1108.18,95.19,2.2,0.14,0.2,0.2,16.79
2015/9/12,1108.18,95.19,2.2,0.14,0.2,0.2,16.79
2015/9/13,1109.4,95.18,2.2,0.14,0.2,0.2,16.79
2015/9/14,1105.54,95.25,2.18,0.14,0.2,0.2,16.79
2015/9/15,1119.88,95.61,2.28,0.14,0.2,0.2,16.79
2015/9/16,1131.87,95.42,2.3,0.14,0.2,0.2,16.79
2015/9/17,1139.56,94.55,2.21,0.14,0.2,0.2,16.79
2015/9/18,1139.56,94.86,2.13,0.14,0.2,0.2,16.79
2015/9/19,1139.56,94.86,2.13,0.14,0.2,0.2,16.79
2015/9/20,1133.8,95.26,2.13,0.14,0.2,0.2,16.79
2015/9/21,1125.14,95.89,2.2,0.14,0.2,0.2,16.79
2015/9/22,1130.57,96.28,2.14,0.14,0.2,0.2,16.79
2015/9/23,1154.39,96.07,2.16,0.14,0.2,0.2,16.79
2015/9/24,1146.5,96.3,2.13,0.14,0.2,0.2,16.79
2015/9/25,1146.5,96.27,2.17,0.14,0.2,0.2,16.79
2015/9/26,1146.5,96.27,2.17,0.14,0.2,0.2,16.79
2015/9/27,1132.33,96.17,2.17,0.14,0.2,0.2,16.79
2015/9/28,1127.81,96.03,2.1,0.14,0,0.1,17.58
2015/9/29,1115.43,95.86,2.05,0.13,0,0.1,17.58
2015/9/30,1114.04,96.35,2.06,0.13,0,0.1,17.58
2015/10/1,1138.85,96.19,2.05,0.13,0,0.1,17.58
2015/10/2,1138.85,95.83,1.99,0.13,0,0.1,17.58
2015/10/3,1138.85,95.83,1.99,0.13,0,0.1,17.58
2015/10/4,1136.12,95.89,1.99,0.07,0,0.1,17.58
2015/10/5,1147.59,96.11,2.07,0.13,0,0.1,17.58
2015/10/6,1145.95,95.45,2.05,0.13,0,0.1,17.58
2015/10/7,1139.4,95.5,2.08,0.13,0,0.1,17.58
2015/10/8,1156.53,95.32,2.12,0.13,0,0.1,17.58
2015/10/9,1156.53,94.81,2.12,0.13,0,0.1,17.58
2015/10/10,1156.53,94.81,2.12,0.13,0,0.1,17.58
2015/10/11,1164.23,94.83,2.12,0.13,0,0.1,17.58
2015/10/12,1169.23,94.84,2.12,0.13,0,0.1,17.58
2015/10/13,1184.57,94.76,2.06,0.13,0,0.1,17.58
2015/10/14,1183.69,93.93,1.99,0.13,0,0.1,17.58
2015/10/15,1177.35,94.37,2.04,0.13,0,0.1,17.58
2015/10/16,1177.35,94.54,2.04,0.13,0,0.1,17.58
2015/10/17,1177.35,94.54,2.04,0.13,0,0.1,17.58
2015/10/18,1171.22,94.67,2.04,0.13,0,0.1,17.58
2015/10/19,1176.42,94.93,2.04,0.13,0,0.1,17.58
2015/10/20,1167.6,94.91,2.08,0.13,0,0.1,17.58
2015/10/21,1166.33,95.03,2.04,0.13,0,0.1,17.58
2015/10/22,1164.82,96.38,2.04,0.13,0,0.1,17.58
2015/10/23,1164.82,97.13,2.09,0.13,0,0.1,17.58
2015/10/24,1164.82,97.13,2.09,0.13,0,0.1,17.58
2015/10/25,1163.38,97.03,2.09,0.13,0,0.1,17.58
2015/10/26,1167.52,96.86,2.07,0.12,0,0.1,17.58
2015/10/27,1156.55,96.91,2.05,0.12,0,0.1,17.58
2015/10/28,1146.51,97.78,2.1,0.12,0.2,0.1,17.58
2015/10/29,1142.44,97.28,2.19,0.12,0.2,0.1,17.58
2015/10/30,1142.44,96.95,2.16,0.12,0.2,0.1,17.58
2015/10/31,1142.44,96.95,2.16,0.12,0.2,0.1,17.58
2015/11/1,1133.89,96.81,2.16,0.12,0.2,0.1,17.58
2015/11/2,1118.23,96.93,2.2,0.12,0.2,0.1,17.58
2015/11/3,1108.4,97.16,2.23,0.07,0.2,0.1,17.58
2015/11/4,1104.32,97.95,2.25,0.07,0.2,0.1,17.58
2015/11/5,1089.92,97.94,2.26,0.07,0.2,0.1,17.58
2015/11/6,1089.92,99.17,2.34,0.12,0.2,0.1,17.58
2015/11/7,1089.92,99.17,2.34,0.12,0.2,0.1,17.58
2015/11/8,1092.68,99.24,2.34,0.12,0.2,0.1,17.58
2015/11/9,1090.03,98.98,2.36,0.12,0.2,0.1,17.58
2015/11/10,1086.79,99.29,2.32,0.12,0.2,0.1,17.58
2015/11/11,1085.63,99.01,2.32,0.12,0.2,0.1,17.58
2015/11/12,1084.36,98.65,2.32,0.12,0.2,0.1,17.58
2015/11/13,1084.36,99,2.28,0.12,0.2,0.1,17.58
2015/11/14,1084.36,98.8,2.28,0.12,0.2,0.1,17.58
2015/11/15,1083.25,99.18,2.28,0.12,0.2,0.1,17.58
2015/11/16,1070.69,99.44,2.27,0.12,0.2,0.1,17.58
2015/11/17,1071.23,99.63,2.25,0.12,0.2,0.1,17.58
2015/11/18,1082.62,99.65,2.27,0.12,0.2,0.1,17.58
2015/11/19,1078.41,98.99,2.24,0.12,0.2,0.1,17.58
2015/11/20,1078.41,99.56,2.26,0.13,0.2,0.1,17.58
2015/11/21,1078.41,99.61,2.26,0.13,0.2,0.1,17.58
2015/11/22,1069.54,99.68,2.26,0.12,0.2,0.1,17.58
2015/11/23,1076.14,99.8,2.25,0.12,0.2,0.1,17.58
2015/11/24,1071.86,99.53,2.24,0.12,0.2,0.1,17.58
2015/11/25,1073.14,99.8,2.23,0.12,0.2,0.1,17.58
2015/11/26,1059.54,99.8,2.23,0.12,0.2,0.1,17.58
2015/11/27,1059.54,100.02,2.22,0.12,0.2,0.1,17.58
2015/11/28,1059.54,100.08,2.22,0.12,0.5,0.3,17.58
2015/11/29,1065.39,100.13,2.22,0.12,0.5,0.3,17.58
2015/11/30,1069.62,100.17,2.21,0.12,0.5,0.3,17.58
2015/12/1,1053.99,99.8,2.15,0.12,0.5,0.3,17.58
2015/12/2,1062.42,99.99,2.18,0.12,0.5,0.3,17.58
2015/12/3,1086.82,97.62,2.33,0.12,0.5,0.3,17.58
2015/12/4,1086.82,98.35,2.28,0.08,0.5,0.3,17.58
2015/12/5,1086.82,98.25,2.28,0.13,0.5,0.3,17.58
2015/12/6,1071.89,98.3,2.28,0.13,0.5,0.3,17.58
2015/12/7,1075.29,98.66,2.23,0.13,0.5,0.3,17.58
2015/12/8,1073.16,98.47,2.24,0.13,0.5,0.3,17.58
2015/12/9,1071.88,97.34,2.22,0.13,0.5,0.3,17.58
2015/12/10,1075.11,97.94,2.24,0.13,0.5,0.3,17.58
2015/12/11,1075.11,97.56,2.13,0.13,0.5,0.3,17.58
2015/12/12,1075.11,97.63,2.13,0.13,0.5,0.3,17.58
2015/12/13,1061.02,97.68,2.13,0.14,0.5,0.3,17.58
2015/12/14,1061.55,97.6,2.23,0.14,0.5,0.3,17.58
2015/12/15,1072.91,98.22,2.28,0.14,0.5,0.3,17.58
2015/12/16,1051.46,97.87,2.3,0.14,0.5,0.3,17.58
2015/12/17,1066.56,99.27,2.24,0.14,0.5,0.3,17.58
2015/12/18,1066.56,98.7,2.19,0.15,0.5,0.3,17.58
2015/12/19,1066.56,98.69,2.19,0.15,0.5,0.3,17.58
2015/12/20,1078.93,98.7,2.19,0.15,0.5,0.3,17.58
2015/12/21,1072.87,98.36,2.2,0.37,0.5,0.3,17.58
2015/12/22,1070.82,98.23,2.24,0.37,0.5,0.3,17.58
2015/12/23,1077.26,98.34,2.27,0.37,0.5,0.3,17.58
2015/12/24,1077.26,97.98,2.25,0.37,0.5,0.3,17.58
2015/12/25,1077.26,97.98,2.25,0.36,0.5,0.3,17.58
2015/12/26,1077.26,97.85,2.25,0.36,0.5,0.3,17.58
2015/12/27,1069.66,97.91,2.25,0.36,0.5,0.3,17.58
2015/12/28,1069.52,97.92,2.24,0.36,0.7,0.3,19.17
2015/12/29,1061.95,98.1,2.32,0.36,0.7,0.3,19.17
2015/12/30,1063.02,98.27,2.31,0.36,0.7,0.3,19.17
2015/12/31,1063.02,98.63,2.27,0.36,0.7,0.3,19.17
2016/1/1,1063.02,98.63,2.27,0.36,0.7,0.3,19.17
2016/1/2,1063.02,98.68,2.27,0.36,0.7,0.3,19.17
2016/1/3,1075.18,98.74,2.27,0.35,0.7,0.3,19.17
2016/1/4,1078.03,98.87,2.24,0.2,0.7,0.3,19.17
2016/1/5,1094.06,99.4,2.25,0.2,0.7,0.3,19.17
2016/1/6,1109.43,99.18,2.18,0.2,0.7,0.3,19.17
2016/1/7,1105.04,98.22,2.16,0.2,0.7,0.3,19.17
2016/1/8,1105.04,98.54,2.13,0.36,0.7,0.3,19.17
2016/1/9,1105.04,98.38,2.13,0.36,0.7,0.3,19.17
2016/1/10,1094.64,98.3,2.13,0.36,0.7,0.3,19.17
2016/1/11,1086.83,98.72,2.17,0.36,0.7,0.3,19.17
2016/1/12,1094.02,98.97,2.12,0.36,0.7,0.3,19.17
2016/1/13,1078.78,98.93,2.08,0.36,0.7,0.3,19.17
2016/1/14,1089.04,99.09,2.1,0.36,0.7,0.3,19.17
2016/1/15,1089.04,98.96,2.03,0.36,0.7,0.3,19.17
2016/1/16,1089.04,98.95,2.03,0.36,0.7,0.3,19.17
2016/1/17,1090.06,98.92,2.03,0.36,0.7,0.3,19.17
2016/1/18,1087.76,98.96,2.03,0.36,0.7,0.3,19.17
2016/1/19,1101.18,98.99,2.06,0.36,0.7,0.3,19.17
2016/1/20,1101.57,99.09,2.01,0.36,0.7,0.3,19.17
2016/1/21,1098.02,99.06,2.02,0.36,0.7,0.3,19.17
2016/1/22,1098.02,99.57,2.07,0.36,0.7,0.3,19.17
2016/1/23,1098.02,99.54,2.07,0.36,0.7,0.3,19.17
2016/1/24,1108.39,99.53,2.07,0.37,0.7,0.3,19.17
2016/1/25,1120.22,99.36,2.03,0.37,0.7,0.3,19.17
2016/1/26,1125.48,99.36,2.01,0.38,0.7,0.3,19.17
2016/1/27,1115.31,98.9,2.02,0.38,0.7,0.3,19.17
2016/1/28,1118.55,98.51,2,0.38,1.4,0.9,19.17
2016/1/29,1118.55,99.61,1.94,0.38,1.4,0.9,19.17
2016/1/30,1118.55,99.53,1.94,0.38,1.4,0.9,19.17
2016/1/31,1128.79,99.62,1.94,0.38,1.4,0.9,19.17
2016/2/1,1129.54,99.01,1.97,0.38,1.4,0.9,19.17
2016/2/2,1142.89,98.87,1.87,0.29,1.4,0.9,19.17
2016/2/3,1155.87,97.29,1.88,0.29,1.4,0.9,19.17
2016/2/4,1173.87,96.47,1.87,0.29,1.4,0.9,19.17
2016/2/5,1173.87,97.03,1.86,0.38,1.4,0.9,19.17
2016/2/6,1173.87,96.96,1.86,0.38,1.4,0.9,19.17
2016/2/7,1189.54,97.04,1.86,0.38,1.4,0.9,19.17
2016/2/8,1189.42,96.57,1.75,0.38,1.4,0.9,19.17
2016/2/9,1197.5,96.07,1.74,0.38,1.4,0.9,19.17
2016/2/10,1247.12,95.89,1.71,0.38,1.4,0.9,19.17
2016/2/11,1237.93,95.56,1.63,0.38,1.4,0.9,19.17
2016/2/12,1237.93,95.94,1.74,0.38,1.4,0.9,19.17
2016/2/13,1237.93,95.97,1.74,0.38,1.4,0.9,19.17
2016/2/14,1209.49,96.16,1.74,0.38,1.4,0.9,19.17
2016/2/15,1200.32,95.94,1.74,0.38,1.4,0.9,19.17
2016/2/16,1208.73,96.87,1.78,0.38,1.4,0.9,19.17
2016/2/17,1231.33,96.79,1.81,0.38,1.4,0.9,19.17
2016/2/18,1226.79,96.95,1.75,0.38,1.4,0.9,19.17
2016/2/19,1226.79,96.6,1.76,0.38,1.4,0.9,19.17
2016/2/20,1226.79,96.59,1.76,0.38,1.4,0.9,19.17
2016/2/21,1209.06,96.76,1.76,0.37,1.4,0.9,19.17
2016/2/22,1226.03,97.38,1.77,0.38,1.4,0.9,19.17
2016/2/23,1229.17,97.48,1.74,0.38,1.4,0.9,19.17
2016/2/24,1233.5,97.46,1.75,0.38,1.4,0.9,19.17
2016/2/25,1223.39,97.29,1.71,0.38,1.4,0.9,19.17
2016/2/26,1223.39,98.15,1.76,0.38,1.4,0.9,19.17
2016/2/27,1223.39,98.09,1.76,0.38,1.4,0.9,19.17
2016/2/28,1238.94,98.16,1.76,0.38,1,0.6,19.17
2016/2/29,1232.47,98.21,1.74,0.37,1,0.6,19.17
2016/3/1,1240.32,98.35,1.83,0.37,1,0.6,19.17
2016/3/2,1264.6,98.21,1.84,0.37,1,0.6,19.17
2016/3/3,1259.27,97.59,1.83,0.37,1,0.6,19.17
2016/3/4,1259.27,97.34,1.88,0.29,1,0.6,19.17
2016/3/5,1259.27,97.22,1.88,0.36,1,0.6,19.17
2016/3/6,1267.58,97.33,1.88,0.37,1,0.6,19.17
2016/3/7,1262.16,97.07,1.91,0.37,1,0.6,19.17
2016/3/8,1253.49,97.21,1.83,0.36,1,0.6,19.17
2016/3/9,1272.61,97.17,1.9,0.36,1,0.6,19.17
2016/3/10,1251.16,96.07,1.93,0.36,1,0.6,19.17
2016/3/11,1251.16,96.17,1.98,0.36,1,0.6,19.17
2016/3/12,1251.16,96.17,1.98,0.36,1,0.6,19.17
2016/3/13,1235.6,96.16,1.98,0.36,1,0.6,19.17
2016/3/14,1233,96.62,1.97,0.36,1,0.6,19.17
2016/3/15,1262.89,96.63,1.97,0.36,1,0.6,19.17
2016/3/16,1258.22,95.89,1.94,0.36,1,0.6,19.17
2016/3/17,1255.62,94.76,1.91,0.36,1,0.6,19.17
2016/3/18,1255.62,95.09,1.88,0.36,1,0.6,19.17
2016/3/19,1256.22,95.09,1.88,0.37,1,0.6,19.17
2016/3/20,1244.1,95.06,1.88,0.37,1,0.6,19.17
2016/3/21,1248.72,95.29,1.92,0.37,1,0.6,19.17
2016/3/22,1220.37,95.65,1.94,0.37,1,0.6,19.17
2016/3/23,1217.46,96.05,1.88,0.37,1,0.6,19.17
2016/3/24,1217.58,96.14,1.91,0.37,1,0.6,19.17
2016/3/25,1217.58,96.14,1.91,0.37,1,0.6,19.17
2016/3/26,1217.58,96.14,1.91,0.37,1,0.6,19.17
2016/3/27,1222.01,96.36,1.91,0.37,1,0.6,19.17
2016/3/28,1242.65,95.94,1.89,0.37,0.9,0.7,16.1
2016/3/29,1225.55,95.16,1.81,0.37,0.9,0.7,16.1
2016/3/30,1232.95,94.84,1.83,0.37,0.9,0.7,16.1
2016/3/31,1222.81,94.59,1.78,0.37,0.9,0.7,16.1
2016/4/1,1222.81,94.62,1.79,0.37,0.9,0.7,16.1
2016/4/2,1222.81,94.62,1.79,0.37,0.9,0.7,16.1
2016/4/3,1216.07,94.6,1.79,0.37,0.9,0.7,16.1
2016/4/4,1231.72,94.51,1.78,0.25,0.9,0.7,16.1
2016/4/5,1222.88,94.63,1.73,0.37,0.9,0.7,16.1
2016/4/6,1240.84,94.43,1.76,0.37,0.9,0.7,16.1
2016/4/7,1240.25,94.48,1.7,0.37,0.9,0.7,16.1
2016/4/8,1240.25,94.23,1.72,0.37,0.9,0.7,16.1
2016/4/9,1240.25,94.23,1.72,0.37,0.9,0.7,16.1
2016/4/10,1258.25,94.2,1.72,0.37,0.9,0.7,16.1
2016/4/11,1255.89,93.95,1.73,0.37,0.9,0.7,16.1
2016/4/12,1243.16,93.96,1.79,0.37,0.9,0.7,16.1
2016/4/13,1228.16,94.74,1.77,0.37,0.9,0.7,16.1
2016/4/14,1234.1,94.9,1.8,0.37,0.9,0.7,16.1
2016/4/15,1234.1,94.7,1.76,0.37,0.9,0.7,16.1
2016/4/16,1234.1,94.7,1.76,0.37,0.9,0.7,16.1
2016/4/17,1232.96,94.68,1.76,0.37,0.9,0.7,16.1
2016/4/18,1250.66,94.49,1.78,0.37,0.9,0.7,16.1
2016/4/19,1244.54,93.98,1.79,0.37,0.9,0.7,16.1
2016/4/20,1248.47,94.49,1.85,0.37,0.9,0.7,16.1
2016/4/21,1232.62,94.6,1.88,0.37,0.9,0.7,16.1
2016/4/22,1232.62,95.12,1.89,0.37,0.9,0.7,16.1
2016/4/23,1232.62,95.12,1.89,0.37,0.9,0.7,16.1
2016/4/24,1238.34,95.03,1.89,0.37,0.9,0.7,16.1
2016/4/25,1243.72,94.84,1.91,0.37,0.9,0.7,16.1
2016/4/26,1246.27,94.57,1.94,0.37,0.9,0.7,16.1
2016/4/27,1266.37,94.39,1.87,0.37,0.9,0.7,16.1
2016/4/28,1294.15,93.76,1.84,0.37,1.1,0.9,16.1
2016/4/29,1294.15,93.08,1.83,0.37,1.1,0.9,16.1
2016/4/30,1294.15,93.08,1.83,0.37,1.1,0.9,16.1
2016/5/1,1292.03,93.01,1.83,0.37,1.1,0.9,16.1
2016/5/2,1287.07,92.63,1.88,0.37,1.1,0.9,16.1
2016/5/3,1280.04,92.94,1.81,0.3,1.1,0.9,16.1
2016/5/4,1278.19,93.18,1.79,0.3,1.1,0.9,16.1
2016/5/5,1288.79,93.78,1.76,0.3,1.1,0.9,16.1
2016/5/6,1288.79,93.89,1.79,0.37,1.1,0.9,16.1
2016/5/7,1288.79,93.89,1.79,0.37,1.1,0.9,16.1
2016/5/8,1264.29,93.96,1.79,0.37,1.1,0.9,16.1
2016/5/9,1266.16,94.13,1.77,0.37,1.1,0.9,16.1
2016/5/10,1277.74,94.29,1.77,0.37,1.1,0.9,16.1
2016/5/11,1264.32,93.82,1.73,0.37,1.1,0.9,16.1
2016/5/12,1273.75,94.15,1.75,0.37,1.1,0.9,16.1
2016/5/13,1273.75,94.61,1.71,0.37,1.1,0.9,16.1
2016/5/14,1273.75,94.61,1.71,0.37,1.1,0.9,16.1
2016/5/15,1274.54,94.59,1.71,0.37,1.1,0.9,16.1
2016/5/16,1279.32,94.57,1.75,0.37,1.1,0.9,16.1
2016/5/17,1258.82,94.55,1.76,0.37,1.1,0.9,16.1
2016/5/18,1255.06,95.08,1.87,0.37,1.1,0.9,16.1
2016/5/19,1252.73,95.29,1.85,0.37,1.1,0.9,16.1
2016/5/20,1252.73,95.33,1.85,0.37,1.1,0.9,16.1
2016/5/21,1252.73,95.33,1.85,0.37,1.1,0.9,16.1
2016/5/22,1249.45,95.31,1.85,0.37,1.1,0.9,16.1
2016/5/23,1227.54,95.23,1.84,0.37,1.1,0.9,16.1
2016/5/24,1224.68,95.57,1.86,0.37,1.1,0.9,16.1
2016/5/25,1220.24,95.35,1.87,0.37,1.1,0.9,16.1
2016/5/26,1213.34,95.17,1.83,0.37,1.1,0.9,16.1
2016/5/27,1213.34,95.52,1.85,0.37,1.1,0.9,16.1
2016/5/28,1213.34,95.52,1.85,0.37,1,0.8,16.1
2016/5/29,1205.55,95.83,1.85,0.37,1,0.8,16.1
2016/5/30,1215.85,95.52,1.85,0.37,1,0.8,16.1
2016/5/31,1213.33,95.89,1.84,0.37,1,0.8,16.1
2016/6/1,1211.35,95.45,1.85,0.37,1,0.8,16.1
2016/6/2,1244.88,95.56,1.81,0.37,1,0.8,16.1
2016/6/3,1244.88,94.03,1.71,0.37,1,0.8,16.1
2016/6/4,1244.88,94.03,1.71,0.29,1,0.8,16.1
2016/6/5,1245.66,94.13,1.71,0.37,1,0.8,16.1
2016/6/6,1244.23,93.9,1.73,0.37,1,0.8,16.1
2016/6/7,1263.12,93.83,1.72,0.37,1,0.8,16.1
2016/6/8,1269.97,93.59,1.71,0.37,1,0.8,16.1
2016/6/9,1274.43,93.95,1.68,0.37,1,0.8,16.1
2016/6/10,1274.43,94.57,1.64,0.37,1,0.8,16.1
2016/6/11,1274.43,94.57,1.64,0.37,1,0.8,16.1
2016/6/12,1284.23,94.71,1.64,0.37,1,0.8,16.1
2016/6/13,1285.99,94.36,1.62,0.37,1,0.8,16.1
2016/6/14,1291.76,94.93,1.62,0.37,1,0.8,16.1
2016/6/15,1278.85,94.61,1.6,0.37,1,0.8,16.1
2016/6/16,1299.74,94.57,1.57,0.37,1,0.8,16.1
2016/6/17,1299.74,94.21,1.62,0.37,1,0.8,16.1
2016/6/18,1299.74,94.21,1.62,0.37,1,0.8,16.1
2016/6/19,1290.54,93.67,1.62,0.37,1,0.8,16.1
2016/6/20,1268.84,93.61,1.67,0.38,1,0.8,16.1
2016/6/21,1267.44,94.02,1.71,0.38,1,0.8,16.1
2016/6/22,1256.48,93.72,1.69,0.38,1,0.8,16.1
2016/6/23,1316.12,93.53,1.74,0.38,1,0.8,16.1
2016/6/24,1316.12,95.45,1.57,0.38,1,0.8,16.1
2016/6/25,1316.12,95.45,1.57,0.38,1,0.8,16.1
2016/6/26,1324.73,96.07,1.57,0.38,1,0.8,16.1
2016/6/27,1312,96.54,1.46,0.39,1,0.8,16.1
2016/6/28,1319.2,96.25,1.46,0.4,1,0.8,17.99
2016/6/29,1322.17,95.77,1.5,0.4,1,0.8,17.99
2016/6/30,1342.59,96.14,1.49,0.4,1,0.8,17.99
2016/7/1,1342.59,95.65,1.46,0.41,1,0.8,17.99
2016/7/2,1342.59,95.65,1.46,0.41,1,0.8,17.99
2016/7/3,1351.44,95.69,1.46,0.41,1,0.8,17.99
2016/7/4,1356.54,95.65,1.46,0.3,1,0.8,17.99
2016/7/5,1364.42,96.17,1.37,0.41,1,0.8,17.99
2016/7/6,1361.03,96.05,1.38,0.41,1,0.8,17.99
2016/7/7,1368.37,96.33,1.4,0.41,1,0.8,17.99
2016/7/8,1368.37,96.3,1.37,0.41,1,0.8,17.99
2016/7/9,1368.37,96.3,1.37,0.4,1,0.8,17.99
2016/7/10,1355.85,96.37,1.37,0.4,1,0.8,17.99
2016/7/11,1333.43,96.57,1.43,0.4,1,0.8,17.99
2016/7/12,1343.14,96.44,1.53,0.4,1,0.8,17.99
2016/7/13,1335.56,96.22,1.48,0.4,1,0.8,17.99
2016/7/14,1338.18,96.08,1.53,0.4,1,0.8,17.99
2016/7/15,1338.18,96.58,1.6,0.4,1,0.8,17.99
2016/7/16,1338.18,96.58,1.6,0.4,1,0.8,17.99
2016/7/17,1329.04,96.6,1.6,0.4,1,0.8,17.99
2016/7/18,1332.48,96.56,1.59,0.4,1,0.8,17.99
2016/7/19,1316.55,97.06,1.56,0.4,1,0.8,17.99
2016/7/20,1331.61,97.2,1.59,0.4,1,0.8,17.99
2016/7/21,1322.7,97,1.57,0.4,1,0.8,17.99
2016/7/22,1322.7,97.47,1.57,0.4,1,0.8,17.99
2016/7/23,1322.7,97.47,1.57,0.4,1,0.8,17.99
2016/7/24,1316.28,97.41,1.57,0.4,1,0.8,17.99
2016/7/25,1320.84,97.29,1.58,0.4,1,0.8,17.99
2016/7/26,1340.3,97.16,1.57,0.4,1,0.8,17.99
2016/7/27,1336.27,97.05,1.52,0.4,1,0.8,17.99
2016/7/28,1351.29,96.74,1.52,0.4,0.8,0.8,17.99
2016/7/29,1351.29,95.53,1.46,0.4,0.8,0.8,17.99
2016/7/30,1351.29,95.53,1.46,0.4,0.8,0.8,17.99
2016/7/31,1353.73,95.67,1.46,0.4,0.8,0.8,17.99
2016/8/1,1363.95,95.71,1.51,0.4,0.8,0.8,17.99
2016/8/2,1358.77,95.06,1.55,0.3,0.8,0.8,17.99
2016/8/3,1362.01,95.56,1.55,0.3,0.8,0.8,17.99
2016/8/4,1337.38,95.76,1.51,0.3,0.8,0.8,17.99
2016/8/5,1337.38,96.19,1.59,0.4,0.8,0.8,17.99
2016/8/6,1337.38,96.19,1.59,0.4,0.8,0.8,17.99
2016/8/7,1336.11,96.29,1.59,0.4,0.8,0.8,17.99
2016/8/8,1341.27,96.4,1.59,0.4,0.8,0.8,17.99
2016/8/9,1346.73,96.18,1.55,0.4,0.8,0.8,17.99
2016/8/10,1339.37,95.65,1.5,0.4,0.8,0.8,17.99
2016/8/11,1336.68,95.86,1.57,0.4,0.8,0.8,17.99
2016/8/12,1336.68,95.72,1.51,0.4,0.8,0.8,17.99
2016/8/13,1336.68,95.72,1.51,0.4,0.8,0.8,17.99
2016/8/14,1339.81,95.72,1.51,0.4,0.8,0.8,17.99
2016/8/15,1346.83,95.63,1.55,0.4,0.8,0.8,17.99
2016/8/16,1349.28,94.79,1.57,0.4,0.8,0.8,17.99
2016/8/17,1352.63,94.72,1.56,0.4,0.8,0.8,17.99
2016/8/18,1340.58,94.16,1.53,0.4,0.8,0.8,17.99
2016/8/19,1340.58,94.51,1.58,0.4,0.8,0.8,17.99
2016/8/20,1340.58,94.51,1.58,0.4,0.8,0.8,17.99
2016/8/21,1339.29,94.73,1.58,0.4,0.8,0.8,17.99
2016/8/22,1338.5,94.52,1.55,0.4,0.8,0.8,17.99
2016/8/23,1325.34,94.54,1.55,0.4,0.8,0.8,17.99
2016/8/24,1322.2,94.79,1.56,0.4,0.8,0.8,17.99
2016/8/25,1321.99,94.77,1.58,0.4,0.8,0.8,17.99
2016/8/26,1321.99,95.57,1.62,0.4,0.8,0.8,17.99
2016/8/27,1321.99,95.57,1.62,0.4,0.8,0.8,17.99
2016/8/28,1323.61,95.51,1.62,0.4,1.1,0.9,17.99
2016/8/29,1311.23,95.58,1.57,0.4,1.1,0.9,17.99
2016/8/30,1309.36,96.05,1.57,0.4,1.1,0.9,17.99
2016/8/31,1314.29,96.02,1.58,0.4,1.1,0.9,17.99
2016/9/1,1326.48,95.65,1.57,0.4,1.1,0.9,17.99
2016/9/2,1326.48,95.84,1.6,0.4,1.1,0.9,17.99
2016/9/3,1326.48,95.84,1.6,0.4,1.1,0.9,17.99
2016/9/4,1327.5,95.86,1.6,0.3,1.1,0.9,17.99
2016/9/5,1350.43,95.84,1.6,0.4,1.1,0.9,17.99
2016/9/6,1345.49,94.82,1.55,0.4,1.1,0.9,17.99
2016/9/7,1338.36,94.96,1.54,0.4,1.1,0.9,17.99
2016/9/8,1328.57,95.03,1.61,0.4,1.1,0.9,17.99
2016/9/9,1328.57,95.34,1.67,0.4,1.1,0.9,17.99
2016/9/10,1328.57,95.34,1.67,0.4,1.1,0.9,17.99
2016/9/11,1328.23,95.26,1.67,0.4,1.1,0.9,17.99
2016/9/12,1319.1,95.09,1.68,0.4,1.1,0.9,17.99
2016/9/13,1323.06,95.63,1.73,0.4,1.1,0.9,17.99
2016/9/14,1314.97,95.33,1.7,0.4,1.1,0.9,17.99
2016/9/15,1310.49,95.29,1.71,0.4,1.1,0.9,17.99
2016/9/16,1310.49,96.11,1.7,0.4,1.1,0.9,17.99
2016/9/17,1310.49,96.11,1.7,0.4,1.1,0.9,17.99
2016/9/18,1314.03,96.02,1.7,0.4,1.1,0.9,17.99
2016/9/19,1315.24,95.84,1.7,0.4,1.1,0.9,17.99
2016/9/20,1337.37,96.02,1.69,0.4,1.1,0.9,17.99
2016/9/21,1337.59,95.66,1.66,0.4,1.1,0.9,17.99
2016/9/22,1339.02,95.45,1.63,0.4,1.1,0.9,17.99
2016/9/23,1339.02,95.48,1.62,0.4,1.1,0.9,17.99
2016/9/24,1339.02,95.48,1.62,0.4,1.1,0.9,17.99
2016/9/25,1338.32,95.48,1.62,0.4,1.1,0.9,17.99
2016/9/26,1327.36,95.3,1.59,0.4,1.1,0.9,17.99
2016/9/27,1322.22,95.44,1.56,0.4,1.1,0.9,17.99
2016/9/28,1320.86,95.43,1.57,0.4,1.5,1.2,18.93
2016/9/29,1317.32,95.53,1.56,0.4,1.5,1.2,18.93
2016/9/30,1317.32,95.46,1.6,0.4,1.5,1.2,18.93
2016/10/1,1317.32,95.46,1.6,0.4,1.5,1.2,18.93
2016/10/2,1312.21,95.56,1.6,0.4,1.5,1.2,18.93
2016/10/3,1268.82,95.69,1.63,0.4,1.5,1.2,18.93
2016/10/4,1267.17,96.17,1.69,0.29,1.5,1.2,18.93
2016/10/5,1255.15,96.12,1.72,0.29,1.5,1.2,18.93
2016/10/6,1258.29,96.77,1.75,0.29,1.5,1.2,18.93
2016/10/7,1258.29,96.63,1.73,0.4,1.5,1.2,18.93
2016/10/8,1258.29,96.63,1.73,0.4,1.5,1.2,18.93
2016/10/9,1260.19,96.51,1.73,0.4,1.5,1.2,18.93
2016/10/10,1253.19,96.93,1.73,0.4,1.5,1.2,18.93
2016/10/11,1255.65,97.69,1.77,0.4,1.5,1.2,18.93
2016/10/12,1258.55,97.97,1.79,0.4,1.5,1.2,18.93
2016/10/13,1251.3,97.52,1.75,0.4,1.5,1.2,18.93
2016/10/14,1251.3,98.02,1.8,0.4,1.5,1.2,18.93
2016/10/15,1251.3,98.02,1.8,0.41,1.5,1.2,18.93
2016/10/16,1256.29,98.12,1.8,0.41,1.5,1.2,18.93
2016/10/17,1263.18,97.89,1.77,0.41,1.5,1.2,18.93
2016/10/18,1269.74,97.89,1.75,0.41,1.5,1.2,18.93
2016/10/19,1266.29,97.92,1.76,0.41,1.5,1.2,18.93
2016/10/20,1267.13,98.31,1.76,0.41,1.5,1.2,18.93
2016/10/21,1267.13,98.69,1.74,0.41,1.5,1.2,18.93
2016/10/22,1267.13,98.69,1.74,0.41,1.5,1.2,18.93
2016/10/23,1264.8,98.69,1.74,0.41,1.5,1.2,18.93
2016/10/24,1274.32,98.76,1.77,0.41,1.5,1.2,18.93
2016/10/25,1267.4,98.72,1.77,0.41,1.5,1.2,18.93
2016/10/26,1268.87,98.63,1.79,0.41,1.5,1.2,18.93
2016/10/27,1276.68,98.89,1.85,0.41,1.5,1.2,18.93
2016/10/28,1276.68,98.35,1.86,0.41,1.6,1.4,18.93
2016/10/29,1276.68,98.35,1.86,0.41,1.6,1.4,18.93
2016/10/30,1277.84,98.31,1.86,0.41,1.6,1.4,18.93
2016/10/31,1288.58,98.44,1.84,0.41,1.6,1.4,18.93
2016/11/1,1297.46,97.7,1.83,0.41,1.6,1.4,18.93
2016/11/2,1303.08,97.4,1.81,0.41,1.6,1.4,18.93
2016/11/3,1305.39,97.16,1.82,0.41,1.6,1.4,18.93
2016/11/4,1305.39,97.06,1.79,0.31,1.6,1.4,18.93
2016/11/5,1305.39,97.06,1.79,0.41,1.6,1.4,18.93
2016/11/6,1282.14,97.33,1.79,0.41,1.6,1.4,18.93
2016/11/7,1276.17,97.78,1.83,0.41,1.6,1.4,18.93
2016/11/8,1278.41,97.86,1.88,0.41,1.6,1.4,18.93
2016/11/9,1259.71,98.5,2.07,0.41,1.6,1.4,18.93
2016/11/10,1229.09,98.78,2.15,0.41,1.6,1.4,18.93
2016/11/11,1229.09,99.06,2.15,0.41,1.6,1.4,18.93
2016/11/12,1229.09,99.06,2.15,0.41,1.6,1.4,18.93
2016/11/13,1221.72,99.22,2.15,0.41,1.6,1.4,18.93
2016/11/14,1229.23,100.11,2.23,0.41,1.6,1.4,18.93
2016/11/15,1225.59,100.23,2.23,0.41,1.6,1.4,18.93
2016/11/16,1216.75,100.41,2.22,0.41,1.6,1.4,18.93
2016/11/17,1208.9,100.89,2.29,0.41,1.6,1.4,18.93
2016/11/18,1208.9,101.21,2.34,0.41,1.6,1.4,18.93
2016/11/19,1209.97,101.21,2.34,0.41,1.6,1.4,18.93
2016/11/20,1214.77,101.4,2.34,0.41,1.6,1.4,18.93
2016/11/21,1212.85,101.05,2.33,0.41,1.6,1.4,18.93
2016/11/22,1190.05,101.04,2.31,0.41,1.6,1.4,18.93
2016/11/23,1185.06,101.7,2.36,0.41,1.6,1.4,18.93
2016/11/24,1183.07,101.7,2.36,0.41,1.6,1.4,18.93
2016/11/25,1183.07,101.49,2.36,0.41,1.6,1.4,18.93
2016/11/26,1183.07,101.49,2.36,0.41,1.6,1.4,18.93
2016/11/27,1193.84,101.3,2.36,0.41,1.6,1.4,18.93
2016/11/28,1188.96,101.33,2.32,0.41,1.7,1.4,18.93
2016/11/29,1173.76,100.93,2.3,0.41,1.7,1.4,18.93
2016/11/30,1172.06,101.5,2.37,0.41,1.7,1.4,18.93
2016/12/1,1177.98,101.04,2.45,0.41,1.7,1.4,18.93
2016/12/2,1177.98,100.77,2.4,0.41,1.7,1.4,18.93
2016/12/3,1177.98,100.77,2.4,0.41,1.7,1.4,18.93
2016/12/4,1170.88,101.35,2.4,0.31,1.7,1.4,18.93
2016/12/5,1170.34,100.09,2.39,0.41,1.7,1.4,18.93
2016/12/6,1174.48,100.49,2.39,0.41,1.7,1.4,18.93
2016/12/7,1171.11,100.23,2.34,0.41,1.7,1.4,18.93
2016/12/8,1160.86,101.1,2.4,0.41,1.7,1.4,18.93
2016/12/9,1160.86,101.59,2.47,0.41,1.7,1.4,18.93
2016/12/10,1160.86,101.59,2.47,0.41,1.7,1.4,18.93
2016/12/11,1162.83,101.62,2.47,0.41,1.7,1.4,18.93
2016/12/12,1158.72,101.03,2.49,0.41,1.7,1.4,18.93
2016/12/13,1143.8,101.07,2.48,0.41,1.7,1.4,18.93
2016/12/14,1128.83,101.76,2.54,0.41,1.7,1.4,18.93
2016/12/15,1135.98,103.02,2.6,0.41,1.7,1.4,18.93
2016/12/16,1135.98,102.95,2.6,0.41,1.7,1.4,18.93
2016/12/17,1135.98,102.95,2.6,0.41,1.7,1.4,18.93
2016/12/18,1138.85,102.81,2.6,0.41,1.7,1.4,18.93
2016/12/19,1132.76,103.14,2.54,0.66,1.7,1.4,18.93
2016/12/20,1131.85,103.29,2.57,0.66,1.7,1.4,18.93
2016/12/21,1128.82,103.02,2.55,0.66,1.7,1.4,18.93
2016/12/22,1135.44,103.09,2.55,0.66,1.7,1.4,18.93
2016/12/23,1135.44,103.01,2.55,0.66,1.7,1.4,18.93
2016/12/24,1135.44,103.01,2.55,0.66,1.7,1.4,18.93
2016/12/25,1135.44,102.97,2.55,0.66,1.7,1.4,18.93
2016/12/26,1139.44,103.01,2.55,0.66,1.7,1.4,18.93
2016/12/27,1141.93,103.02,2.57,0.66,1.7,1.4,18.93
2016/12/28,1158.51,103.3,2.51,0.66,2.1,1.7,20.99
2016/12/29,1153.9,102.68,2.49,0.66,2.1,1.7,20.99
2016/12/30,1153.9,102.21,2.45,0.66,2.1,1.7,20.99
2016/12/31,1153.9,102.21,2.45,0.66,2.1,1.7,20.99
2017/1/1,1153.9,102.3,2.45,0.66,2.1,1.7,20.99
2017/1/2,1159.59,102.83,2.45,0.66,2.1,1.7,20.99
2017/1/3,1163.91,103.21,2.45,0.55,2.1,1.7,20.99
2017/1/4,1180.86,102.7,2.46,0.55,2.1,1.7,20.99
2017/1/5,1173.14,101.52,2.37,0.55,2.1,1.7,20.99
2017/1/6,1173.14,102.22,2.42,0.55,2.1,1.7,20.99
2017/1/7,1173.14,102.22,2.42,0.66,2.1,1.7,20.99
2017/1/8,1181.4,102.26,2.42,0.66,2.1,1.7,20.99
2017/1/9,1188.42,101.93,2.38,0.66,2.1,1.7,20.99
2017/1/10,1192.02,102.01,2.38,0.66,2.1,1.7,20.99
2017/1/11,1195.87,101.78,2.38,0.66,2.1,1.7,20.99
2017/1/12,1197.92,101.35,2.36,0.66,2.1,1.7,20.99
2017/1/13,1197.92,101.18,2.4,0.66,2.1,1.7,20.99
2017/1/14,1197.92,101.18,2.4,0.66,2.1,1.7,20.99
2017/1/15,1203.19,101.41,2.4,0.66,2.1,1.7,20.99
2017/1/16,1217.48,101.18,2.4,0.66,2.1,1.7,20.99
2017/1/17,1204.68,100.33,2.33,0.66,2.1,1.7,20.99
2017/1/18,1205.25,100.93,2.42,0.66,2.1,1.7,20.99
2017/1/19,1209.42,101.15,2.47,0.66,2.1,1.7,20.99
2017/1/20,1209.42,100.74,2.48,0.66,2.1,1.7,20.99
2017/1/21,1209.42,100.74,2.48,0.66,2.1,1.7,20.99
2017/1/22,1218.41,100.62,2.48,0.66,2.1,1.7,20.99
2017/1/23,1209.36,100.16,2.41,0.66,2.1,1.7,20.99
2017/1/24,1201.13,100.35,2.47,0.66,2.1,1.7,20.99
2017/1/25,1188.99,100.03,2.53,0.66,2.1,1.7,20.99
2017/1/26,1192.23,100.38,2.51,0.66,2.1,1.7,20.99
2017/1/27,1192.23,100.53,2.49,0.66,2.1,1.7,20.99
2017/1/28,1192.23,100.53,2.49,0.66,2.5,2,20.99
2017/1/29,1195.97,100.37,2.49,0.66,2.5,2,20.99
2017/1/30,1211.1,100.43,2.49,0.66,2.5,2,20.99
2017/1/31,1210.24,99.51,2.45,0.66,2.5,2,20.99
2017/2/1,1216.33,99.64,2.48,0.66,2.5,2,20.99
2017/2/2,1220.71,99.79,2.48,0.66,2.5,2,20.99
2017/2/3,1220.71,99.87,2.49,0.66,2.5,2,20.99
2017/2/4,1220.71,99.87,2.49,0.56,2.5,2,20.99
2017/2/5,1235.93,99.74,2.49,0.66,2.5,2,20.99
2017/2/6,1234.38,99.91,2.42,0.66,2.5,2,20.99
2017/2/7,1241.85,100.26,2.4,0.66,2.5,2,20.99
2017/2/8,1229.91,100.28,2.34,0.66,2.5,2,20.99
2017/2/9,1234.47,100.65,2.4,0.66,2.5,2,20.99
2017/2/10,1234.47,100.8,2.41,0.66,2.5,2,20.99
2017/2/11,1234.47,100.8,2.41,0.66,2.5,2,20.99
2017/2/12,1225.86,100.96,2.41,0.66,2.5,2,20.99
2017/2/13,1228.87,100.96,2.43,0.66,2.5,2,20.99
2017/2/14,1234.06,101.25,2.47,0.66,2.5,2,20.99
2017/2/15,1239.67,101.18,2.51,0.66,2.5,2,20.99
2017/2/16,1236.16,100.44,2.45,0.66,2.5,2,20.99
2017/2/17,1236.16,100.95,2.42,0.66,2.5,2,20.99
2017/2/18,1236.16,100.95,2.42,0.66,2.5,2,20.99
2017/2/19,1237.91,100.81,2.42,0.66,2.5,2,20.99
2017/2/20,1236.34,100.95,2.42,0.66,2.5,2,20.99
2017/2/21,1237.6,101.37,2.43,0.66,2.5,2,20.99
2017/2/22,1249.6,101.22,2.42,0.66,2.5,2,20.99
2017/2/23,1258.44,101.05,2.38,0.66,2.5,2,20.99
2017/2/24,1258.44,101.09,2.31,0.66,2.5,2,20.99
2017/2/25,1258.44,101.09,2.31,0.66,2.5,2,20.99
2017/2/26,1253.17,101.27,2.31,0.66,2.5,2,20.99
2017/2/27,1248.41,101.13,2.36,0.66,2.5,2,20.99
2017/2/28,1250.22,101.12,2.36,0.66,2.7,2.2,20.99
2017/3/1,1234.74,101.78,2.46,0.66,2.7,2.2,20.99
2017/3/2,1234.87,102.2,2.49,0.66,2.7,2.2,20.99
2017/3/3,1234.87,101.54,2.49,0.66,2.7,2.2,20.99
2017/3/4,1234.87,101.54,2.49,0.57,2.7,2.2,20.99
2017/3/5,1226.01,101.33,2.49,0.66,2.7,2.2,20.99
2017/3/6,1216.14,101.64,2.49,0.66,2.7,2.2,20.99
2017/3/7,1208.43,101.81,2.52,0.66,2.7,2.2,20.99
2017/3/8,1201.19,102.07,2.57,0.66,2.7,2.2,20.99
2017/3/9,1204.81,101.85,2.6,0.66,2.7,2.2,20.99
2017/3/10,1204.81,101.25,2.58,0.66,2.7,2.2,20.99
2017/3/11,1204.81,101.25,2.58,0.66,2.7,2.2,20.99
2017/3/12,1204.38,101.26,2.58,0.66,2.7,2.2,20.99
2017/3/13,1199.15,101.31,2.62,0.66,2.7,2.2,20.99
2017/3/14,1219.64,101.7,2.6,0.66,2.7,2.2,20.99
2017/3/15,1226.81,100.74,2.51,0.66,2.7,2.2,20.99
2017/3/16,1229.64,100.36,2.53,0.66,2.7,2.2,20.99
2017/3/17,1229.64,100.3,2.5,0.66,2.7,2.2,20.99
2017/3/18,1229.64,100.3,2.5,0.66,2.7,2.2,20.99
2017/3/19,1234.64,100.31,2.5,0.66,2.7,2.2,20.99
2017/3/20,1244.84,100.41,2.47,0.91,2.7,2.2,20.99
2017/3/21,1249.44,99.81,2.43,0.91,2.7,2.2,20.99
2017/3/22,1245.7,99.68,2.4,0.91,2.7,2.2,20.99
2017/3/23,1245.53,99.76,2.41,0.91,2.7,2.2,20.99
2017/3/24,1245.53,99.63,2.4,0.91,2.7,2.2,20.99
2017/3/25,1245.53,99.63,2.4,0.91,2.7,2.2,20.99
2017/3/26,1254.88,99.32,2.4,0.91,2.7,2.2,20.99
2017/3/27,1251.9,99.17,2.38,0.91,2.7,2.2,20.99
2017/3/28,1253.72,99.71,2.42,0.91,2.4,1.9,17.94
2017/3/29,1243.6,100,2.39,0.91,2.4,1.9,17.94
2017/3/30,1248.52,100.41,2.42,0.91,2.4,1.9,17.94
2017/3/31,1248.52,100.35,2.4,0.91,2.4,1.9,17.94
2017/4/1,1248.52,100.35,2.4,0.91,2.4,1.9,17.94
2017/4/2,1253.8,100.46,2.4,0.91,2.4,1.9,17.94
2017/4/3,1256.49,100.54,2.35,0.91,2.4,1.9,17.94
2017/4/4,1255.88,100.54,2.36,0.82,2.4,1.9,17.94
2017/4/5,1252.1,100.56,2.34,0.82,2.4,1.9,17.94
2017/4/6,1255.47,100.67,2.34,0.82,2.4,1.9,17.94
2017/4/7,1255.47,101.18,2.38,0.91,2.4,1.9,17.94
2017/4/8,1255.47,101.18,2.38,0.91,2.4,1.9,17.94
2017/4/9,1255.14,101.23,2.38,0.91,2.4,1.9,17.94
2017/4/10,1274.68,101.02,2.37,0.91,2.4,1.9,17.94
2017/4/11,1286.88,100.71,2.32,0.91,2.4,1.9,17.94
2017/4/12,1288.09,100.78,2.28,0.91,2.4,1.9,17.94
2017/4/13,1288.09,100.56,2.24,0.91,2.4,1.9,17.94
2017/4/14,1288.09,100.56,2.24,0.91,2.4,1.9,17.94
2017/4/15,1288.09,100.56,2.24,0.91,2.4,1.9,17.94
2017/4/16,1285.02,100.46,2.24,0.91,2.4,1.9,17.94
2017/4/17,1289.77,100.29,2.26,0.91,2.4,1.9,17.94
2017/4/18,1281.51,99.5,2.18,0.91,2.4,1.9,17.94
2017/4/19,1283.35,99.74,2.21,0.91,2.4,1.9,17.94
2017/4/20,1284.71,99.78,2.24,0.91,2.4,1.9,17.94
2017/4/21,1284.71,99.98,2.24,0.91,2.4,1.9,17.94
2017/4/22,1284.71,99.98,2.24,0.91,2.4,1.9,17.94
2017/4/23,1276.9,98.97,2.24,0.91,2.4,1.9,17.94
2017/4/24,1265.6,99.09,2.28,0.91,2.4,1.9,17.94
2017/4/25,1270.53,98.78,2.35,0.91,2.4,1.9,17.94
2017/4/26,1264.66,99.05,2.32,0.91,2.4,1.9,17.94
2017/4/27,1268.26,99.08,2.3,0.91,2.4,1.9,17.94
2017/4/28,1268.26,99.05,2.29,0.91,2.2,1.8,17.94
2017/4/29,1268.26,99.05,2.29,0.91,2.2,1.8,17.94
2017/4/30,1258.57,98.97,2.29,0.91,2.2,1.8,17.94
2017/5/1,1257.85,99.08,2.33,0.91,2.2,1.8,17.94
2017/5/2,1238.95,98.98,2.29,0.83,2.2,1.8,17.94
2017/5/3,1228.14,99.21,2.33,0.83,2.2,1.8,17.94
2017/5/4,1228.8,98.8,2.36,0.83,2.2,1.8,17.94
2017/5/5,1228.8,98.65,2.36,0.91,2.2,1.8,17.94
2017/5/6,1228.8,98.65,2.36,0.91,2.2,1.8,17.94
2017/5/7,1226.38,98.79,2.36,0.91,2.2,1.8,17.94
2017/5/8,1222.38,99.06,2.39,0.91,2.2,1.8,17.94
2017/5/9,1219.9,99.66,2.42,0.91,2.2,1.8,17.94
2017/5/10,1226.07,99.67,2.41,0.91,2.2,1.8,17.94
2017/5/11,1228.47,99.62,2.39,0.91,2.2,1.8,17.94
2017/5/12,1228.47,99.25,2.33,0.91,2.2,1.8,17.94
2017/5/13,1228.47,99.25,2.33,0.91,2.2,1.8,17.94
2017/5/14,1231.44,99.2,2.33,0.91,2.2,1.8,17.94
2017/5/15,1238.07,98.91,2.34,0.91,2.2,1.8,17.94
2017/5/16,1262.49,98.11,2.33,0.91,2.2,1.8,17.94
2017/5/17,1248,97.58,2.22,0.91,2.2,1.8,17.94
2017/5/18,1255.75,97.88,2.23,0.91,2.2,1.8,17.94
2017/5/19,1255.75,97.14,2.23,0.91,2.2,1.8,17.94
2017/5/20,1255.75,97.14,2.23,0.91,2.2,1.8,17.94
2017/5/21,1261.66,97.16,2.23,0.91,2.2,1.8,17.94
2017/5/22,1252.2,96.98,2.25,0.91,2.2,1.8,17.94
2017/5/23,1259.6,97.35,2.29,0.91,2.2,1.8,17.94
2017/5/24,1256.59,97.24,2.26,0.91,2.2,1.8,17.94
2017/5/25,1267.48,97.25,2.25,0.91,2.2,1.8,17.94
2017/5/26,1267.48,97.44,2.25,0.91,2.2,1.8,17.94
2017/5/27,1267.48,97.44,2.25,0.91,2.2,1.8,17.94
2017/5/28,1267.26,97.42,2.25,0.91,1.9,1.6,17.94
2017/5/29,1263.22,97.44,2.25,0.91,1.9,1.6,17.94
2017/5/30,1269.81,97.28,2.21,0.91,1.9,1.6,17.94
2017/5/31,1266.12,96.92,2.21,0.91,1.9,1.6,17.94
2017/6/1,1279.59,97.2,2.21,0.91,1.9,1.6,17.94
2017/6/2,1279.59,96.72,2.15,0.91,1.9,1.6,17.94
2017/6/3,1279.59,96.72,2.15,0.91,1.9,1.6,17.94
2017/6/4,1279.76,96.73,2.15,0.83,1.9,1.6,17.94
2017/6/5,1295.2,96.8,2.18,0.91,1.9,1.6,17.94
2017/6/6,1287.08,96.64,2.14,0.91,1.9,1.6,17.94
2017/6/7,1278.23,96.75,2.18,0.91,1.9,1.6,17.94
2017/6/8,1267.49,96.92,2.19,0.91,1.9,1.6,17.94
2017/6/9,1267.49,97.27,2.21,0.91,1.9,1.6,17.94
2017/6/10,1267.49,97.27,2.21,0.91,1.9,1.6,17.94
2017/6/11,1267.06,97.23,2.21,0.91,1.9,1.6,17.94
2017/6/12,1267.44,97.14,2.21,0.91,1.9,1.6,17.94
2017/6/13,1262.42,96.97,2.21,0.91,1.9,1.6,17.94
2017/6/14,1254.17,96.94,2.15,0.91,1.9,1.6,17.94
2017/6/15,1254.27,97.43,2.16,0.91,1.9,1.6,17.94
2017/6/16,1254.27,97.16,2.16,0.91,1.9,1.6,17.94
2017/6/17,1254.27,97.16,2.16,0.91,1.9,1.6,17.94
2017/6/18,1244.93,97.11,2.16,0.91,1.9,1.6,17.94
2017/6/19,1243.44,97.55,2.19,1.16,1.9,1.6,17.94
2017/6/20,1247.79,97.76,2.16,1.16,1.9,1.6,17.94
2017/6/21,1250.72,97.56,2.16,1.16,1.9,1.6,17.94
2017/6/22,1256.93,97.59,2.15,1.16,1.9,1.6,17.94
2017/6/23,1256.93,97.26,2.15,1.16,1.9,1.6,17.94
2017/6/24,1256.93,97.26,2.15,1.16,1.9,1.6,17.94
2017/6/25,1245.79,97.22,2.15,1.16,1.9,1.6,17.94
2017/6/26,1248.23,97.43,2.14,1.16,1.9,1.6,17.94
2017/6/27,1249.44,96.39,2.21,1.16,1.9,1.6,17.94
2017/6/28,1245.58,96.01,2.22,1.16,1.6,1.5,19.92
2017/6/29,1241.69,95.63,2.27,1.16,1.6,1.5,19.92
2017/6/30,1241.69,95.63,2.31,1.16,1.6,1.5,19.92
2017/7/1,1241.69,95.63,2.31,1.16,1.6,1.5,19.92
2017/7/2,1220.68,95.63,2.31,1.16,1.6,1.5,19.92
2017/7/3,1223.44,96.14,2.35,1.16,1.6,1.5,19.92
2017/7/4,1227.73,96.13,2.35,1.06,1.6,1.5,19.92
2017/7/5,1226.37,96.24,2.33,1.06,1.6,1.5,19.92
2017/7/6,1212.58,95.79,2.37,1.06,1.6,1.5,19.92
2017/7/7,1212.58,96.01,2.39,1.16,1.6,1.5,19.92
2017/7/8,1212.58,96.01,2.39,1.16,1.6,1.5,19.92
2017/7/9,1214.49,96.01,2.39,1.16,1.6,1.5,19.92
2017/7/10,1218.46,96.07,2.38,1.16,1.6,1.5,19.92
2017/7/11,1220.67,95.68,2.37,1.16,1.6,1.5,19.92
2017/7/12,1218.5,95.76,2.33,1.16,1.6,1.5,19.92
2017/7/13,1229.13,95.76,2.35,1.16,1.6,1.5,19.92
2017/7/14,1229.13,95.15,2.33,1.16,1.6,1.5,19.92
2017/7/15,1229.13,95.15,2.33,1.16,1.6,1.5,19.92
2017/7/16,1235.23,95.15,2.33,1.16,1.6,1.5,19.92
2017/7/17,1243.62,95.17,2.31,1.16,1.6,1.5,19.92
2017/7/18,1242.22,94.69,2.27,1.16,1.6,1.5,19.92
2017/7/19,1245.8,94.76,2.27,1.16,1.6,1.5,19.92
2017/7/20,1255.01,94.29,2.27,1.16,1.6,1.5,19.92
2017/7/21,1255.01,93.86,2.24,1.16,1.6,1.5,19.92
2017/7/22,1255.01,93.86,2.24,1.16,1.6,1.5,19.92
2017/7/23,1256.37,93.84,2.24,1.16,1.6,1.5,19.92
2017/7/24,1250.27,94.04,2.26,1.16,1.6,1.5,19.92
2017/7/25,1262.06,94.11,2.33,1.16,1.6,1.5,19.92
2017/7/26,1259.24,93.49,2.29,1.16,1.6,1.5,19.92
2017/7/27,1270.12,93.82,2.32,1.16,1.6,1.5,19.92
2017/7/28,1270.12,93.26,2.3,1.16,1.7,1.5,19.92
2017/7/29,1270.12,93.26,2.3,1.16,1.7,1.5,19.92
2017/7/30,1270.6,93.35,2.3,1.16,1.7,1.5,19.92
2017/7/31,1270.04,92.95,2.3,1.16,1.7,1.5,19.92
2017/8/1,1267.74,93.04,2.26,1.16,1.7,1.5,19.92
2017/8/2,1269.49,92.91,2.27,1.16,1.7,1.5,19.92
2017/8/3,1259.45,92.72,2.24,1.16,1.7,1.5,19.92
2017/8/4,1259.45,93.54,2.27,1.07,1.7,1.5,19.92
2017/8/5,1259.45,93.54,2.27,1.16,1.7,1.5,19.92
2017/8/6,1258.47,93.47,2.27,1.16,1.7,1.5,19.92
2017/8/7,1261.85,93.4,2.26,1.16,1.7,1.5,19.92
2017/8/8,1278.47,93.6,2.29,1.16,1.7,1.5,19.92
2017/8/9,1287.44,93.51,2.24,1.16,1.7,1.5,19.92
2017/8/10,1290.59,93.4,2.2,1.16,1.7,1.5,19.92
2017/8/11,1290.59,93.1,2.19,1.16,1.7,1.5,19.92
2017/8/12,1290.59,93.1,2.19,1.16,1.7,1.5,19.92
2017/8/13,1282.5,93.08,2.19,1.16,1.7,1.5,19.92
2017/8/14,1272.09,93.51,2.22,1.16,1.7,1.5,19.92
2017/8/15,1284.27,93.81,2.27,1.16,1.7,1.5,19.92
2017/8/16,1289.03,93.46,2.23,1.16,1.7,1.5,19.92
2017/8/17,1286.28,93.76,2.19,1.16,1.7,1.5,19.92
2017/8/18,1286.28,93.43,2.19,1.16,1.7,1.5,19.92
2017/8/19,1286.28,93.43,2.19,1.16,1.7,1.5,19.92
2017/8/20,1292.6,93.47,2.19,1.16,1.7,1.5,19.92
2017/8/21,1286.13,93.11,2.18,1.16,1.7,1.5,19.92
2017/8/22,1291.81,93.53,2.22,1.16,1.7,1.5,19.92
2017/8/23,1287.27,93.15,2.17,1.16,1.7,1.5,19.92
2017/8/24,1291.51,93.29,2.19,1.16,1.7,1.5,19.92
2017/8/25,1291.51,92.74,2.17,1.16,1.7,1.5,19.92
2017/8/26,1291.51,92.74,2.17,1.16,1.7,1.5,19.92
2017/8/27,1310.77,92.38,2.17,1.16,1.7,1.5,19.92
2017/8/28,1309.78,92.26,2.16,1.16,1.9,1.6,19.92
2017/8/29,1309.96,92.35,2.13,1.16,1.9,1.6,19.92
2017/8/30,1322.55,92.92,2.15,1.16,1.9,1.6,19.92
2017/8/31,1326.43,92.63,2.12,1.16,1.9,1.6,19.92
2017/9/1,1326.43,92.81,2.16,1.16,1.9,1.6,19.92
2017/9/2,1326.43,92.81,2.16,1.16,1.9,1.6,19.92
2017/9/3,1334.48,92.65,2.16,1.16,1.9,1.6,19.92
2017/9/4,1340.83,92.64,2.16,1.07,1.9,1.6,19.92
2017/9/5,1334.84,92.22,2.07,1.16,1.9,1.6,19.92
2017/9/6,1349.98,92.18,2.1,1.16,1.9,1.6,19.92
2017/9/7,1346.97,91.46,2.05,1.16,1.9,1.6,19.92
2017/9/8,1346.97,91.35,2.06,1.16,1.9,1.6,19.92
2017/9/9,1346.97,91.35,2.06,1.16,1.9,1.6,19.92
2017/9/10,1328.43,91.46,2.06,1.16,1.9,1.6,19.92
2017/9/11,1332.22,91.91,2.14,1.16,1.9,1.6,19.92
2017/9/12,1324.03,91.89,2.17,1.16,1.9,1.6,19.92
2017/9/13,1330.63,92.4,2.2,1.16,1.9,1.6,19.92
2017/9/14,1320.64,91.99,2.2,1.16,1.9,1.6,19.92
2017/9/15,1320.64,91.87,2.2,1.16,1.9,1.6,19.92
2017/9/16,1320.64,91.87,2.2,1.16,1.9,1.6,19.92
2017/9/17,1308.45,91.95,2.2,1.16,1.9,1.6,19.92
2017/9/18,1312.27,91.97,2.23,1.16,1.9,1.6,19.92
2017/9/19,1301.48,91.84,2.24,1.16,1.9,1.6,19.92
2017/9/20,1292.53,92.63,2.28,1.16,1.9,1.6,19.92
2017/9/21,1297.06,92.15,2.27,1.16,1.9,1.6,19.92
2017/9/22,1297.06,92.17,2.26,1.16,1.9,1.6,19.92
2017/9/23,1297.06,92.17,2.26,1.16,1.9,1.6,19.92
2017/9/24,1311.85,92.32,2.26,1.16,1.9,1.6,19.92
2017/9/25,1294.9,92.61,2.22,1.16,1.9,1.6,19.92
2017/9/26,1283.94,93.07,2.24,1.16,1.9,1.6,19.92
2017/9/27,1288.27,93.43,2.31,1.16,1.9,1.6,19.92
2017/9/28,1279.98,93.17,2.31,1.16,2.2,1.8,20.98
2017/9/29,1279.98,93.08,2.33,1.16,2.2,1.8,20.98
2017/9/30,1279.98,93.08,2.33,1.16,2.2,1.8,20.98
2017/10/1,1271.21,93.14,2.33,1.16,2.2,1.8,20.98
2017/10/2,1272.96,93.64,2.34,1.16,2.2,1.8,20.98
2017/10/3,1275.85,93.58,2.33,1.06,2.2,1.8,20.98
2017/10/4,1269.39,93.52,2.33,1.06,2.2,1.8,20.98
2017/10/5,1276.22,93.91,2.35,1.06,2.2,1.8,20.98
2017/10/6,1276.22,93.8,2.37,1.16,2.2,1.8,20.98
2017/10/7,1276.22,93.8,2.37,1.16,2.2,1.8,20.98
2017/10/8,1284.23,93.74,2.37,1.16,2.2,1.8,20.98
2017/10/9,1288.89,93.72,2.37,1.16,2.2,1.8,20.98
2017/10/10,1293.03,93.22,2.35,1.16,2.2,1.8,20.98
2017/10/11,1294.69,92.92,2.35,1.16,2.2,1.8,20.98
2017/10/12,1303.6,93.1,2.33,1.16,2.2,1.8,20.98
2017/10/13,1303.6,93.09,2.28,1.16,2.2,1.8,20.98
2017/10/14,1303.6,93.09,2.28,1.16,2.2,1.8,20.98
2017/10/15,1295.98,93.11,2.28,1.16,2.2,1.8,20.98
2017/10/16,1285.41,93.29,2.3,1.16,2.2,1.8,20.98
2017/10/17,1282.1,93.46,2.3,1.16,2.2,1.8,20.98
2017/10/18,1290.88,93.42,2.34,1.16,2.2,1.8,20.98
2017/10/19,1280.73,93.14,2.33,1.16,2.2,1.8,20.98
2017/10/20,1280.73,93.7,2.39,1.16,2.2,1.8,20.98
2017/10/21,1280.73,93.7,2.39,1.16,2.2,1.8,20.98
2017/10/22,1283.18,93.89,2.39,1.16,2.2,1.8,20.98
2017/10/23,1277.92,93.8,2.38,1.16,2.2,1.8,20.98
2017/10/24,1278.55,93.97,2.42,1.16,2.2,1.8,20.98
2017/10/25,1268.2,93.59,2.44,1.16,2.2,1.8,20.98
2017/10/26,1273.27,94.76,2.46,1.16,2.2,1.8,20.98
2017/10/27,1273.27,94.92,2.42,1.16,2.2,1.8,20.98
2017/10/28,1273.27,94.92,2.42,1.16,2,1.7,20.98
2017/10/29,1276.56,94.86,2.42,1.16,2,1.7,20.98
2017/10/30,1271.27,94.46,2.37,1.16,2,1.7,20.98
2017/10/31,1274.96,94.54,2.38,1.16,2,1.7,20.98
2017/11/1,1276.25,94.75,2.37,1.16,2,1.7,20.98
2017/11/2,1270.55,94.71,2.35,1.16,2,1.7,20.98
2017/11/3,1270.55,94.94,2.34,1.16,2,1.7,20.98
2017/11/4,1270.55,94.94,2.34,1.07,2,1.7,20.98
2017/11/5,1282.96,94.89,2.34,1.16,2,1.7,20.98
2017/11/6,1276.23,94.74,2.32,1.16,2,1.7,20.98
2017/11/7,1282.42,94.85,2.32,1.16,2,1.7,20.98
2017/11/8,1286.02,94.88,2.32,1.16,2,1.7,20.98
2017/11/9,1276.39,94.53,2.33,1.16,2,1.7,20.98
2017/11/10,1276.39,94.39,2.4,1.16,2,1.7,20.98
2017/11/11,1276.39,94.39,2.4,1.16,2,1.7,20.98
2017/11/12,1278.95,94.5,2.4,1.16,2,1.7,20.98
2017/11/13,1281.17,94.52,2.4,1.16,2,1.7,20.98
2017/11/14,1279.26,93.83,2.38,1.16,2,1.7,20.98
2017/11/15,1279.67,93.9,2.33,1.16,2,1.7,20.98
2017/11/16,1295.08,93.91,2.37,1.16,2,1.7,20.98
2017/11/17,1295.08,93.66,2.35,1.16,2,1.7,20.98
2017/11/18,1295.08,93.66,2.35,1.16,2,1.7,20.98
2017/11/19,1277.85,94.01,2.35,1.16,2,1.7,20.98
2017/11/20,1281.45,94.06,2.37,1.16,2,1.7,20.98
2017/11/21,1292.95,93.98,2.36,1.16,2,1.7,20.98
2017/11/22,1291.6,93.25,2.32,1.16,2,1.7,20.98
2017/11/23,1288.88,93.12,2.32,1.16,2,1.7,20.98
2017/11/24,1288.88,92.78,2.34,1.16,2,1.7,20.98
2017/11/25,1288.88,92.78,2.34,1.16,2,1.7,20.98
2017/11/26,1294.67,92.81,2.34,1.16,2,1.7,20.98
2017/11/27,1294.11,92.9,2.32,1.16,2,1.7,20.98
2017/11/28,1284.7,93.22,2.34,1.16,2.2,1.8,20.98
2017/11/29,1275.19,93.26,2.37,1.16,2.2,1.8,20.98
2017/11/30,1282.02,93.07,2.42,1.16,2.2,1.8,20.98
2017/12/1,1282.02,92.89,2.37,1.16,2.2,1.8,20.98
2017/12/2,1282.02,92.89,2.37,1.16,2.2,1.8,20.98
2017/12/3,1276.29,93.17,2.37,1.16,2.2,1.8,20.98
2017/12/4,1266.16,93.08,2.37,1.07,2.2,1.8,20.98
2017/12/5,1263.57,93.32,2.36,1.16,2.2,1.8,20.98
2017/12/6,1247.32,93.52,2.33,1.16,2.2,1.8,20.98
2017/12/7,1248.69,93.75,2.37,1.16,2.2,1.8,20.98
2017/12/8,1248.69,93.9,2.38,1.16,2.2,1.8,20.98
2017/12/9,1248.69,93.9,2.38,1.16,2.2,1.8,20.98
2017/12/10,1242.37,93.91,2.38,1.16,2.2,1.8,20.98
2017/12/11,1244.65,93.93,2.39,1.16,2.2,1.8,20.98
2017/12/12,1255.88,94.09,2.4,1.16,2.2,1.8,20.98
2017/12/13,1253.68,93.47,2.36,1.16,2.2,1.8,20.98
2017/12/14,1255.47,93.69,2.35,1.16,2.2,1.8,20.98
2017/12/15,1255.47,93.93,2.35,1.16,2.2,1.8,20.98
2017/12/16,1255.47,93.93,2.35,1.17,2.2,1.8,20.98
2017/12/17,1262.29,94.02,2.35,1.17,2.2,1.8,20.98
2017/12/18,1261.86,93.69,2.39,1.41,2.2,1.8,20.98
2017/12/19,1265.66,93.45,2.46,1.41,2.2,1.8,20.98
2017/12/20,1266.85,93.35,2.49,1.41,2.2,1.8,20.98
2017/12/21,1275.21,93.3,2.48,1.41,2.2,1.8,20.98
2017/12/22,1275.21,93.35,2.48,1.42,2.2,1.8,20.98
2017/12/23,1275.21,93.35,2.48,1.42,2.2,1.8,20.98
2017/12/24,1275.21,93.36,2.48,1.42,2.2,1.8,20.98
2017/12/25,1283.16,93.27,2.48,1.42,2.2,1.8,20.98
2017/12/26,1287.45,93.3,2.47,1.42,2.2,1.8,20.98
2017/12/27,1295.15,93,2.42,1.42,2.2,1.8,20.98
2017/12/28,1302.69,92.67,2.43,1.42,2.1,1.8,23.23
2017/12/29,1302.69,92.12,2.4,1.42,2.1,1.8,23.23
2017/12/30,1302.69,92.12,2.4,1.42,2.1,1.8,23.23
2017/12/31,1302.69,92.28,2.4,1.42,2.1,1.8,23.23
2018/1/1,1317.79,92.25,2.4,1.42,2.1,1.8,23.23
2018/1/2,1313.4,91.85,2.46,1.33,2.1,1.8,23.23
2018/1/3,1322.96,92.19,2.44,1.33,2.1,1.8,23.23
2018/1/4,1320.79,91.86,2.46,1.33,2.1,1.8,23.23
2018/1/5,1320.79,91.95,2.47,1.33,2.1,1.8,23.23
2018/1/6,1320.79,91.95,2.47,1.42,2.1,1.8,23.23
2018/1/7,1320.67,91.98,2.47,1.42,2.1,1.8,23.23
2018/1/8,1313.03,92.34,2.49,1.42,2.1,1.8,23.23
2018/1/9,1316.89,92.52,2.55,1.42,2.1,1.8,23.23
2018/1/10,1322.69,92.35,2.55,1.42,2.1,1.8,23.23
2018/1/11,1338.67,91.9,2.54,1.42,2.1,1.8,23.23
2018/1/12,1338.67,90.97,2.55,1.42,2.1,1.8,23.23
2018/1/13,1338.67,90.97,2.55,1.42,2.1,1.8,23.23
2018/1/14,1340.4,90.92,2.55,1.42,2.1,1.8,23.23
2018/1/15,1338.76,90.46,2.55,1.42,2.1,1.8,23.23
2018/1/16,1326.7,90.4,2.54,1.42,2.1,1.8,23.23
2018/1/17,1327.21,90.98,2.57,1.42,2.1,1.8,23.23
2018/1/18,1332.07,90.48,2.62,1.42,2.1,1.8,23.23
2018/1/19,1332.07,90.57,2.64,1.42,2.1,1.8,23.23
2018/1/20,1332.07,90.57,2.64,1.42,2.1,1.8,23.23
2018/1/21,1334.19,90.47,2.64,1.42,2.1,1.8,23.23
2018/1/22,1341.6,90.39,2.66,1.42,2.1,1.8,23.23
2018/1/23,1358.83,90.1,2.63,1.42,2.1,1.8,23.23
2018/1/24,1348.65,89.24,2.65,1.42,2.1,1.8,23.23
2018/1/25,1351.15,89.46,2.63,1.42,2.1,1.8,23.23
2018/1/26,1351.15,89.07,2.66,1.42,2.1,1.8,23.23
2018/1/27,1351.15,89.07,2.66,1.42,2.1,1.8,23.23
2018/1/28,1340.7,89.04,2.66,1.42,2.1,1.8,23.23
2018/1/29,1338.88,89.35,2.7,1.42,2.1,1.8,23.23
2018/1/30,1345.33,89.18,2.73,1.42,2.1,1.8,23.23
2018/1/31,1349.2,89.11,2.72,1.42,2.1,1.8,23.23
2018/2/1,1331.4,88.65,2.78,1.42,2.1,1.8,23.23
2018/2/2,1331.4,89.19,2.84,1.42,2.1,1.8,23.23
2018/2/3,1331.4,89.19,2.84,1.42,2.1,1.8,23.23
2018/2/4,1339.88,89.23,2.84,1.34,2.1,1.8,23.23
2018/2/5,1324.82,89.64,2.77,1.42,2.1,1.8,23.23
2018/2/6,1318.72,89.67,2.79,1.42,2.1,1.8,23.23
2018/2/7,1319.19,90.34,2.84,1.42,2.1,1.8,23.23
2018/2/8,1317.41,90.28,2.85,1.42,2.1,1.8,23.23
2018/2/9,1317.41,90.44,2.83,1.42,2.1,1.8,23.23
2018/2/10,1317.41,90.44,2.83,1.42,2.1,1.8,23.23
2018/2/11,1322.93,90.35,2.83,1.42,2.1,1.8,23.23
2018/2/12,1329.71,90.11,2.86,1.42,2.1,1.8,23.23
2018/2/13,1350.72,89.74,2.83,1.42,2.1,1.8,23.23
2018/2/14,1353.58,89.01,2.91,1.42,2.1,1.8,23.23
2018/2/15,1348.21,88.62,2.9,1.42,2.1,1.8,23.23
2018/2/16,1348.21,89.1,2.87,1.42,2.1,1.8,23.23
2018/2/17,1348.21,89.1,2.87,1.42,2.1,1.8,23.23
2018/2/18,1347.02,89.11,2.87,1.42,2.1,1.8,23.23
2018/2/19,1329.7,89.19,2.87,1.42,2.1,1.8,23.23
2018/2/20,1324.85,89.72,2.88,1.42,2.1,1.8,23.23
2018/2/21,1332.4,90.12,2.94,1.42,2.1,1.8,23.23
2018/2/22,1329.18,89.71,2.92,1.42,2.1,1.8,23.23
2018/2/23,1329.18,89.88,2.88,1.42,2.1,1.8,23.23
2018/2/24,1329.18,89.88,2.88,1.42,2.1,1.8,23.23
2018/2/25,1333.53,89.97,2.88,1.42,2.1,1.8,23.23
2018/2/26,1318.76,89.87,2.86,1.42,2.1,1.8,23.23
2018/2/27,1318.52,90.36,2.9,1.42,2.1,1.8,23.23
2018/2/28,1317.32,90.66,2.87,1.42,2.2,1.8,23.23
2018/3/1,1322.28,90.24,2.81,1.42,2.2,1.8,23.23
2018/3/2,1322.28,89.94,2.86,1.42,2.2,1.8,23.23
2018/3/3,1322.28,89.94,2.86,1.42,2.2,1.8,23.23
2018/3/4,1320.61,90,2.86,1.35,2.2,1.8,23.23
2018/3/5,1334.89,90,2.88,1.42,2.2,1.8,23.23
2018/3/6,1325.85,89.43,2.88,1.42,2.2,1.8,23.23
2018/3/7,1322.18,89.59,2.89,1.42,2.2,1.8,23.23
2018/3/8,1323.85,90.12,2.86,1.42,2.2,1.8,23.23
2018/3/9,1323.85,90.09,2.9,1.42,2.2,1.8,23.23
2018/3/10,1323.85,90.09,2.9,1.42,2.2,1.8,23.23
2018/3/11,1323.28,90.12,2.9,1.42,2.2,1.8,23.23
2018/3/12,1326.64,89.89,2.87,1.42,2.2,1.8,23.23
2018/3/13,1325.08,89.69,2.84,1.42,2.2,1.8,23.23
2018/3/14,1316.45,89.71,2.81,1.42,2.2,1.8,23.23
2018/3/15,1313.93,90.13,2.82,1.42,2.2,1.8,23.23
2018/3/16,1313.93,90.23,2.85,1.42,2.2,1.8,23.23
2018/3/17,1313.93,90.23,2.85,1.42,2.2,1.8,23.23
2018/3/18,1317.08,90.23,2.85,1.42,2.2,1.8,23.23
2018/3/19,1311.51,89.9,2.85,1.43,2.2,1.8,23.23
2018/3/20,1332.5,90.39,2.89,1.43,2.2,1.8,23.23
2018/3/21,1329.31,89.64,2.89,1.43,2.2,1.8,23.23
2018/3/22,1348.12,89.69,2.83,1.43,2.2,1.8,23.23
2018/3/23,1348.12,89.48,2.82,1.43,2.2,1.8,23.23
2018/3/24,1348.12,89.48,2.82,1.44,2.2,1.8,23.23
2018/3/25,1353.75,89.5,2.82,1.44,2.2,1.8,23.23
2018/3/26,1345.03,89.02,2.85,1.68,2.2,1.8,23.23
2018/3/27,1325.14,89.33,2.78,1.68,2.2,1.8,23.23
2018/3/28,1325.57,90.08,2.77,1.68,2.4,2,19.79
2018/3/29,1325.57,90.09,2.74,1.68,2.4,2,19.79
2018/3/30,1325.57,89.97,2.74,1.68,2.4,2,19.79
2018/3/31,1325.57,89.97,2.74,1.68,2.4,2,19.79
2018/4/1,1341.58,90,2.74,1.68,2.4,2,19.79
2018/4/2,1333.09,90.07,2.73,1.68,2.4,2,19.79
2018/4/3,1333.54,90.12,2.79,1.67,2.4,2,19.79
2018/4/4,1326.83,90.09,2.79,1.67,2.4,2,19.79
2018/4/5,1333.22,90.36,2.83,1.67,2.4,2,19.79
2018/4/6,1333.22,90.11,2.77,1.68,2.4,2,19.79
2018/4/7,1333.22,90.11,2.77,1.69,2.4,2,19.79
2018/4/8,1336.52,90.18,2.77,1.69,2.4,2,19.79
2018/4/9,1339.87,89.83,2.78,1.69,2.4,2,19.79
2018/4/10,1353.44,89.57,2.8,1.69,2.4,2,19.79
2018/4/11,1335.26,89.5,2.79,1.69,2.4,2,19.79
2018/4/12,1345.39,89.75,2.83,1.69,2.4,2,19.79
2018/4/13,1345.39,89.8,2.82,1.69,2.4,2,19.79
2018/4/14,1345.39,89.8,2.82,1.69,2.4,2,19.79
2018/4/15,1346.1,89.81,2.82,1.69,2.4,2,19.79
2018/4/16,1347.54,89.4,2.83,1.69,2.4,2,19.79
2018/4/17,1349.57,89.49,2.82,1.69,2.4,2,19.79
2018/4/18,1345.85,89.62,2.87,1.69,2.4,2,19.79
2018/4/19,1336.28,89.9,2.92,1.69,2.4,2,19.79
2018/4/20,1336.28,90.32,2.96,1.69,2.4,2,19.79
2018/4/21,1336.28,90.32,2.96,1.69,2.4,2,19.79
2018/4/22,1325.1,90.43,2.96,1.69,2.4,2,19.79
2018/4/23,1330.66,90.93,2.98,1.69,2.4,2,19.79
2018/4/24,1323.61,90.75,3,1.7,2.4,2,19.79
2018/4/25,1317.18,91.19,3.03,1.7,2.4,2,19.79
2018/4/26,1323.64,91.55,3,1.7,2.4,2,19.79
2018/4/27,1323.64,91.53,2.96,1.7,2.4,2,19.79
2018/4/28,1323.64,91.53,2.96,1.7,2.5,2,19.79
2018/4/29,1315.68,91.57,2.96,1.7,2.5,2,19.79
2018/4/30,1304.23,91.81,2.95,1.7,2.5,2,19.79
2018/5/1,1305.13,92.48,2.97,1.7,2.5,2,19.79
2018/5/2,1312.45,92.75,2.97,1.7,2.5,2,19.79
2018/5/3,1315.27,92.42,2.94,1.7,2.5,2,19.79
2018/5/4,1315.27,92.57,2.95,1.69,2.5,2,19.79
2018/5/5,1315.27,92.57,2.95,1.7,2.5,2,19.79
2018/5/6,1314.46,92.62,2.95,1.7,2.5,2,19.79
2018/5/7,1314.68,92.75,2.95,1.7,2.5,2,19.79
2018/5/8,1312.97,93.12,2.97,1.7,2.5,2,19.79
2018/5/9,1321.58,93.04,3,1.7,2.5,2,19.79
2018/5/10,1319.23,92.65,2.97,1.7,2.5,2,19.79
2018/5/11,1319.23,92.54,2.97,1.7,2.5,2,19.79
2018/5/12,1319.23,92.54,2.97,1.7,2.5,2,19.79
2018/5/13,1313.66,92.49,2.97,1.7,2.5,2,19.79
2018/5/14,1290.85,92.59,3,1.7,2.5,2,19.79
2018/5/15,1291.01,93.22,3.08,1.7,2.5,2,19.79
2018/5/16,1291.13,93.39,3.09,1.7,2.5,2,19.79
2018/5/17,1292.69,93.47,3.11,1.7,2.5,2,19.79
2018/5/18,1292.69,93.64,3.06,1.7,2.5,2,19.79
2018/5/19,1292.69,93.64,3.06,1.7,2.5,2,19.79
2018/5/20,1292.92,93.71,3.06,1.7,2.5,2,19.79
2018/5/21,1291.59,93.68,3.06,1.7,2.5,2,19.79
2018/5/22,1293.66,93.61,3.06,1.7,2.5,2,19.79
2018/5/23,1305.11,94,3.01,1.7,2.5,2,19.79
2018/5/24,1301.09,93.76,2.98,1.7,2.5,2,19.79
2018/5/25,1301.09,94.19,2.93,1.7,2.5,2,19.79
2018/5/26,1301.09,94.19,2.93,1.7,2.5,2,19.79
2018/5/27,1298.45,94.09,2.93,1.7,2.5,2,19.79
2018/5/28,1299.51,94.19,2.93,1.7,2.8,2.3,19.79
2018/5/29,1301.69,94.83,2.77,1.7,2.8,2.3,19.79
2018/5/30,1298.51,94.15,2.84,1.7,2.8,2.3,19.79
2018/5/31,1294.06,93.98,2.83,1.7,2.8,2.3,19.79
2018/6/1,1294.06,94.19,2.89,1.7,2.8,2.3,19.79
2018/6/2,1294.06,94.19,2.89,1.7,2.8,2.3,19.79
2018/6/3,1292.25,94.17,2.89,1.7,2.8,2.3,19.79
2018/6/4,1296.7,94.02,2.94,1.7,2.8,2.3,19.79
2018/6/5,1296.81,93.9,2.92,1.7,2.8,2.3,19.79
2018/6/6,1297.4,93.66,2.97,1.7,2.8,2.3,19.79
2018/6/7,1299.16,93.4,2.93,1.7,2.8,2.3,19.79
2018/6/8,1299.16,93.55,2.93,1.7,2.8,2.3,19.79
2018/6/9,1299.16,93.55,2.93,1.7,2.8,2.3,19.79
2018/6/10,1300.55,93.5,2.93,1.7,2.8,2.3,19.79
2018/6/11,1296.06,93.58,2.96,1.7,2.8,2.3,19.79
2018/6/12,1299.79,93.8,2.96,1.7,2.8,2.3,19.79
2018/6/13,1302.39,93.71,2.98,1.7,2.8,2.3,19.79
2018/6/14,1279.98,94.77,2.94,1.7,2.8,2.3,19.79
2018/6/15,1279.98,94.79,2.93,1.7,2.8,2.3,19.79
2018/6/16,1279.98,94.79,2.93,1.7,2.8,2.3,19.79
2018/6/17,1278.64,94.79,2.93,1.7,2.8,2.3,19.79
2018/6/18,1274.81,94.8,2.92,1.9,2.8,2.3,19.79
2018/6/19,1268.24,95.08,2.89,1.9,2.8,2.3,19.79
2018/6/20,1267.39,95.06,2.93,1.9,2.8,2.3,19.79
2018/6/21,1269.85,94.74,2.9,1.9,2.8,2.3,19.79
2018/6/22,1269.85,94.52,2.9,1.9,2.8,2.3,19.79
2018/6/23,1269.85,94.52,2.9,1.91,2.8,2.3,19.79
2018/6/24,1265.76,94.54,2.9,1.92,2.8,2.3,19.79
2018/6/25,1259.13,94.28,2.87,1.92,2.8,2.3,19.79
2018/6/26,1252.29,94.66,2.88,1.92,2.8,2.3,19.79
2018/6/27,1248.48,95.27,2.83,1.92,2.8,2.3,19.79
2018/6/28,1253.34,95.39,2.84,1.92,2.9,2.3,21.93
2018/6/29,1253.34,94.64,2.85,1.92,2.9,2.3,21.93
2018/6/30,1253.34,94.64,2.85,1.92,2.9,2.3,21.93
2018/7/1,1242.2,94.56,2.85,1.91,2.9,2.3,21.93
2018/7/2,1253.22,95.03,2.87,1.91,2.9,2.3,21.93
2018/7/3,1257.11,94.67,2.83,1.91,2.9,2.3,21.93
2018/7/4,1257.97,94.67,2.83,1.91,2.9,2.3,21.93
2018/7/5,1255.73,94.47,2.84,1.91,2.9,2.3,21.93
2018/7/6,1255.73,94.04,2.82,1.91,2.9,2.3,21.93
2018/7/7,1255.73,94.04,2.82,1.91,2.9,2.3,21.93
2018/7/8,1257.94,93.96,2.82,1.91,2.9,2.3,21.93
2018/7/9,1255.83,94.08,2.86,1.91,2.9,2.3,21.93
2018/7/10,1242.41,94.15,2.87,1.91,2.9,2.3,21.93
2018/7/11,1247.34,94.72,2.85,1.91,2.9,2.3,21.93
2018/7/12,1241.31,94.81,2.85,1.91,2.9,2.3,21.93
2018/7/13,1241.31,94.75,2.83,1.91,2.9,2.3,21.93
2018/7/14,1241.31,94.75,2.83,1.91,2.9,2.3,21.93
2018/7/15,1241.15,94.75,2.83,1.91,2.9,2.3,21.93
2018/7/16,1227.93,94.51,2.85,1.91,2.9,2.3,21.93
2018/7/17,1227.76,94.94,2.86,1.91,2.9,2.3,21.93
2018/7/18,1223.06,95.08,2.88,1.91,2.9,2.3,21.93
2018/7/19,1231.62,95.15,2.84,1.91,2.9,2.3,21.93
2018/7/20,1231.62,94.45,2.89,1.91,2.9,2.3,21.93
2018/7/21,1231.62,94.45,2.89,1.91,2.9,2.3,21.93
2018/7/22,1224.78,94.29,2.89,1.91,2.9,2.3,21.93
2018/7/23,1224.77,94.67,2.96,1.91,2.9,2.3,21.93
2018/7/24,1231.86,94.61,2.95,1.91,2.9,2.3,21.93
2018/7/25,1222.87,94.36,2.94,1.91,2.9,2.3,21.93
2018/7/26,1223.19,94.75,2.98,1.91,2.9,2.3,21.93
2018/7/27,1223.19,94.67,2.96,1.91,2.9,2.3,21.93
2018/7/28,1223.19,94.67,2.96,1.91,2.9,2.3,21.93
2018/7/29,1221.73,94.65,2.96,1.91,2.9,2.3,21.93
2018/7/30,1224.06,94.32,2.98,1.91,2.9,2.3,21.93
2018/7/31,1216.27,94.49,2.96,1.91,2.9,2.3,21.93
2018/8/1,1208.14,94.62,3,1.91,2.9,2.3,21.93
2018/8/2,1213.63,95.16,2.98,1.91,2.9,2.3,21.93
2018/8/3,1213.63,95.14,2.95,1.91,2.9,2.3,21.93
2018/8/4,1213.63,95.14,2.95,1.91,2.9,2.3,21.93
2018/8/5,1207.61,95.25,2.95,1.91,2.9,2.3,21.93
2018/8/6,1211.25,95.36,2.94,1.91,2.9,2.3,21.93
2018/8/7,1213.98,95.22,2.98,1.91,2.9,2.3,21.93
2018/8/8,1212.57,95.05,2.96,1.91,2.9,2.3,21.93
2018/8/9,1211.56,95.5,2.93,1.91,2.9,2.3,21.93
2018/8/10,1211.56,96.36,2.87,1.91,2.9,2.3,21.93
2018/8/11,1211.56,96.36,2.87,1.91,2.9,2.3,21.93
2018/8/12,1193.86,96.4,2.87,1.91,2.9,2.3,21.93
2018/8/13,1194.25,96.39,2.88,1.91,2.9,2.3,21.93
2018/8/14,1175.01,96.73,2.89,1.91,2.9,2.3,21.93
2018/8/15,1174.37,96.7,2.86,1.91,2.9,2.3,21.93
2018/8/16,1184.52,96.64,2.87,1.91,2.9,2.3,21.93
2018/8/17,1184.52,96.1,2.87,1.91,2.9,2.3,21.93
2018/8/18,1184.52,96.1,2.87,1.91,2.9,2.3,21.93
2018/8/19,1190.74,96.12,2.87,1.91,2.9,2.3,21.93
2018/8/20,1196.43,95.9,2.82,1.92,2.9,2.3,21.93
2018/8/21,1195.78,95.26,2.85,1.92,2.9,2.3,21.93
2018/8/22,1185.51,95.15,2.82,1.92,2.9,2.3,21.93
2018/8/23,1206.29,95.67,2.82,1.92,2.9,2.3,21.93
2018/8/24,1206.29,95.15,2.82,1.92,2.9,2.3,21.93
2018/8/25,1206.29,95.15,2.82,1.92,2.9,2.3,21.93
2018/8/26,1211.51,95.03,2.82,1.92,2.9,2.3,21.93
2018/8/27,1201.37,94.78,2.85,1.92,2.9,2.3,21.93
2018/8/28,1206.86,94.72,2.88,1.92,2.7,2.2,21.93
2018/8/29,1200.07,94.6,2.89,1.92,2.7,2.2,21.93
2018/8/30,1200.97,94.72,2.86,1.92,2.7,2.2,21.93
2018/8/31,1200.97,95.14,2.86,1.92,2.7,2.2,21.93
2018/9/1,1200.97,95.14,2.86,1.92,2.7,2.2,21.93
2018/9/2,1201.53,95.18,2.86,1.92,2.7,2.2,21.93
2018/9/3,1191.71,95.14,2.86,1.92,2.7,2.2,21.93
2018/9/4,1196.99,95.44,2.9,1.91,2.7,2.2,21.93
2018/9/5,1200.36,95.18,2.9,1.91,2.7,2.2,21.93
2018/9/6,1196.15,95.02,2.88,1.91,2.7,2.2,21.93
2018/9/7,1196.15,95.36,2.94,1.91,2.7,2.2,21.93
2018/9/8,1196.15,95.36,2.94,1.92,2.7,2.2,21.93
2018/9/9,1196.14,95.36,2.94,1.92,2.7,2.2,21.93
2018/9/10,1198.96,95.15,2.94,1.92,2.7,2.2,21.93
2018/9/11,1206.44,95.25,2.98,1.92,2.7,2.2,21.93
2018/9/12,1201.71,94.8,2.97,1.92,2.7,2.2,21.93
2018/9/13,1193.95,94.52,2.97,1.92,2.7,2.2,21.93
2018/9/14,1193.95,94.93,2.99,1.92,2.7,2.2,21.93
2018/9/15,1193.95,94.93,2.99,1.92,2.7,2.2,21.93
2018/9/16,1201.72,94.93,2.99,1.92,2.7,2.2,21.93
2018/9/17,1198.56,94.5,2.99,1.92,2.7,2.2,21.93
2018/9/18,1204.21,94.64,3.05,1.92,2.7,2.2,21.93
2018/9/19,1207.41,94.54,3.08,1.92,2.7,2.2,21.93
2018/9/20,1199.29,93.91,3.07,1.92,2.7,2.2,21.93
2018/9/21,1199.29,94.22,3.07,1.92,2.7,2.2,21.93
2018/9/22,1199.29,94.22,3.07,1.92,2.7,2.2,21.93
2018/9/23,1199.05,94.22,3.07,1.92,2.7,2.2,21.93
2018/9/24,1201.43,94.19,3.08,1.92,2.7,2.2,21.93
2018/9/25,1194.68,94.13,3.1,1.92,2.7,2.2,21.93
2018/9/26,1183.02,94.19,3.06,1.92,2.7,2.2,21.93
2018/9/27,1191.67,94.89,3.06,1.92,2.7,2.2,21.93
2018/9/28,1191.67,95.13,3.05,1.93,2.3,2,23.45
2018/9/29,1191.67,95.13,3.05,1.93,2.3,2,23.45
2018/9/30,1189.41,95.13,3.05,1.93,2.3,2,23.45
2018/10/1,1203.28,95.3,3.09,2.18,2.3,2,23.45
2018/10/2,1197.64,95.51,3.05,2.18,2.3,2,23.45
2018/10/3,1200.11,95.76,3.15,2.18,2.3,2,23.45
2018/10/4,1203.27,95.75,3.19,2.18,2.3,2,23.45
2018/10/5,1203.27,95.62,3.23,2.18,2.3,2,23.45
2018/10/6,1203.27,95.62,3.23,2.18,2.3,2,23.45
2018/10/7,1188.22,95.62,3.23,2.18,2.3,2,23.45
2018/10/8,1190.08,95.76,3.23,2.18,2.3,2,23.45
2018/10/9,1195.07,95.67,3.21,2.18,2.3,2,23.45
2018/10/10,1224.58,95.51,3.22,2.18,2.3,2,23.45
2018/10/11,1217.87,95.02,3.14,2.18,2.3,2,23.45
2018/10/12,1217.87,95.22,3.15,2.18,2.3,2,23.45
2018/10/13,1217.87,95.22,3.15,2.18,2.3,2,23.45
2018/10/14,1227.16,95.33,3.15,2.18,2.3,2,23.45
2018/10/15,1225.06,95.06,3.16,2.18,2.3,2,23.45
2018/10/16,1222.54,95.05,3.16,2.18,2.3,2,23.45
2018/10/17,1226.13,95.58,3.19,2.18,2.3,2,23.45
2018/10/18,1226.93,95.9,3.17,2.18,2.3,2,23.45
2018/10/19,1226.93,95.71,3.2,2.18,2.3,2,23.45
2018/10/20,1226.93,95.71,3.2,2.18,2.3,2,23.45
2018/10/21,1222.31,95.68,3.2,2.19,2.3,2,23.45
2018/10/22,1230.4,96.01,3.2,2.19,2.3,2,23.45
2018/10/23,1234.46,95.96,3.17,2.19,2.3,2,23.45
2018/10/24,1232.5,96.43,3.1,2.19,2.3,2,23.45
2018/10/25,1234.21,96.68,3.14,2.19,2.3,2,23.45
2018/10/26,1234.21,96.36,3.08,2.19,2.3,2,23.45
2018/10/27,1234.21,96.36,3.08,2.2,2.3,2,23.45
2018/10/28,1229.66,96.43,3.08,2.2,2.5,2.1,23.45
2018/10/29,1223.22,96.58,3.08,2.2,2.5,2.1,23.45
2018/10/30,1215.01,97.01,3.12,2.2,2.5,2.1,23.45
2018/10/31,1233.8,97.13,3.15,2.2,2.5,2.1,23.45
2018/11/1,1233.12,96.28,3.14,2.2,2.5,2.1,23.45
2018/11/2,1233.12,96.54,3.22,2.2,2.5,2.1,23.45
2018/11/3,1233.12,96.54,3.22,2.2,2.5,2.1,23.45
2018/11/4,1231.91,96.4,3.22,2.2,2.5,2.1,23.45
2018/11/5,1227.73,96.28,3.2,2.2,2.5,2.1,23.45
2018/11/6,1227.27,96.32,3.22,2.19,2.5,2.1,23.45
2018/11/7,1224.24,96,3.22,2.19,2.5,2.1,23.45
2018/11/8,1209.67,96.72,3.24,2.19,2.5,2.1,23.45
2018/11/9,1209.67,96.91,3.19,2.2,2.5,2.1,23.45
2018/11/10,1209.67,96.91,3.19,2.2,2.5,2.1,23.45
2018/11/11,1200.94,97,3.19,2.2,2.5,2.1,23.45
2018/11/12,1202.41,97.54,3.19,2.2,2.5,2.1,23.45
2018/11/13,1211.68,97.3,3.14,2.19,2.5,2.1,23.45
2018/11/14,1214.09,96.8,3.12,2.19,2.5,2.1,23.45
2018/11/15,1221.68,96.93,3.11,2.19,2.5,2.1,23.45
2018/11/16,1221.68,96.47,3.08,2.19,2.5,2.1,23.45
2018/11/17,1221.68,96.47,3.08,2.2,2.5,2.1,23.45
2018/11/18,1224.36,96.43,3.08,2.2,2.5,2.1,23.45
2018/11/19,1221.87,96.19,3.06,2.2,2.5,2.1,23.45
2018/11/20,1226.24,96.84,3.06,2.2,2.5,2.1,23.45
2018/11/21,1227.76,96.71,3.06,2.2,2.5,2.1,23.45
2018/11/22,1224.85,96.71,3.06,2.2,2.5,2.1,23.45
2018/11/23,1224.85,96.92,3.05,2.2,2.5,2.1,23.45
2018/11/24,1224.85,96.92,3.05,2.2,2.5,2.1,23.45
2018/11/25,1222.56,96.93,3.05,2.2,2.5,2.1,23.45
2018/11/26,1215.3,97.07,3.07,2.2,2.5,2.1,23.45
2018/11/27,1221.37,97.37,3.06,2.2,2.5,2.1,23.45
2018/11/28,1224.71,96.79,3.06,2.2,2.2,1.9,23.45
2018/11/29,1222.03,96.78,3.03,2.2,2.2,1.9,23.45
2018/11/30,1222.03,97.27,3.01,2.2,2.2,1.9,23.45
2018/12/1,1222.03,97.27,3.01,2.2,2.2,1.9,23.45
2018/12/2,1230.96,97.07,3.01,2.2,2.2,1.9,23.45
2018/12/3,1238.71,97.04,2.98,2.2,2.2,1.9,23.45
2018/12/4,1237.37,96.97,2.91,2.2,2.2,1.9,23.45
2018/12/5,1238.16,97.07,2.91,2.2,2.2,1.9,23.45
2018/12/6,1248.21,96.81,2.87,2.2,2.2,1.9,23.45
2018/12/7,1248.21,96.51,2.85,2.19,2.2,1.9,23.45
2018/12/8,1248.21,96.51,2.85,2.2,2.2,1.9,23.45
2018/12/9,1245.24,96.68,2.85,2.2,2.2,1.9,23.45
2018/12/10,1243.82,97.22,2.85,2.2,2.2,1.9,23.45
2018/12/11,1246.31,97.39,2.89,2.19,2.2,1.9,23.45
2018/12/12,1242.71,97.04,2.91,2.19,2.2,1.9,23.45
2018/12/13,1238.43,97.06,2.91,2.19,2.2,1.9,23.45
2018/12/14,1238.43,97.44,2.89,2.2,2.2,1.9,23.45
2018/12/15,1238.43,97.44,2.89,2.19,2.2,1.9,23.45
2018/12/16,1246.65,97.44,2.89,2.19,2.2,1.9,23.45
2018/12/17,1250.34,97.1,2.86,2.19,2.2,1.9,23.45
2018/12/18,1243.28,97.1,2.82,2.19,2.2,1.9,23.45
2018/12/19,1259.99,97.03,2.77,2.19,2.2,1.9,23.45
2018/12/20,1255.93,96.28,2.79,2.19,2.2,1.9,23.45
2018/12/21,1255.93,96.96,2.79,2.2,2.2,1.9,23.45
2018/12/22,1255.93,96.96,2.79,2.2,2.2,1.9,23.45
2018/12/23,1269.91,96.89,2.79,2.2,2.2,1.9,23.45
2018/12/24,1269.91,96.55,2.74,2.4,2.2,1.9,23.45
2018/12/25,1267.23,96.55,2.74,2.4,2.2,1.9,23.45
2018/12/26,1276.05,97.05,2.81,2.4,2.2,1.9,23.45
2018/12/27,1280.9,96.48,2.77,2.4,2.2,1.9,23.45
2018/12/28,1280.9,96.4,2.72,2.4,1.9,1.9,25.88
2018/12/29,1280.9,96.4,2.72,2.4,1.9,1.9,25.88
2018/12/30,1280.27,96.4,2.72,2.4,1.9,1.9,25.88
2018/12/31,1280.27,96.17,2.69,2.4,1.9,1.9,25.88
2019/1/1,1284.74,96.17,2.69,2.4,1.9,1.9,25.88
2019/1/2,1294.48,96.82,2.66,2.4,1.9,1.9,25.88
2019/1/3,1285.12,96.31,2.56,2.4,1.9,1.9,25.88
2019/1/4,1285.12,96.18,2.67,2.4,1.9,1.9,25.88
2019/1/5,1285.12,96.18,2.67,2.4,1.9,1.9,25.88
2019/1/6,1289.95,96.12,2.67,2.4,1.9,1.9,25.88
2019/1/7,1285.64,95.67,2.7,2.4,1.9,1.9,25.88
2019/1/8,1293.52,95.9,2.73,2.4,1.9,1.9,25.88
2019/1/9,1286.77,95.22,2.74,2.4,1.9,1.9,25.88
2019/1/10,1287.95,95.54,2.74,2.4,1.9,1.9,25.88
2019/1/11,1287.95,95.67,2.71,2.4,1.9,1.9,25.88
2019/1/12,1287.95,95.67,2.71,2.4,1.9,1.9,25.88
2019/1/13,1291.86,95.69,2.71,2.4,1.9,1.9,25.88
2019/1/14,1290.16,95.61,2.71,2.4,1.9,1.9,25.88
2019/1/15,1293.94,96.04,2.72,2.4,1.9,1.9,25.88
2019/1/16,1292.23,96.06,2.73,2.4,1.9,1.9,25.88
2019/1/17,1281.56,96.06,2.75,2.4,1.9,1.9,25.88
2019/1/18,1281.56,96.34,2.79,2.4,1.9,1.9,25.88
2019/1/19,1281.56,96.34,2.79,2.4,1.9,1.9,25.88
2019/1/20,1280.43,96.37,2.79,2.4,1.9,1.9,25.88
2019/1/21,1285.31,96.34,2.79,2.4,1.9,1.9,25.88
2019/1/22,1282.92,96.3,2.74,2.4,1.9,1.9,25.88
2019/1/23,1281.34,96.12,2.76,2.4,1.9,1.9,25.88
2019/1/24,1303.31,96.6,2.72,2.4,1.9,1.9,25.88
2019/1/25,1303.31,95.79,2.76,2.4,1.9,1.9,25.88
2019/1/26,1303.31,95.79,2.76,2.4,1.9,1.9,25.88
2019/1/27,1304.11,95.76,2.76,2.4,1.9,1.9,25.88
2019/1/28,1312.1,95.75,2.75,2.4,1.6,1.4,25.88
2019/1/29,1319.9,95.82,2.72,2.4,1.6,1.4,25.88
2019/1/30,1321.61,95.34,2.7,2.4,1.6,1.4,25.88
2019/1/31,1318.15,95.58,2.63,2.4,1.6,1.4,25.88
2019/2/1,1318.15,95.58,2.7,2.4,1.6,1.4,25.88
2019/2/2,1318.15,95.58,2.7,2.4,1.6,1.4,25.88
2019/2/3,1312.35,95.61,2.7,2.4,1.6,1.4,25.88
2019/2/4,1315.49,95.85,2.73,2.4,1.6,1.4,25.88
2019/2/5,1306.75,96.07,2.71,2.4,1.6,1.4,25.88
2019/2/6,1310.66,96.39,2.7,2.4,1.6,1.4,25.88
2019/2/7,1314.16,96.51,2.65,2.4,1.6,1.4,25.88
2019/2/8,1314.16,96.64,2.63,2.4,1.6,1.4,25.88
2019/2/9,1314.16,96.64,2.63,2.4,1.6,1.4,25.88
2019/2/10,1308.4,96.64,2.63,2.4,1.6,1.4,25.88
2019/2/11,1311.04,97.06,2.65,2.4,1.6,1.4,25.88
2019/2/12,1306.39,96.71,2.68,2.4,1.6,1.4,25.88
2019/2/13,1312.66,97.13,2.71,2.4,1.6,1.4,25.88
2019/2/14,1321.53,96.98,2.66,2.4,1.6,1.4,25.88
2019/2/15,1321.53,96.9,2.66,2.4,1.6,1.4,25.88
2019/2/16,1321.53,96.9,2.66,2.4,1.6,1.4,25.88
2019/2/17,1327.15,96.9,2.66,2.4,1.6,1.4,25.88
2019/2/18,1341.31,96.9,2.66,2.4,1.6,1.4,25.88
2019/2/19,1339.32,96.52,2.65,2.4,1.6,1.4,25.88
2019/2/20,1323.56,96.45,2.65,2.4,1.6,1.4,25.88
2019/2/21,1327.96,96.61,2.69,2.4,1.6,1.4,25.88
2019/2/22,1327.96,96.51,2.65,2.4,1.6,1.4,25.88
2019/2/23,1327.96,96.51,2.65,2.4,1.6,1.4,25.88
2019/2/24,1327.66,96.48,2.65,2.4,1.6,1.4,25.88
2019/2/25,1329.18,96.41,2.67,2.4,1.6,1.4,25.88
2019/2/26,1320.07,96,2.64,2.4,1.6,1.4,25.88
2019/2/27,1313.39,96.15,2.69,2.4,1.6,1.4,25.88
2019/2/28,1293.35,96.16,2.73,2.4,1.5,1.4,25.88
2019/3/1,1293.35,96.53,2.76,2.4,1.5,1.4,25.88
2019/3/2,1293.35,96.53,2.76,2.4,1.5,1.4,25.88
2019/3/3,1286.88,96.37,2.76,2.4,1.5,1.4,25.88
2019/3/4,1288.65,96.68,2.72,2.4,1.5,1.4,25.88
2019/3/5,1286.64,96.87,2.72,2.4,1.5,1.4,25.88
2019/3/6,1285.84,96.87,2.69,2.4,1.5,1.4,25.88
2019/3/7,1298.49,97.67,2.64,2.4,1.5,1.4,25.88
2019/3/8,1298.49,97.31,2.62,2.4,1.5,1.4,25.88
2019/3/9,1298.49,97.31,2.62,2.4,1.5,1.4,25.88
2019/3/10,1293.69,97.4,2.62,2.4,1.5,1.4,25.88
2019/3/11,1301.76,97.22,2.64,2.4,1.5,1.4,25.88
2019/3/12,1309.26,96.94,2.61,2.4,1.5,1.4,25.88
2019/3/13,1296.37,96.55,2.61,2.4,1.5,1.4,25.88
2019/3/14,1302.49,96.78,2.63,2.4,1.5,1.4,25.88
2019/3/15,1302.49,96.59,2.59,2.4,1.5,1.4,25.88
2019/3/16,1302.49,96.59,2.59,2.4,1.5,1.4,25.88
2019/3/17,1303.85,96.59,2.59,2.4,1.5,1.4,25.88
2019/3/18,1306.7,96.52,2.6,2.4,1.5,1.4,25.88
2019/3/19,1312.75,96.38,2.61,2.4,1.5,1.4,25.88
2019/3/20,1309.59,95.76,2.54,2.4,1.5,1.4,25.88
2019/3/21,1313.43,96.5,2.54,2.4,1.5,1.4,25.88
2019/3/22,1313.43,96.65,2.44,2.4,1.5,1.4,25.88
2019/3/23,1313.43,96.65,2.44,2.4,1.5,1.4,25.88
2019/3/24,1322.07,96.65,2.44,2.41,1.5,1.4,25.88
2019/3/25,1315.84,96.57,2.43,2.41,1.5,1.4,25.88
2019/3/26,1310.36,96.74,2.41,2.41,1.5,1.4,25.88
2019/3/27,1290.61,96.77,2.39,2.41,1.5,1.4,25.88
2019/3/28,1292.35,97.2,2.39,2.41,1.9,1.5,21.72
2019/3/29,1292.35,97.28,2.41,2.4,1.9,1.5,21.72
2019/3/30,1292.35,97.28,2.41,2.4,1.9,1.5,21.72
2019/3/31,1287.94,97.24,2.41,2.41,1.9,1.5,21.72
2019/4/1,1292.75,97.23,2.49,2.41,1.9,1.5,21.72
2019/4/2,1290.22,97.36,2.48,2.43,1.9,1.5,21.72
2019/4/3,1292.44,97.09,2.52,2.43,1.9,1.5,21.72
2019/4/4,1291.78,97.31,2.51,2.43,1.9,1.5,21.72
2019/4/5,1291.78,97.39,2.5,2.41,1.9,1.5,21.72
2019/4/6,1291.78,97.39,2.5,2.41,1.9,1.5,21.72
2019/4/7,1297.76,97.39,2.5,2.41,1.9,1.5,21.72
2019/4/8,1304.76,97.05,2.52,2.41,1.9,1.5,21.72
2019/4/9,1308.28,97.01,2.51,2.41,1.9,1.5,21.72
2019/4/10,1292.85,96.95,2.48,2.41,1.9,1.5,21.72
2019/4/11,1291.05,97.18,2.51,2.41,1.9,1.5,21.72
2019/4/12,1291.05,96.97,2.56,2.41,1.9,1.5,21.72
2019/4/13,1291.05,96.97,2.56,2.41,1.9,1.5,21.72
2019/4/14,1288.11,96.92,2.56,2.41,1.9,1.5,21.72
2019/4/15,1277.25,96.94,2.55,2.41,1.9,1.5,21.72
2019/4/16,1274.29,97.04,2.6,2.41,1.9,1.5,21.72
2019/4/17,1275.91,97.01,2.59,2.41,1.9,1.5,21.72
2019/4/18,1275.91,97.47,2.57,2.41,1.9,1.5,21.72
2019/4/19,1275.91,97.38,2.57,2.41,1.9,1.5,21.72
2019/4/20,1275.91,97.38,2.57,2.41,1.9,1.5,21.72
2019/4/21,1275.1,97.37,2.57,2.42,1.9,1.5,21.72
2019/4/22,1272.66,97.29,2.59,2.43,1.9,1.5,21.72
2019/4/23,1275.95,97.64,2.57,2.44,1.9,1.5,21.72
2019/4/24,1277.54,98.17,2.53,2.44,1.9,1.5,21.72
2019/4/25,1286.01,98.2,2.54,2.44,1.9,1.5,21.72
2019/4/26,1286.01,98.01,2.51,2.44,1.9,1.5,21.72
2019/4/27,1286.01,98.01,2.51,2.44,1.9,1.5,21.72
2019/4/28,1280.05,98.04,2.51,2.44,2,1.6,21.72
2019/4/29,1284.24,97.86,2.54,2.44,2,1.6,21.72
2019/4/30,1277.4,97.48,2.51,2.44,2,1.6,21.72
2019/5/1,1271.26,97.69,2.52,2.44,2,1.6,21.72
2019/5/2,1279.07,97.83,2.55,2.44,2,1.6,21.72
2019/5/3,1279.07,97.48,2.54,2.45,2,1.6,21.72
2019/5/4,1279.07,97.48,2.54,2.45,2,1.6,21.72
2019/5/5,1281.1,97.56,2.54,2.45,2,1.6,21.72
2019/5/6,1284.68,97.52,2.51,2.41,2,1.6,21.72
2019/5/7,1281.68,97.63,2.45,2.4,2,1.6,21.72
2019/5/8,1284.72,97.62,2.49,2.4,2,1.6,21.72
2019/5/9,1286.17,97.37,2.45,2.4,2,1.6,21.72
2019/5/10,1286.17,97.33,2.47,2.4,2,1.6,21.72
2019/5/11,1286.17,97.33,2.47,2.4,2,1.6,21.72
2019/5/12,1300.04,97.29,2.47,2.39,2,1.6,21.72
2019/5/13,1297.25,97.32,2.4,2.38,2,1.6,21.72
2019/5/14,1296.85,97.53,2.42,2.38,2,1.6,21.72
2019/5/15,1287.16,97.57,2.37,2.38,2,1.6,21.72
2019/5/16,1277.95,97.86,2.4,2.38,2,1.6,21.72
2019/5/17,1277.95,98,2.39,2.38,2,1.6,21.72
2019/5/18,1277.95,98,2.39,2.38,2,1.6,21.72
2019/5/19,1278.16,97.97,2.39,2.4,2,1.6,21.72
2019/5/20,1275.25,97.93,2.41,2.39,2,1.6,21.72
2019/5/21,1273.58,98.06,2.43,2.39,2,1.6,21.72
2019/5/22,1283.8,98.04,2.39,2.39,2,1.6,21.72
2019/5/23,1285.09,97.86,2.31,2.39,2,1.6,21.72
2019/5/24,1285.09,97.61,2.32,2.39,2,1.6,21.72
2019/5/25,1285.09,97.61,2.32,2.39,2,1.6,21.72
2019/5/26,1285.32,97.59,2.32,2.38,2,1.6,21.72
2019/5/27,1279.61,97.61,2.32,2.38,2,1.6,21.72
2019/5/28,1280.46,97.95,2.26,2.38,1.8,1.5,21.72
2019/5/29,1288.6,98.14,2.25,2.38,1.8,1.5,21.72
2019/5/30,1305.45,98.14,2.22,2.38,1.8,1.5,21.72
2019/5/31,1305.45,97.75,2.14,2.38,1.8,1.5,21.72
2019/6/1,1305.45,97.75,2.14,2.39,1.8,1.5,21.72
2019/6/2,1325.43,97.75,2.14,2.39,1.8,1.5,21.72
2019/6/3,1326.06,97.14,2.07,2.39,1.8,1.5,21.72
2019/6/4,1331.03,97.07,2.12,2.4,1.8,1.5,21.72
2019/6/5,1336.68,97.32,2.12,2.4,1.8,1.5,21.72
2019/6/6,1340.99,97.04,2.12,2.4,1.8,1.5,21.72
2019/6/7,1340.99,96.54,2.09,2.38,1.8,1.5,21.72
2019/6/8,1340.99,96.54,2.09,2.38,1.8,1.5,21.72
2019/6/9,1328.22,96.71,2.09,2.38,1.8,1.5,21.72
2019/6/10,1327.26,96.76,2.15,2.37,1.8,1.5,21.72
2019/6/11,1334.2,96.69,2.15,2.37,1.8,1.5,21.72
2019/6/12,1342.24,97,2.13,2.37,1.8,1.5,21.72
2019/6/13,1341.47,97.01,2.1,2.37,1.8,1.5,21.72
2019/6/14,1341.47,97.57,2.09,2.37,1.8,1.5,21.72
2019/6/15,1341.47,97.57,2.09,2.37,1.8,1.5,21.72
2019/6/16,1340.06,97.51,2.09,2.37,1.8,1.5,21.72
2019/6/17,1347.06,97.56,2.09,2.37,1.8,1.5,21.72
2019/6/18,1360.68,97.64,2.06,2.36,1.8,1.5,21.72
2019/6/19,1389.05,97.12,2.03,2.36,1.8,1.5,21.72
2019/6/20,1399.22,96.63,2.01,2.36,1.8,1.5,21.72
2019/6/21,1399.22,96.22,2.07,2.38,1.8,1.5,21.72
2019/6/22,1399.22,96.22,2.07,2.37,1.8,1.5,21.72
2019/6/23,1420.32,96.11,2.07,2.37,1.8,1.5,21.72
2019/6/24,1424.05,95.98,2.02,2.37,1.8,1.5,21.72
2019/6/25,1409.33,96.14,2,2.38,1.8,1.5,21.72
2019/6/26,1410.39,96.21,2.05,2.38,1.8,1.5,21.72
2019/6/27,1410.19,96.19,2.01,2.38,1.8,1.5,21.72
2019/6/28,1410.19,96.13,2,2.38,1.6,1.4,24.15
2019/6/29,1410.19,96.13,2,2.38,1.6,1.4,24.15
2019/6/30,1410.19,96.32,2,2.38,1.6,1.4,24.15
2019/7/1,1418.6,96.84,2.03,2.38,1.6,1.4,24.15
2019/7/2,1419.26,96.73,1.98,2.4,1.6,1.4,24.15
2019/7/3,1416.35,96.77,1.96,2.4,1.6,1.4,24.15
2019/7/4,1399.06,96.77,1.96,2.4,1.6,1.4,24.15
2019/7/5,1399.06,97.29,2.04,2.39,1.6,1.4,24.15
2019/7/6,1399.06,97.29,2.04,2.4,1.6,1.4,24.15
2019/7/7,1395.53,97.24,2.04,2.41,1.6,1.4,24.15
2019/7/8,1397.86,97.38,2.05,2.41,1.6,1.4,24.15
2019/7/9,1419.13,97.49,2.07,2.42,1.6,1.4,24.15
2019/7/10,1404.26,97.1,2.07,2.42,1.6,1.4,24.15
2019/7/11,1415.83,97.05,2.13,2.42,1.6,1.4,24.15
2019/7/12,1415.83,96.81,2.12,2.41,1.6,1.4,24.15
2019/7/13,1415.83,96.81,2.12,2.41,1.6,1.4,24.15
2019/7/14,1414.18,96.81,2.12,2.41,1.6,1.4,24.15
2019/7/15,1406.01,96.93,2.09,2.4,1.6,1.4,24.15
2019/7/16,1426.48,97.39,2.13,2.38,1.6,1.4,24.15
2019/7/17,1446.76,97.22,2.06,2.38,1.6,1.4,24.15
2019/7/18,1425.61,96.79,2.04,2.38,1.6,1.4,24.15
2019/7/19,1425.61,97.15,2.05,2.4,1.6,1.4,24.15
2019/7/20,1425.61,97.15,2.05,2.41,1.6,1.4,24.15
2019/7/21,1425.03,97.15,2.05,2.41,1.6,1.4,24.15
2019/7/22,1417.79,97.26,2.05,2.41,1.6,1.4,24.15
2019/7/23,1425.79,97.7,2.08,2.41,1.6,1.4,24.15
2019/7/24,1414.5,97.73,2.05,2.41,1.6,1.4,24.15
2019/7/25,1418.58,97.82,2.08,2.41,1.6,1.4,24.15
2019/7/26,1418.58,98.01,2.08,2.4,1.6,1.4,24.15
2019/7/27,1418.58,98.01,2.08,2.4,1.6,1.4,24.15
2019/7/28,1427.17,97.98,2.08,2.4,1.8,1.5,24.15
2019/7/29,1430.98,98.04,2.06,2.4,1.8,1.5,24.15
2019/7/30,1413.16,98.05,2.06,2.4,1.8,1.5,24.15
2019/7/31,1445.1,98.52,2.02,2.4,1.8,1.5,24.15
2019/8/1,1440.78,98.37,1.9,2.4,1.8,1.5,24.15
2019/8/2,1440.78,98.07,1.86,2.4,1.8,1.5,24.15
2019/8/3,1440.78,98.07,1.86,2.39,1.8,1.5,24.15
2019/8/4,1464.03,98.1,1.86,2.4,1.8,1.5,24.15
2019/8/5,1474.76,97.52,1.75,2.14,1.8,1.5,24.15
2019/8/6,1501.56,97.63,1.73,2.14,1.8,1.5,24.15
2019/8/7,1501.21,97.54,1.71,2.13,1.8,1.5,24.15
2019/8/8,1497.67,97.62,1.72,2.13,1.8,1.5,24.15
2019/8/9,1497.67,97.49,1.74,2.12,1.8,1.5,24.15
2019/8/10,1497.67,97.49,1.74,2.12,1.8,1.5,24.15
2019/8/11,1511.83,97.5,1.74,2.12,1.8,1.5,24.15
2019/8/12,1501.66,97.38,1.65,2.12,1.8,1.5,24.15
2019/8/13,1519.77,97.81,1.68,2.12,1.8,1.5,24.15
2019/8/14,1523.37,97.99,1.59,2.12,1.8,1.5,24.15
2019/8/15,1512.48,98.14,1.52,2.12,1.8,1.5,24.15
2019/8/16,1512.48,98.14,1.55,2.12,1.8,1.5,24.15
2019/8/17,1512.48,98.14,1.55,2.13,1.8,1.5,24.15
2019/8/18,1496.15,98.2,1.55,2.13,1.8,1.5,24.15
2019/8/19,1507.95,98.35,1.6,2.13,1.8,1.5,24.15
2019/8/20,1502.96,98.19,1.55,2.13,1.8,1.5,24.15
2019/8/21,1498.37,98.3,1.59,2.13,1.8,1.5,24.15
2019/8/22,1526.45,98.17,1.62,2.13,1.8,1.5,24.15
2019/8/23,1526.45,97.64,1.52,2.12,1.8,1.5,24.15
2019/8/24,1526.45,97.64,1.52,2.12,1.8,1.5,24.15
2019/8/25,1527.37,97.64,1.52,2.12,1.8,1.5,24.15
2019/8/26,1542.94,98.08,1.54,2.12,1.8,1.5,24.15
2019/8/27,1541.19,98,1.49,2.12,1.8,1.5,24.15
2019/8/28,1527.86,98.21,1.47,2.12,1.7,1.4,24.15
2019/8/29,1523.15,98.51,1.5,2.12,1.7,1.4,24.15
2019/8/30,1523.15,98.92,1.5,2.12,1.7,1.4,24.15
2019/8/31,1523.15,98.92,1.5,2.12,1.7,1.4,24.15
2019/9/1,1529.6,98.92,1.5,2.13,1.7,1.4,24.15
2019/9/2,1547.86,98.92,1.5,2.13,1.7,1.4,24.15
2019/9/3,1552.81,99,1.47,2.13,1.7,1.4,24.15
2019/9/4,1546.17,98.45,1.47,2.13,1.7,1.4,24.15
2019/9/5,1546.17,98.41,1.57,2.13,1.7,1.4,24.15
2019/9/6,1507.64,98.39,1.55,2.13,1.7,1.4,24.15
2019/9/7,1507.64,98.39,1.55,2.13,1.7,1.4,24.15
2019/9/8,1507.64,98.46,1.55,2.12,1.7,1.4,24.15
2019/9/9,1499.1,98.28,1.63,2.12,1.7,1.4,24.15
2019/9/10,1485.73,98.33,1.72,2.12,1.7,1.4,24.15
2019/9/11,1497.01,98.64,1.75,2.13,1.7,1.4,24.15
2019/9/12,1499.51,98.31,1.79,2.13,1.7,1.4,24.15
2019/9/13,1489.21,98.26,1.9,2.13,1.7,1.4,24.15
2019/9/14,1489.21,98.26,1.9,2.13,1.7,1.4,24.15
2019/9/15,1489.21,98.05,1.9,2.14,1.7,1.4,24.15
2019/9/16,1498.45,98.61,1.84,2.14,1.7,1.4,24.15
2019/9/17,1502.69,98.26,1.81,2.14,1.7,1.4,24.15
2019/9/18,1494.38,98.56,1.8,2.25,1.7,1.4,24.15
2019/9/19,1499.19,98.27,1.79,2.3,1.7,1.4,24.15
2019/9/20,1516.59,98.51,1.74,2.25,1.7,1.4,24.15
2019/9/21,1516.59,98.51,1.74,1.9,1.7,1.4,24.15
2019/9/22,1516.59,98.49,1.74,1.9,1.7,1.4,24.15
2019/9/23,1522.4,98.6,1.72,1.9,1.7,1.4,24.15
2019/9/24,1532.48,98.34,1.64,1.9,1.7,1.4,24.15
2019/9/25,1503.83,99.04,1.73,1.9,1.7,1.4,24.15
2019/9/26,1504.78,99.13,1.7,1.9,1.7,1.4,24.15
2019/9/27,1497.02,99.11,1.69,1.9,1.7,1.4,24.15
2019/9/28,1497.02,99.11,1.69,1.85,1.7,1.3,25.1
2019/9/29,1497.02,99.1,1.69,1.83,1.7,1.3,25.1
2019/9/30,1472.79,99.38,1.68,1.83,1.7,1.3,25.1
2019/10/1,1479.33,99.13,1.65,1.83,1.7,1.3,25.1
2019/10/2,1500.11,99.02,1.6,1.9,1.7,1.3,25.1
2019/10/3,1505.25,98.86,1.54,1.88,1.7,1.3,25.1
2019/10/4,1504.28,98.81,1.52,1.85,1.7,1.3,25.1
2019/10/5,1504.28,98.81,1.52,1.83,1.7,1.3,25.1
2019/10/6,1504.28,98.78,1.52,1.82,1.7,1.3,25.1
2019/10/7,1493.48,98.97,1.56,1.82,1.7,1.3,25.1
2019/10/8,1493.64,99.13,1.54,1.82,1.7,1.3,25.1
2019/10/9,1505.9,99.12,1.59,1.82,1.7,1.3,25.1
2019/10/10,1493.76,98.7,1.67,1.82,1.7,1.3,25.1
2019/10/11,1487.36,98.3,1.76,1.82,1.7,1.3,25.1
2019/10/12,1487.36,98.3,1.76,1.82,1.7,1.3,25.1
2019/10/13,1487.36,98.43,1.76,1.82,1.7,1.3,25.1
2019/10/14,1493.36,98.45,1.76,1.82,1.7,1.3,25.1
2019/10/15,1481.25,98.29,1.77,1.82,1.7,1.3,25.1
2019/10/16,1483.23,98,1.75,1.82,1.7,1.3,25.1
2019/10/17,1492.33,97.61,1.76,1.9,1.7,1.3,25.1
2019/10/18,1490.39,97.28,1.76,1.85,1.7,1.3,25.1
2019/10/19,1490.39,97.28,1.76,1.85,1.7,1.3,25.1
2019/10/20,1490.39,97.35,1.76,1.85,1.7,1.3,25.1
2019/10/21,1484.64,97.33,1.8,1.85,1.7,1.3,25.1
2019/10/22,1487.8,97.53,1.78,1.85,1.7,1.3,25.1
2019/10/23,1492.15,97.49,1.77,1.85,1.7,1.3,25.1
2019/10/24,1504.03,97.63,1.77,1.85,1.7,1.3,25.1
2019/10/25,1504.61,97.83,1.8,1.85,1.7,1.3,25.1
2019/10/26,1504.61,97.83,1.8,1.83,1.7,1.3,25.1
2019/10/27,1504.61,97.82,1.8,1.83,1.7,1.3,25.1
2019/10/28,1492.72,97.76,1.85,1.83,1.8,1.3,25.1
2019/10/29,1487.98,97.69,1.84,1.83,1.8,1.3,25.1
2019/10/30,1496.01,97.65,1.78,1.82,1.8,1.3,25.1
2019/10/31,1494.31,97.35,1.69,1.82,1.8,1.3,25.1
2019/11/1,1514.1,97.24,1.73,1.58,1.8,1.3,25.1
2019/11/2,1514.1,97.24,1.73,1.57,1.8,1.3,25.1
2019/11/3,1514.1,97.21,1.73,1.57,1.8,1.3,25.1
2019/11/4,1509.79,97.5,1.79,1.57,1.8,1.3,25.1
2019/11/5,1483.79,97.98,1.86,1.56,1.8,1.3,25.1
2019/11/6,1490.72,97.95,1.81,1.56,1.8,1.3,25.1
2019/11/7,1491.04,98.14,1.92,1.55,1.8,1.3,25.1
2019/11/8,1469.06,98.35,1.94,1.55,1.8,1.3,25.1
2019/11/9,1469.06,98.35,1.94,1.55,1.8,1.3,25.1
2019/11/10,1469.06,98.36,1.94,1.55,1.8,1.3,25.1
2019/11/11,1456.17,98.2,1.94,1.55,1.8,1.3,25.1
2019/11/12,1456.46,98.31,1.92,1.55,1.8,1.3,25.1
2019/11/13,1463.65,98.37,1.88,1.55,1.8,1.3,25.1
2019/11/14,1471.49,98.16,1.82,1.55,1.8,1.3,25.1
2019/11/15,1468.25,98,1.84,1.55,1.8,1.3,25.1
2019/11/16,1468.25,98,1.84,1.55,1.8,1.3,25.1
2019/11/17,1468.25,97.95,1.84,1.55,1.8,1.3,25.1
2019/11/18,1468.25,97.79,1.81,1.55,1.8,1.3,25.1
2019/11/19,1472.68,97.86,1.79,1.55,1.8,1.3,25.1
2019/11/20,1471.79,97.93,1.73,1.55,1.8,1.3,25.1
2019/11/21,1464.64,97.99,1.77,1.55,1.8,1.3,25.1
2019/11/22,1462.56,98.27,1.77,1.55,1.8,1.3,25.1
2019/11/23,1462.56,98.27,1.77,1.55,1.8,1.3,25.1
2019/11/24,1462.56,98.26,1.77,1.55,1.8,1.3,25.1
2019/11/25,1455.35,98.32,1.76,1.55,1.8,1.3,25.1
2019/11/26,1461.59,98.25,1.74,1.55,1.8,1.3,25.1
2019/11/27,1454.62,98.37,1.77,1.55,1.8,1.3,25.1
2019/11/28,1455.86,98.32,1.77,1.55,2.1,1.4,25.1
2019/11/29,1464.27,98.27,1.78,1.55,2.1,1.4,25.1
2019/11/30,1464.27,98.27,1.78,1.56,2.1,1.4,25.1
2019/12/1,1464.27,98.3,1.78,1.56,2.1,1.4,25.1
2019/12/2,1462.58,97.86,1.83,1.56,2.1,1.4,25.1
2019/12/3,1477.66,97.74,1.72,1.56,2.1,1.4,25.1
2019/12/4,1475.88,97.65,1.77,1.55,2.1,1.4,25.1
2019/12/5,1476.11,97.41,1.8,1.55,2.1,1.4,25.1
2019/12/6,1460.06,97.7,1.84,1.55,2.1,1.4,25.1
2019/12/7,1460.06,97.7,1.84,1.55,2.1,1.4,25.1
2019/12/8,1460.06,97.69,1.84,1.55,2.1,1.4,25.1
2019/12/9,1461.77,97.64,1.83,1.55,2.1,1.4,25.1
2019/12/10,1464.49,97.41,1.85,1.55,2.1,1.4,25.1
2019/12/11,1475.05,97.08,1.79,1.55,2.1,1.4,25.1
2019/12/12,1470.08,97.4,1.9,1.55,2.1,1.4,25.1
2019/12/13,1475.68,97.17,1.82,1.55,2.1,1.4,25.1
2019/12/14,1475.68,97.17,1.82,1.55,2.1,1.4,25.1
2019/12/15,1475.68,97.15,1.82,1.55,2.1,1.4,25.1
2019/12/16,1476.41,97.02,1.89,1.55,2.1,1.4,25.1
2019/12/17,1477.15,97.22,1.89,1.56,2.1,1.4,25.1
2019/12/18,1475.78,97.4,1.92,1.55,2.1,1.4,25.1
2019/12/19,1479.83,97.38,1.92,1.55,2.1,1.4,25.1
2019/12/20,1478.41,97.69,1.92,1.55,2.1,1.4,25.1
2019/12/21,1478.41,97.69,1.92,1.55,2.1,1.4,25.1
2019/12/22,1478.41,97.68,1.92,1.55,2.1,1.4,25.1
2019/12/23,1485.76,97.66,1.93,1.55,2.1,1.4,25.1
2019/12/24,1499.66,97.65,1.9,1.55,2.1,1.4,25.1
2019/12/25,1499.66,97.65,1.9,1.55,2.1,1.4,25.1
2019/12/26,1511.37,97.53,1.9,1.55,2.1,1.4,25.1
2019/12/27,1511.05,96.92,1.88,1.55,2.1,1.4,25.1
2019/12/28,1511.05,96.92,1.88,1.55,2.3,1.6,27.68
2019/12/29,1511.05,96.96,1.88,1.55,2.3,1.6,27.68
2019/12/30,1515.45,96.74,1.9,1.55,2.3,1.6,27.68
2019/12/31,1520.65,96.39,1.92,1.55,2.3,1.6,27.68
2020/1/1,1520.65,96.39,1.92,1.55,2.3,1.6,27.68
2020/1/2,1531.73,96.85,1.88,1.55,2.3,1.6,27.68
2020/1/3,1531.73,96.84,1.8,1.55,2.3,1.6,27.68
2020/1/4,1551.53,96.84,1.8,1.55,2.3,1.6,27.68
2020/1/5,1551.53,96.87,1.8,1.55,2.3,1.6,27.68
2020/1/6,1568.32,96.67,1.81,1.55,2.3,1.6,27.68
2020/1/7,1575.56,97,1.83,1.55,2.3,1.6,27.68
2020/1/8,1572.69,97.3,1.87,1.55,2.3,1.6,27.68
2020/1/9,1553.73,97.45,1.85,1.55,2.3,1.6,27.68
2020/1/10,1562.95,97.36,1.83,1.54,2.3,1.6,27.68
2020/1/11,1562.95,97.36,1.83,1.54,2.3,1.6,27.68
2020/1/12,1562.95,97.41,1.83,1.54,2.3,1.6,27.68
2020/1/13,1549.25,97.34,1.85,1.54,2.3,1.6,27.68
2020/1/14,1548.87,97.37,1.82,1.54,2.3,1.6,27.68
2020/1/15,1558.75,97.23,1.79,1.54,2.3,1.6,27.68
2020/1/16,1554.91,97.32,1.81,1.54,2.3,1.6,27.68
2020/1/17,1557.15,97.64,1.84,1.55,2.3,1.6,27.68
2020/1/18,1557.15,97.64,1.84,1.55,2.3,1.6,27.68
2020/1/19,1557.15,97.62,1.84,1.55,2.3,1.6,27.68
2020/1/20,1561.17,97.61,1.84,1.55,2.3,1.6,27.68
2020/1/21,1558.5,97.53,1.78,1.55,2.3,1.6,27.68
2020/1/22,1559.31,97.53,1.77,1.55,2.3,1.6,27.68
2020/1/23,1564.17,97.69,1.74,1.55,2.3,1.6,27.68
2020/1/24,1570.87,97.85,1.7,1.55,2.3,1.6,27.68
2020/1/25,1570.87,97.85,1.7,1.55,2.3,1.6,27.68
2020/1/26,1570.87,97.86,1.7,1.55,2.3,1.6,27.68
2020/1/27,1582.33,97.94,1.61,1.55,2.3,1.6,27.68
2020/1/28,1570.62,97.97,1.65,1.55,2.5,1.8,27.68
2020/1/29,1577.25,98.06,1.6,1.55,2.5,1.8,27.68
2020/1/30,1575.33,97.86,1.57,1.6,2.5,1.8,27.68
2020/1/31,1590.31,97.36,1.51,1.59,2.5,1.8,27.68
2020/2/1,1590.31,97.36,1.51,1.59,2.5,1.8,27.68
2020/2/2,1590.31,97.42,1.51,1.59,2.5,1.8,27.68
2020/2/3,1578.35,97.8,1.54,1.59,2.5,1.8,27.68
2020/2/4,1556.4,97.96,1.61,1.59,2.5,1.8,27.68
2020/2/5,1556.42,98.3,1.66,1.59,2.5,1.8,27.68
2020/2/6,1567,98.5,1.65,1.59,2.5,1.8,27.68
2020/2/7,1567,98.68,1.59,1.58,2.5,1.8,27.68
2020/2/8,1570.55,98.68,1.59,1.58,2.5,1.8,27.68
2020/2/9,1570.55,98.66,1.59,1.58,2.5,1.8,27.68
2020/2/10,1573.34,98.83,1.56,1.58,2.5,1.8,27.68
2020/2/11,1568.12,98.72,1.59,1.58,2.5,1.8,27.68
2020/2/12,1567.02,99.05,1.62,1.58,2.5,1.8,27.68
2020/2/13,1576.63,99.07,1.61,1.58,2.5,1.8,27.68
2020/2/14,1584.91,99.12,1.59,1.58,2.5,1.8,27.68
2020/2/15,1584.91,99.12,1.59,1.58,2.5,1.8,27.68
2020/2/16,1584.91,99.09,1.59,1.58,2.5,1.8,27.68
2020/2/17,1584.91,99,1.59,1.58,2.5,1.8,27.68
2020/2/18,1603.08,99.44,1.55,1.59,2.5,1.8,27.68
2020/2/19,1613.34,99.7,1.56,1.59,2.5,1.8,27.68
2020/2/20,1621.27,99.86,1.52,1.59,2.5,1.8,27.68
2020/2/21,1643.87,99.26,1.46,1.58,2.5,1.8,27.68
2020/2/22,1643.87,99.26,1.46,1.58,2.5,1.8,27.68
2020/2/23,1643.87,99.42,1.46,1.58,2.5,1.8,27.68
2020/2/24,1659.07,99.36,1.38,1.58,2.5,1.8,27.68
2020/2/25,1636.23,98.97,1.33,1.58,2.5,1.8,27.68
2020/2/26,1644.58,99,1.33,1.58,2.5,1.8,27.68
2020/2/27,1644.46,98.51,1.3,1.58,2.5,1.8,27.68
2020/2/28,1642.99,98.13,1.13,1.58,2.3,1.7,27.68
2020/2/29,1642.99,98.13,1.13,1.58,2.3,1.7,27.68
2020/3/1,1642.99,97.97,1.13,1.58,2.3,1.7,27.68
2020/3/2,1592.78,97.36,1.1,1.59,2.3,1.7,27.68
2020/3/3,1593.03,97.15,1.02,1.59,2.3,1.7,27.68
2020/3/4,1642.09,97.34,1.02,1.09,2.3,1.7,27.68
2020/3/5,1637.42,96.82,0.92,1.09,2.3,1.7,27.68
2020/3/6,1674.62,95.95,0.74,1.09,2.3,1.7,27.68
2020/3/7,1674.62,95.95,0.74,1.09,2.3,1.7,27.68
2020/3/8,1674.62,95.49,0.74,1.09,2.3,1.7,27.68
2020/3/9,1699.86,94.89,0.54,1.09,2.3,1.7,27.68
2020/3/10,1665.59,96.41,0.76,1.09,2.3,1.7,27.68
2020/3/11,1656.05,96.51,0.82,1.09,2.3,1.7,27.68
2020/3/12,1644.5,97.47,0.88,1.1,2.3,1.7,27.68
2020/3/13,1581.47,98.75,0.94,1.1,2.3,1.7,27.68
2020/3/14,1581.47,98.75,0.94,1.1,2.3,1.7,27.68
2020/3/15,1581.47,97.9,0.94,1.1,2.3,1.7,27.68
2020/3/16,1512.94,98.07,0.73,0.25,2.3,1.7,27.68
2020/3/17,1511.76,99.58,1.02,0.25,2.3,1.7,27.68
2020/3/18,1538.29,101.16,1.18,0.25,2.3,1.7,27.68
2020/3/19,1492.66,102.99,1.12,0.2,2.3,1.7,27.68
2020/3/20,1474.52,102.82,0.92,0.15,2.3,1.7,27.68
2020/3/21,1474.52,102.82,0.92,0.15,2.3,1.7,27.68
2020/3/22,1474.52,102.51,0.92,0.15,2.3,1.7,27.68
2020/3/23,1494.59,102.49,0.76,0.15,2.3,1.7,27.68
2020/3/24,1566.81,101.66,0.84,0.12,2.3,1.7,27.68
2020/3/25,1631.64,100.91,0.88,0.1,2.3,1.7,27.68
2020/3/26,1608.4,99.29,0.83,0.1,2.3,1.7,27.68
2020/3/27,1624.74,98.36,0.72,0.1,2.3,1.7,27.68
2020/3/28,1624.74,98.36,0.72,0.1,1.5,1.2,20.57
2020/3/29,1624.74,98.32,0.72,0.1,1.5,1.2,20.57
2020/3/30,1622.66,99.18,0.7,0.09,1.5,1.2,20.57
2020/3/31,1618.39,99,0.7,0.08,1.5,1.2,20.57
2020/4/1,1581.39,99.5,0.62,0.06,1.5,1.2,20.57
2020/4/2,1614.49,100.19,0.63,0.05,1.5,1.2,20.57
2020/4/3,1621.37,100.58,0.62,0.05,1.5,1.2,20.57
2020/4/4,1621.37,100.58,0.62,0.05,1.5,1.2,20.57
2020/4/5,1621.37,100.78,0.62,0.05,1.5,1.2,20.57
2020/4/6,1619.99,100.74,0.67,0.05,1.5,1.2,20.57
2020/4/7,1664.95,99.95,0.75,0.05,1.5,1.2,20.57
2020/4/8,1646.93,100.12,0.77,0.05,1.5,1.2,20.57
2020/4/9,1648.07,99.61,0.73,0.05,1.5,1.2,20.57
2020/4/10,1648.07,99.52,0.73,0.05,1.5,1.2,20.57
2020/4/11,1648.07,99.52,0.73,0.05,1.5,1.2,20.57
2020/4/12,1648.07,99.51,0.73,0.05,1.5,1.2,20.57
2020/4/13,1688.84,99.38,0.76,0.05,1.5,1.2,20.57
2020/4/14,1717.15,98.84,0.76,0.05,1.5,1.2,20.57
2020/4/15,1730.8,99.65,0.63,0.05,1.5,1.2,20.57
2020/4/16,1717.91,99.9,0.61,0.05,1.5,1.2,20.57
2020/4/17,1718.14,99.72,0.65,0.05,1.5,1.2,20.57
2020/4/18,1718.14,99.72,0.65,0.05,1.5,1.2,20.57
2020/4/19,1718.14,99.84,0.65,0.05,1.5,1.2,20.57
2020/4/20,1676.45,99.95,0.63,0.05,1.5,1.2,20.57
2020/4/21,1691.21,100.2,0.58,0.05,1.5,1.2,20.57
2020/4/22,1688,100.48,0.63,0.05,1.5,1.2,20.57
2020/4/23,1711.64,100.52,0.61,0.04,1.5,1.2,20.57
2020/4/24,1726.18,100.29,0.6,0.05,1.5,1.2,20.57
2020/4/25,1726.18,100.29,0.6,0.05,1.5,1.2,20.57
2020/4/26,1726.18,100.24,0.6,0.05,1.5,1.2,20.57
2020/4/27,1723.5,100.09,0.67,0.04,1.5,1.2,20.57
2020/4/28,1708.39,99.87,0.62,0.04,0.3,0.5,20.57
2020/4/29,1706.14,99.49,0.63,0.04,0.3,0.5,20.57
2020/4/30,1711.67,99.11,0.64,0.05,0.3,0.5,20.57
2020/5/1,1685.65,99.08,0.64,0.05,0.3,0.5,20.57
2020/5/2,1685.65,99.08,0.64,0.05,0.3,0.5,20.57
2020/5/3,1685.65,99.24,0.64,0.05,0.3,0.5,20.57
2020/5/4,1702.17,99.5,0.64,0.05,0.3,0.5,20.57
2020/5/5,1706.71,99.79,0.66,0.05,0.3,0.5,20.57
2020/5/6,1703.52,100.09,0.72,0.05,0.3,0.5,20.57
2020/5/7,1693.2,99.89,0.63,0.05,0.3,0.5,20.57
2020/5/8,1715.06,99.73,0.69,0.05,0.3,0.5,20.57
2020/5/9,1715.06,99.73,0.69,0.05,0.3,0.5,20.57
2020/5/10,1715.06,99.79,0.69,0.05,0.3,0.5,20.57
2020/5/11,1705.63,100.24,0.73,0.05,0.3,0.5,20.57
2020/5/12,1697.18,99.93,0.69,0.05,0.3,0.5,20.57
2020/5/13,1705.82,100.24,0.64,0.05,0.3,0.5,20.57
2020/5/14,1718.48,100.47,0.63,0.05,0.3,0.5,20.57
2020/5/15,1731.37,100.4,0.64,0.05,0.3,0.5,20.57
2020/5/16,1731.37,100.4,0.64,0.05,0.3,0.5,20.57
2020/5/17,1731.37,100.39,0.64,0.05,0.3,0.5,20.57
2020/5/18,1732.99,99.67,0.73,0.05,0.3,0.5,20.57
2020/5/19,1746.9,99.37,0.7,0.05,0.3,0.5,20.57
2020/5/20,1748.48,99.12,0.68,0.05,0.3,0.5,20.57
2020/5/21,1727.82,99.37,0.68,0.05,0.3,0.5,20.57
2020/5/22,1736.73,99.86,0.66,0.05,0.3,0.5,20.57
2020/5/23,1736.73,99.86,0.66,0.05,0.3,0.5,20.57
2020/5/24,1736.73,99.73,0.66,0.05,0.3,0.5,20.57
2020/5/25,1730.25,99.86,0.66,0.05,0.3,0.5,20.57
2020/5/26,1732.72,98.91,0.69,0.05,0.3,0.5,20.57
2020/5/27,1709.85,99.06,0.68,0.05,0.3,0.5,20.57
2020/5/28,1721,98.38,0.7,0.05,0.1,0.5,20.57
2020/5/29,1732.07,98.34,0.65,0.05,0.1,0.5,20.57
2020/5/30,1732.07,98.34,0.65,0.05,0.1,0.5,20.57
2020/5/31,1732.07,98.21,0.65,0.05,0.1,0.5,20.57
2020/6/1,1742.56,97.83,0.66,0.05,0.1,0.5,20.57
2020/6/2,1742.18,97.67,0.68,0.06,0.1,0.5,20.57
2020/6/3,1699.17,97.28,0.77,0.06,0.1,0.5,20.57
2020/6/4,1715.53,96.68,0.82,0.06,0.1,0.5,20.57
2020/6/5,1713.79,96.94,0.91,0.07,0.1,0.5,20.57
2020/6/6,1713.79,96.94,0.91,0.07,0.1,0.5,20.57
2020/6/7,1713.79,96.72,0.91,0.07,0.1,0.5,20.57
2020/6/8,1685.88,96.62,0.88,0.07,0.1,0.5,20.57
2020/6/9,1715.34,96.32,0.84,0.07,0.1,0.5,20.57
2020/6/10,1739.85,95.96,0.75,0.08,0.1,0.5,20.57
2020/6/11,1733.63,96.73,0.66,0.08,0.1,0.5,20.57
2020/6/12,1732.32,97.32,0.71,0.08,0.1,0.5,20.57
2020/6/13,1732.32,97.32,0.71,0.08,0.1,0.5,20.57
2020/6/14,1732.32,97.17,0.71,0.08,0.1,0.5,20.57
2020/6/15,1726.07,96.71,0.71,0.09,0.1,0.5,20.57
2020/6/16,1727.99,96.96,0.75,0.09,0.1,0.5,20.57
2020/6/17,1725.62,97.16,0.74,0.09,0.1,0.5,20.57
2020/6/18,1723.76,97.42,0.71,0.09,0.1,0.5,20.57
2020/6/19,1742.15,97.62,0.7,0.09,0.1,0.5,20.57
2020/6/20,1742.15,97.62,0.7,0.09,0.1,0.5,20.57
2020/6/21,1742.15,97.68,0.7,0.09,0.1,0.5,20.57
2020/6/22,1756.14,97.04,0.71,0.08,0.1,0.5,20.57
2020/6/23,1753.95,96.65,0.72,0.08,0.1,0.5,20.57
2020/6/24,1763.36,97.15,0.69,0.08,0.1,0.5,20.57
2020/6/25,1764.12,97.43,0.68,0.08,0.1,0.5,20.57
2020/6/26,1764.11,97.43,0.64,0.08,0.1,0.5,20.57
2020/6/27,1764.11,97.43,0.64,0.08,0.1,0.5,20.57
2020/6/28,1764.11,97.48,0.64,0.08,0.6,0.8,24.9
2020/6/29,1773.31,97.54,0.64,0.08,0.6,0.8,24.9
2020/6/30,1780.67,97.39,0.66,0.08,0.6,0.8,24.9
2020/7/1,1771.03,97.2,0.69,0.08,0.6,0.8,24.9
2020/7/2,1767.54,97.32,0.68,0.09,0.6,0.8,24.9
2020/7/3,1775.46,97.17,0.68,0.09,0.6,0.8,24.9
2020/7/4,1775.46,97.17,0.68,0.09,0.6,0.8,24.9
2020/7/5,1775.46,97.17,0.68,0.09,0.6,0.8,24.9
2020/7/6,1785.2,96.72,0.69,0.09,0.6,0.8,24.9
2020/7/7,1796.06,96.88,0.65,0.09,0.6,0.8,24.9
2020/7/8,1795.4,96.43,0.67,0.09,0.6,0.8,24.9
2020/7/9,1804.16,96.7,0.62,0.09,0.6,0.8,24.9
2020/7/10,1798.97,96.65,0.65,0.09,0.6,0.8,24.9
2020/7/11,1798.97,96.65,0.65,0.09,0.6,0.8,24.9
2020/7/12,1798.97,96.65,0.65,0.09,0.6,0.8,24.9
2020/7/13,1805.08,96.46,0.64,0.09,0.6,0.8,24.9
2020/7/14,1799.22,96.26,0.63,0.09,0.6,0.8,24.9
2020/7/15,1812.95,96.08,0.64,0.1,0.6,0.8,24.9
2020/7/16,1799.37,96.35,0.62,0.1,0.6,0.8,24.9
2020/7/17,1799.34,95.94,0.64,0.09,0.6,0.8,24.9
2020/7/18,1799.34,95.94,0.64,0.09,0.6,0.8,24.9
2020/7/19,1799.34,95.93,0.64,0.09,0.6,0.8,24.9
2020/7/20,1806.75,95.83,0.62,0.1,0.6,0.8,24.9
2020/7/21,1842.83,95.12,0.61,0.1,0.6,0.8,24.9
2020/7/22,1871.77,94.99,0.6,0.09,0.6,0.8,24.9
2020/7/23,1871.77,94.69,0.59,0.09,0.6,0.8,24.9
2020/7/24,1902.27,94.43,0.59,0.09,0.6,0.8,24.9
2020/7/25,1902.27,94.43,0.59,0.09,0.6,0.8,24.9
2020/7/26,1902.27,94.34,0.59,0.09,0.6,0.8,24.9
2020/7/27,1940,93.67,0.62,0.1,0.6,0.8,24.9
2020/7/28,1959.98,93.7,0.59,0.1,1,0.9,24.9
2020/7/29,1972.2,93.45,0.58,0.1,1,0.9,24.9
2020/7/30,1957.8,93.02,0.55,0.1,1,0.9,24.9
2020/7/31,1974.26,93.35,0.55,0.1,1,0.9,24.9
2020/8/1,1974.26,93.35,0.55,0.1,1,0.9,24.9
2020/8/2,1974.26,93.41,0.55,0.1,1,0.9,24.9
2020/8/3,1978.16,93.54,0.56,0.1,1,0.9,24.9
2020/8/4,1975,93.38,0.52,0.1,1,0.9,24.9
2020/8/5,2037.09,92.87,0.55,0.1,1,0.9,24.9
2020/8/6,2064.2,92.79,0.55,0.1,1,0.9,24.9
2020/8/7,2067.46,93.43,0.57,0.1,1,0.9,24.9
2020/8/8,2067.46,93.43,0.57,0.1,1,0.9,24.9
2020/8/9,2067.46,93.43,0.57,0.1,1,0.9,24.9
2020/8/10,2031.88,93.58,0.59,0.1,1,0.9,24.9
2020/8/11,1913.19,93.63,0.64,0.1,1,0.9,24.9
2020/8/12,1917.23,93.44,0.69,0.1,1,0.9,24.9
2020/8/13,1940.29,93.33,0.71,0.1,1,0.9,24.9
2020/8/14,1944.86,93.1,0.71,0.1,1,0.9,24.9
2020/8/15,1944.86,93.1,0.71,0.1,1,0.9,24.9
2020/8/16,1944.86,93.01,0.71,0.1,1,0.9,24.9
2020/8/17,1986.69,92.85,0.69,0.1,1,0.9,24.9
2020/8/18,2005.13,92.27,0.67,0.09,1,0.9,24.9
2020/8/19,1929.53,92.89,0.68,0.09,1,0.9,24.9
2020/8/20,1940.87,92.79,0.65,0.09,1,0.9,24.9
2020/8/21,1952.02,93.25,0.64,0.09,1,0.9,24.9
2020/8/22,1952.02,93.25,0.64,0.09,1,0.9,24.9
2020/8/23,1952.02,93.19,0.64,0.09,1,0.9,24.9
2020/8/24,1930.13,93.3,0.65,0.09,1,0.9,24.9
2020/8/25,1929.76,93.02,0.69,0.09,1,0.9,24.9
2020/8/26,1927.77,93.01,0.69,0.09,1,0.9,24.9
2020/8/27,1951.25,93,0.74,0.08,1,0.9,24.9
2020/8/28,1929.09,92.37,0.74,0.09,1.3,1.2,24.9
2020/8/29,1929.09,92.37,0.74,0.09,1.3,1.2,24.9
2020/8/30,1929.09,92.23,0.74,0.09,1.3,1.2,24.9
2020/8/31,1968.53,92.14,0.72,0.09,1.3,1.2,24.9
2020/9/1,1969.55,92.34,0.68,0.09,1.3,1.2,24.9
2020/9/2,1970.44,92.85,0.66,0.09,1.3,1.2,24.9
2020/9/3,1946.14,92.74,0.63,0.09,1.3,1.2,24.9
2020/9/4,1933.49,92.72,0.72,0.09,1.3,1.2,24.9
2020/9/5,1933.49,92.72,0.72,0.09,1.3,1.2,24.9
2020/9/6,1933.49,92.88,0.72,0.09,1.3,1.2,24.9
2020/9/7,1936,92.72,0.72,0.09,1.3,1.2,24.9
2020/9/8,1926.57,93.44,0.69,0.09,1.3,1.2,24.9
2020/9/9,1930.42,93.25,0.71,0.09,1.3,1.2,24.9
2020/9/10,1946.81,93.34,0.71,0.09,1.3,1.2,24.9
2020/9/11,1948.1,93.33,0.67,0.09,1.3,1.2,24.9
2020/9/12,1948.1,93.33,0.67,0.09,1.3,1.2,24.9
2020/9/13,1948.1,93.27,0.67,0.09,1.3,1.2,24.9
2020/9/14,1941.52,93.05,0.68,0.09,1.3,1.2,24.9
2020/9/15,1956.03,93.05,0.68,0.09,1.3,1.2,24.9
2020/9/16,1953.07,93.21,0.69,0.09,1.3,1.2,24.9
2020/9/17,1956.18,92.97,0.69,0.09,1.3,1.2,24.9
2020/9/18,1951.17,92.93,0.7,0.09,1.3,1.2,24.9
2020/9/19,1951.17,92.93,0.7,0.09,1.3,1.2,24.9
2020/9/20,1951.17,92.96,0.7,0.09,1.3,1.2,24.9
2020/9/21,1949.66,93.66,0.68,0.09,1.3,1.2,24.9
2020/9/22,1916.58,93.99,0.68,0.09,1.3,1.2,24.9
2020/9/23,1864.2,94.39,0.68,0.09,1.3,1.2,24.9
2020/9/24,1868.2,94.35,0.67,0.09,1.3,1.2,24.9
2020/9/25,1864.88,94.64,0.66,0.09,1.3,1.2,24.9
2020/9/26,1864.88,94.64,0.66,0.09,1.3,1.2,24.9
2020/9/27,1864.88,94.54,0.66,0.09,1.3,1.2,24.9
2020/9/28,1882.4,94.28,0.67,0.09,1.4,1.3,26.5
2020/9/29,1882.4,93.89,0.66,0.09,1.4,1.3,26.5
2020/9/30,1897.09,93.89,0.69,0.09,1.4,1.3,26.5
2020/10/1,1885.6,93.71,0.68,0.09,1.4,1.3,26.5
2020/10/2,1901.94,93.84,0.7,0.09,1.4,1.3,26.5
2020/10/3,1901.94,93.84,0.7,0.09,1.4,1.3,26.5
2020/10/4,1901.94,93.82,0.7,0.09,1.4,1.3,26.5
2020/10/5,1901.3,93.51,0.78,0.09,1.4,1.3,26.5
2020/10/6,1913.55,93.69,0.76,0.09,1.4,1.3,26.5
2020/10/7,1877.97,93.63,0.81,0.09,1.4,1.3,26.5
2020/10/8,1885.98,93.61,0.78,0.09,1.4,1.3,26.5
2020/10/9,1898.74,93.06,0.79,0.09,1.4,1.3,26.5
2020/10/10,1898.74,93.06,0.79,0.09,1.4,1.3,26.5
2020/10/11,1898.74,93.11,0.79,0.09,1.4,1.3,26.5
2020/10/12,1926.84,93.07,0.79,0.09,1.4,1.3,26.5
2020/10/13,1921.18,93.53,0.74,0.09,1.4,1.3,26.5
2020/10/14,1893.22,93.38,0.73,0.09,1.4,1.3,26.5
2020/10/15,1899.07,93.86,0.74,0.09,1.4,1.3,26.5
2020/10/16,1906.48,93.68,0.76,0.09,1.4,1.3,26.5
2020/10/17,1906.48,93.68,0.76,0.09,1.4,1.3,26.5
2020/10/18,1906.48,93.7,0.76,0.09,1.4,1.3,26.5
2020/10/19,1900.29,93.43,0.78,0.09,1.4,1.3,26.5
2020/10/20,1902.64,93.07,0.81,0.09,1.4,1.3,26.5
2020/10/21,1912.96,92.61,0.83,0.09,1.4,1.3,26.5
2020/10/22,1920.61,92.95,0.87,0.09,1.4,1.3,26.5
2020/10/23,1901.99,92.77,0.85,0.09,1.4,1.3,26.5
2020/10/24,1901.99,92.77,0.85,0.09,1.4,1.3,26.5
2020/10/25,1901.99,92.81,0.85,0.09,1.4,1.3,26.5
2020/10/26,1902.64,93.04,0.81,0.09,1.4,1.3,26.5
2020/10/27,1904.84,92.94,0.79,0.09,1.4,1.3,26.5
2020/10/28,1905.96,93.4,0.79,0.09,1.2,1.2,26.5
2020/10/29,1879.35,93.96,0.85,0.09,1.2,1.2,26.5
2020/10/30,1865.58,94.04,0.88,0.09,1.2,1.2,26.5
2020/10/31,1865.58,94.04,0.88,0.09,1.2,1.2,26.5
2020/11/1,1865.58,94.1,0.88,0.09,1.2,1.2,26.5
2020/11/2,1875.37,94.13,0.87,0.09,1.2,1.2,26.5
2020/11/3,1894.03,93.55,0.9,0.09,1.2,1.2,26.5
2020/11/4,1911.4,93.41,0.78,0.09,1.2,1.2,26.5
2020/11/5,1906.42,92.53,0.79,0.09,1.2,1.2,26.5
2020/11/6,1943.96,92.23,0.83,0.09,1.2,1.2,26.5
2020/11/7,1943.96,92.23,0.83,0.09,1.2,1.2,26.5
2020/11/8,1943.96,92.16,0.83,0.09,1.2,1.2,26.5
2020/11/9,1863.28,92.72,0.96,0.09,1.2,1.2,26.5
2020/11/10,1874.01,92.75,0.98,0.09,1.2,1.2,26.5
2020/11/11,1866.14,93.04,0.98,0.09,1.2,1.2,26.5
2020/11/12,1870.6,92.96,0.88,0.09,1.2,1.2,26.5
2020/11/13,1887.97,92.75,0.89,0.09,1.2,1.2,26.5
2020/11/14,1887.97,92.75,0.89,0.09,1.2,1.2,26.5
2020/11/15,1887.97,92.64,0.89,0.09,1.2,1.2,26.5
2020/11/16,1889.53,92.64,0.91,0.09,1.2,1.2,26.5
2020/11/17,1888.74,92.42,0.87,0.09,1.2,1.2,26.5
2020/11/18,1882.21,92.32,0.88,0.09,1.2,1.2,26.5
2020/11/19,1869.93,92.29,0.86,0.08,1.2,1.2,26.5
2020/11/20,1863.91,92.39,0.83,0.08,1.2,1.2,26.5
2020/11/21,1863.91,92.39,0.83,0.08,1.2,1.2,26.5
2020/11/22,1863.91,92.32,0.83,0.08,1.2,1.2,26.5
2020/11/23,1838.8,92.5,0.86,0.08,1.2,1.2,26.5
2020/11/24,1833.64,92.23,0.88,0.08,1.2,1.2,26.5
2020/11/25,1807.58,91.99,0.88,0.08,1.2,1.2,26.5
2020/11/26,1810.08,91.99,0.88,0.08,1.2,1.2,26.5
2020/11/27,1787.58,91.79,0.84,0.08,1.2,1.2,26.5
2020/11/28,1787.58,91.79,0.84,0.08,1.2,1.2,26.5
2020/11/29,1787.58,91.72,0.84,0.08,1.2,1.2,26.5
2020/11/30,1777.65,91.87,0.84,0.09,1.2,1.2,26.5
2020/12/1,1815.69,91.31,0.92,0.09,1.2,1.2,26.5
2020/12/2,1831.66,91.12,0.95,0.09,1.2,1.2,26.5
2020/12/3,1841.87,90.71,0.92,0.09,1.2,1.2,26.5
2020/12/4,1838.05,90.7,0.97,0.09,1.2,1.2,26.5
2020/12/5,1838.05,90.7,0.97,0.09,1.2,1.2,26.5
2020/12/6,1838.05,90.82,0.97,0.09,1.2,1.2,26.5
2020/12/7,1863.15,90.79,0.94,0.09,1.2,1.2,26.5
2020/12/8,1870.75,90.96,0.92,0.09,1.2,1.2,26.5
2020/12/9,1840.25,91.09,0.95,0.09,1.2,1.2,26.5
2020/12/10,1836.96,90.82,0.92,0.09,1.2,1.2,26.5
2020/12/11,1840.14,90.98,0.9,0.09,1.2,1.2,26.5
2020/12/12,1840.14,90.98,0.9,0.09,1.2,1.2,26.5
2020/12/13,1840.14,90.78,0.9,0.09,1.2,1.2,26.5
2020/12/14,1827.84,90.71,0.9,0.09,1.2,1.2,26.5
2020/12/15,1854.21,90.47,0.92,0.09,1.2,1.2,26.5
2020/12/16,1864.99,90.45,0.92,0.09,1.2,1.2,26.5
2020/12/17,1886.21,89.82,0.94,0.09,1.2,1.2,26.5
2020/12/18,1880.7,90.02,0.95,0.09,1.2,1.2,26.5
2020/12/19,1880.7,90.02,0.95,0.09,1.2,1.2,26.5
2020/12/20,1880.7,90.28,0.95,0.09,1.2,1.2,26.5
2020/12/21,1877.84,90.04,0.95,0.09,1.2,1.2,26.5
2020/12/22,1861,90.65,0.93,0.09,1.2,1.2,26.5
2020/12/23,1873.86,90.41,0.96,0.09,1.2,1.2,26.5
2020/12/24,1880.26,90.32,0.94,0.09,1.2,1.2,26.5
2020/12/25,1880.26,90.32,0.94,0.09,1.2,1.2,26.5
2020/12/26,1880.26,90.32,0.94,0.09,1.2,1.2,26.5
2020/12/27,1880.26,90.2,0.94,0.09,1.2,1.2,26.5
2020/12/28,1874.22,90.34,0.94,0.09,1.4,1.3,29.56
2020/12/29,1879.46,89.99,0.94,0.09,1.4,1.3,29.56
2020/12/30,1895.5,89.68,0.93,0.09,1.4,1.3,29.56
2020/12/31,1893.9,89.94,0.93,0.09,1.4,1.3,29.56
2021/1/1,1893.9,89.94,0.93,0.09,1.4,1.3,29.56
2021/1/2,1893.9,89.94,0.93,0.09,1.4,1.3,29.56
2021/1/3,1893.9,89.93,0.93,0.09,1.4,1.3,29.56
2021/1/4,1943.25,89.87,0.93,0.09,1.4,1.3,29.56
2021/1/5,1950.78,89.44,0.96,0.09,1.4,1.3,29.56
2021/1/6,1919.49,89.53,1.04,0.09,1.4,1.3,29.56
2021/1/7,1914.44,89.83,1.08,0.09,1.4,1.3,29.56
2021/1/8,1847.59,90.1,1.13,0.09,1.4,1.3,29.56
2021/1/9,1847.59,90.1,1.13,0.09,1.4,1.3,29.56
2021/1/10,1847.59,90.3,1.13,0.09,1.4,1.3,29.56
2021/1/11,1843.59,90.46,1.15,0.09,1.4,1.3,29.56
2021/1/12,1855.62,90.09,1.15,0.09,1.4,1.3,29.56
2021/1/13,1845.75,90.36,1.1,0.09,1.4,1.3,29.56
2021/1/14,1846.76,90.24,1.15,0.09,1.4,1.3,29.56
2021/1/15,1827.34,90.77,1.11,0.09,1.4,1.3,29.56
2021/1/16,1827.34,90.77,1.11,0.09,1.4,1.3,29.56
2021/1/17,1827.34,90.87,1.11,0.09,1.4,1.3,29.56
2021/1/18,1838.11,90.76,1.11,0.09,1.4,1.3,29.56
2021/1/19,1840.86,90.5,1.1,0.09,1.4,1.3,29.56
2021/1/20,1872.27,90.47,1.1,0.09,1.4,1.3,29.56
2021/1/21,1871.4,90.13,1.12,0.08,1.4,1.3,29.56
2021/1/22,1854.57,90.24,1.1,0.08,1.4,1.3,29.56
2021/1/23,1854.57,90.24,1.1,0.08,1.4,1.3,29.56
2021/1/24,1854.57,90.22,1.1,0.08,1.4,1.3,29.56
2021/1/25,1856.57,90.39,1.05,0.08,1.4,1.3,29.56
2021/1/26,1851.54,90.17,1.05,0.08,1.4,1.3,29.56
2021/1/27,1844.94,90.65,1.04,0.08,1.4,1.3,29.56
2021/1/28,1843.15,90.46,1.07,0.07,1.4,1.6,29.56
2021/1/29,1849.53,90.58,1.11,0.07,1.4,1.6,29.56
2021/1/30,1849.53,90.58,1.11,0.07,1.4,1.6,29.56
2021/1/31,1849.53,90.63,1.11,0.07,1.4,1.6,29.56
2021/2/1,1861.44,90.98,1.09,0.08,1.4,1.6,29.56
2021/2/2,1839.69,91.2,1.12,0.08,1.4,1.6,29.56
2021/2/3,1834.55,91.17,1.15,0.08,1.4,1.6,29.56
2021/2/4,1794.83,91.53,1.15,0.08,1.4,1.6,29.56
2021/2/5,1814.74,91.04,1.19,0.08,1.4,1.6,29.56
2021/2/6,1814.74,91.04,1.19,0.08,1.4,1.6,29.56
2021/2/7,1814.74,90.99,1.19,0.08,1.4,1.6,29.56
2021/2/8,1831.08,90.93,1.19,0.07,1.4,1.6,29.56
2021/2/9,1839.4,90.44,1.18,0.08,1.4,1.6,29.56
2021/2/10,1843.83,90.37,1.15,0.08,1.4,1.6,29.56
2021/2/11,1825.78,90.42,1.16,0.08,1.4,1.6,29.56
2021/2/12,1824.91,90.48,1.2,0.08,1.4,1.6,29.56
2021/2/13,1824.91,90.48,1.2,0.08,1.4,1.6,29.56
2021/2/14,1824.91,90.44,1.2,0.08,1.4,1.6,29.56
2021/2/15,1819.14,90.48,1.2,0.08,1.4,1.6,29.56
2021/2/16,1795.06,90.51,1.3,0.08,1.4,1.6,29.56
2021/2/17,1776.56,90.95,1.29,0.08,1.4,1.6,29.56
2021/2/18,1776.15,90.59,1.29,0.07,1.4,1.6,29.56
2021/2/19,1784.57,90.36,1.34,0.07,1.4,1.6,29.56
2021/2/20,1784.57,90.36,1.34,0.07,1.4,1.6,29.56
2021/2/21,1784.57,90.29,1.34,0.07,1.4,1.6,29.56
2021/2/22,1810.09,90.01,1.37,0.07,1.4,1.6,29.56
2021/2/23,1806.25,90.17,1.37,0.07,1.4,1.6,29.56
2021/2/24,1805.37,90.18,1.38,0.07,1.4,1.6,29.56
2021/2/25,1770.77,90.13,1.54,0.07,1.4,1.6,29.56
2021/2/26,1735,90.88,1.44,0.07,1.4,1.6,29.56
2021/2/27,1735,90.88,1.44,0.07,1.4,1.6,29.56
2021/2/28,1735,90.77,1.44,0.07,1.7,1.8,29.56
2021/3/1,1725.23,91.04,1.45,0.07,1.7,1.8,29.56
2021/3/2,1738.79,90.79,1.42,0.07,1.7,1.8,29.56
2021/3/3,1711.64,90.95,1.47,0.07,1.7,1.8,29.56
2021/3/4,1697.75,91.63,1.54,0.07,1.7,1.8,29.56
2021/3/5,1701.52,91.98,1.56,0.07,1.7,1.8,29.56
2021/3/6,1701.52,91.98,1.56,0.07,1.7,1.8,29.56
2021/3/7,1701.52,91.89,1.56,0.07,1.7,1.8,29.56
2021/3/8,1683.78,92.31,1.59,0.07,1.7,1.8,29.56
2021/3/9,1716.44,91.96,1.55,0.07,1.7,1.8,29.56
2021/3/10,1727.03,91.82,1.53,0.07,1.7,1.8,29.56
2021/3/11,1722.76,91.42,1.54,0.07,1.7,1.8,29.56
2021/3/12,1727.44,91.68,1.64,0.07,1.7,1.8,29.56
2021/3/13,1727.44,91.68,1.64,0.07,1.7,1.8,29.56
2021/3/14,1727.44,91.68,1.64,0.07,1.7,1.8,29.56
2021/3/15,1732.04,91.83,1.62,0.07,1.7,1.8,29.56
2021/3/16,1731.62,91.86,1.62,0.07,1.7,1.8,29.56
2021/3/17,1745.5,91.44,1.63,0.07,1.7,1.8,29.56
2021/3/18,1736.89,91.86,1.71,0.07,1.7,1.8,29.56
2021/3/19,1745.66,91.92,1.74,0.07,1.7,1.8,29.56
2021/3/20,1745.66,91.92,1.74,0.07,1.7,1.8,29.56
2021/3/21,1745.66,92.09,1.74,0.07,1.7,1.8,29.56
2021/3/22,1739.33,91.74,1.69,0.07,1.7,1.8,29.56
2021/3/23,1727.37,92.34,1.63,0.07,1.7,1.8,29.56
2021/3/24,1735.32,92.53,1.62,0.07,1.7,1.8,29.56
2021/3/25,1727.53,92.53,1.63,0.07,1.7,1.8,29.56
2021/3/26,1732.83,92.77,1.67,0.07,1.7,1.8,29.56
2021/3/27,1732.83,92.77,1.67,0.07,1.7,1.8,29.56
2021/3/28,1732.83,92.78,1.67,0.07,2.6,2.7,24.8
2021/3/29,1712.5,92.94,1.73,0.07,2.6,2.7,24.8
2021/3/30,1685.52,93.3,1.73,0.07,2.6,2.7,24.8
2021/3/31,1708.06,93.23,1.74,0.06,2.6,2.7,24.8
2021/4/1,1729.66,92.93,1.69,0.07,2.6,2.7,24.8
2021/4/2,1737.06,93.02,1.72,0.07,2.6,2.7,24.8
2021/4/3,1737.06,93.02,1.72,0.07,2.6,2.7,24.8
2021/4/4,1737.06,92.96,1.72,0.07,2.6,2.7,24.8
2021/4/5,1728.67,92.6,1.73,0.07,2.6,2.7,24.8
2021/4/6,1743.53,92.33,1.67,0.07,2.6,2.7,24.8
2021/4/7,1738.02,92.46,1.68,0.07,2.6,2.7,24.8
2021/4/8,1755.93,92.06,1.64,0.07,2.6,2.7,24.8
2021/4/9,1744.31,92.16,1.67,0.07,2.6,2.7,24.8
2021/4/10,1744.31,92.16,1.67,0.07,2.6,2.7,24.8
2021/4/11,1744.31,92.21,1.67,0.07,2.6,2.7,24.8
2021/4/12,1733.48,92.14,1.69,0.07,2.6,2.7,24.8
2021/4/13,1745.7,91.85,1.64,0.07,2.6,2.7,24.8
2021/4/14,1736.77,91.69,1.64,0.07,2.6,2.7,24.8
2021/4/15,1764.43,91.69,1.56,0.07,2.6,2.7,24.8
2021/4/16,1776.08,91.56,1.59,0.07,2.6,2.7,24.8
2021/4/17,1776.08,91.56,1.59,0.07,2.6,2.7,24.8
2021/4/18,1776.08,91.62,1.59,0.07,2.6,2.7,24.8
2021/4/19,1772.67,91.07,1.61,0.07,2.6,2.7,24.8
2021/4/20,1779.43,91.24,1.58,0.07,2.6,2.7,24.8
2021/4/21,1793.95,91.15,1.57,0.07,2.6,2.7,24.8
2021/4/22,1784.19,91.33,1.57,0.07,2.6,2.7,24.8
2021/4/23,1777.46,90.86,1.58,0.07,2.6,2.7,24.8
2021/4/24,1777.46,90.86,1.58,0.07,2.6,2.7,24.8
2021/4/25,1777.46,90.89,1.58,0.07,2.6,2.7,24.8
2021/4/26,1781.63,90.81,1.58,0.07,2.6,2.7,24.8
2021/4/27,1777.05,90.91,1.63,0.07,2.6,2.7,24.8
2021/4/28,1781.92,90.61,1.63,0.07,4.2,3.6,24.8
2021/4/29,1772.57,90.62,1.65,0.06,4.2,3.6,24.8
2021/4/30,1769.33,91.28,1.65,0.05,4.2,3.6,24.8
2021/5/1,1769.33,91.28,1.65,0.05,4.2,3.6,24.8
2021/5/2,1769.33,91.25,1.65,0.05,4.2,3.6,24.8
2021/5/3,1793.54,90.94,1.63,0.06,4.2,3.6,24.8
2021/5/4,1779.32,91.29,1.61,0.06,4.2,3.6,24.8
2021/5/5,1787.27,91.31,1.59,0.06,4.2,3.6,24.8
2021/5/6,1815.59,90.95,1.58,0.06,4.2,3.6,24.8
2021/5/7,1830.81,90.23,1.6,0.06,4.2,3.6,24.8
2021/5/8,1830.81,90.23,1.6,0.06,4.2,3.6,24.8
2021/5/9,1830.81,90.14,1.6,0.06,4.2,3.6,24.8
2021/5/10,1836.5,90.21,1.63,0.06,4.2,3.6,24.8
2021/5/11,1837.87,90.14,1.64,0.06,4.2,3.6,24.8
2021/5/12,1815.87,90.71,1.69,0.06,4.2,3.6,24.8
2021/5/13,1827.06,90.75,1.66,0.06,4.2,3.6,24.8
2021/5/14,1843.88,90.32,1.63,0.06,4.2,3.6,24.8
2021/5/15,1843.88,90.32,1.63,0.06,4.2,3.6,24.8
2021/5/16,1843.88,90.29,1.63,0.06,4.2,3.6,24.8
2021/5/17,1867.51,90.16,1.64,0.06,4.2,3.6,24.8
2021/5/18,1870.03,89.75,1.64,0.06,4.2,3.6,24.8
2021/5/19,1870.42,90.19,1.68,0.06,4.2,3.6,24.8
2021/5/20,1877.65,89.81,1.63,0.06,4.2,3.6,24.8
2021/5/21,1880.86,90.02,1.63,0.06,4.2,3.6,24.8
2021/5/22,1880.86,90.02,1.63,0.06,4.2,3.6,24.8
2021/5/23,1880.86,90.02,1.63,0.06,4.2,3.6,24.8
2021/5/24,1881.9,89.84,1.61,0.06,4.2,3.6,24.8
2021/5/25,1899.43,89.64,1.56,0.06,4.2,3.6,24.8
2021/5/26,1897.4,90.04,1.58,0.06,4.2,3.6,24.8
2021/5/27,1897.09,89.97,1.61,0.06,4.2,3.6,24.8
2021/5/28,1904.39,90.03,1.58,0.05,5,4.1,24.8
2021/5/29,1904.39,90.03,1.58,0.05,5,4.1,24.8
2021/5/30,1904.39,90.09,1.58,0.05,5,4.1,24.8
2021/5/31,1907.06,90.03,1.58,0.05,5,4.1,24.8
2021/6/1,1900.66,89.83,1.62,0.06,5,4.1,24.8
2021/6/2,1908.74,89.91,1.59,0.06,5,4.1,24.8
2021/6/3,1871.75,90.51,1.63,0.06,5,4.1,24.8
2021/6/4,1891.59,90.14,1.56,0.06,5,4.1,24.8
2021/6/5,1891.59,90.14,1.56,0.06,5,4.1,24.8
2021/6/6,1891.59,90.14,1.56,0.06,5,4.1,24.8
2021/6/7,1899.65,89.95,1.57,0.06,5,4.1,24.8
2021/6/8,1893.4,90.08,1.53,0.06,5,4.1,24.8
2021/6/9,1889.54,90.12,1.5,0.06,5,4.1,24.8
2021/6/10,1898.79,90.08,1.45,0.06,5,4.1,24.8
2021/6/11,1878.03,90.56,1.47,0.06,5,4.1,24.8
2021/6/12,1878.03,90.56,1.47,0.06,5,4.1,24.8
2021/6/13,1878.03,90.5,1.47,0.06,5,4.1,24.8
2021/6/14,1867.29,90.52,1.51,0.06,5,4.1,24.8
2021/6/15,1859.2,90.54,1.51,0.06,5,4.1,24.8
2021/6/16,1812.18,91.13,1.57,0.06,5,4.1,24.8
2021/6/17,1774.29,91.89,1.52,0.1,5,4.1,24.8
2021/6/18,1765.14,92.22,1.45,0.1,5,4.1,24.8
2021/6/19,1765.14,92.22,1.45,0.1,5,4.1,24.8
2021/6/20,1765.14,92.26,1.45,0.1,5,4.1,24.8
2021/6/21,1783.53,91.9,1.5,0.1,5,4.1,24.8
2021/6/22,1779.2,91.76,1.48,0.1,5,4.1,24.8
2021/6/23,1779.43,91.8,1.5,0.1,5,4.1,24.8
2021/6/24,1775.68,91.81,1.49,0.1,5,4.1,24.8
2021/6/25,1782.04,91.85,1.54,0.1,5,4.1,24.8
2021/6/26,1782.04,91.85,1.54,0.1,5,4.1,24.8
2021/6/27,1782.04,91.77,1.54,0.1,5,4.1,24.8
2021/6/28,1778.78,91.89,1.49,0.1,5.4,4.3,28.15
2021/6/29,1761.85,92.05,1.49,0.1,5.4,4.3,28.15
2021/6/30,1770.63,92.44,1.45,0.08,5.4,4.3,28.15
2021/7/1,1777.32,92.6,1.48,0.1,5.4,4.3,28.15
2021/7/2,1787.86,92.23,1.44,0.1,5.4,4.3,28.15
2021/7/3,1787.86,92.23,1.44,0.1,5.4,4.3,28.15
2021/7/4,1787.86,92.31,1.44,0.1,5.4,4.3,28.15
2021/7/5,1792.23,92.21,1.44,0.1,5.4,4.3,28.15
2021/7/6,1797.43,92.55,1.37,0.1,5.4,4.3,28.15
2021/7/7,1804.15,92.64,1.33,0.1,5.4,4.3,28.15
2021/7/8,1803.2,92.42,1.3,0.1,5.4,4.3,28.15
2021/7/9,1808.58,92.13,1.37,0.1,5.4,4.3,28.15
2021/7/10,1808.58,92.13,1.37,0.1,5.4,4.3,28.15
2021/7/11,1808.58,92.15,1.37,0.1,5.4,4.3,28.15
2021/7/12,1806.65,92.26,1.38,0.1,5.4,4.3,28.15
2021/7/13,1808.36,92.75,1.42,0.1,5.4,4.3,28.15
2021/7/14,1827.84,92.41,1.37,0.1,5.4,4.3,28.15
2021/7/15,1829.98,92.62,1.31,0.1,5.4,4.3,28.15
2021/7/16,1812.44,92.69,1.31,0.1,5.4,4.3,28.15
2021/7/17,1812.44,92.69,1.31,0.1,5.4,4.3,28.15
2021/7/18,1812.44,92.66,1.31,0.1,5.4,4.3,28.15
2021/7/19,1813.14,92.89,1.19,0.1,5.4,4.3,28.15
2021/7/20,1810.68,92.97,1.23,0.1,5.4,4.3,28.15
2021/7/21,1803.78,92.75,1.3,0.1,5.4,4.3,28.15
2021/7/22,1807.36,92.82,1.27,0.1,5.4,4.3,28.15
2021/7/23,1802.54,92.91,1.3,0.1,5.4,4.3,28.15
2021/7/24,1802.54,92.91,1.3,0.1,5.4,4.3,28.15
2021/7/25,1802.54,92.9,1.3,0.1,5.4,4.3,28.15
2021/7/26,1798,92.65,1.29,0.1,5.4,4.3,28.15
2021/7/27,1799.56,92.43,1.25,0.1,5.4,4.3,28.15
2021/7/28,1807.95,92.32,1.26,0.1,5.4,4.5,28.15
2021/7/29,1829.02,91.86,1.28,0.1,5.4,4.5,28.15
2021/7/30,1814.39,92.17,1.24,0.07,5.4,4.5,28.15
2021/7/31,1814.39,92.17,1.24,0.07,5.4,4.5,28.15
2021/8/1,1814.39,92.11,1.24,0.07,5.4,4.5,28.15
2021/8/2,1815.8,92.05,1.2,0.1,5.4,4.5,28.15
2021/8/3,1811.05,92.08,1.19,0.1,5.4,4.5,28.15
2021/8/4,1812.29,92.27,1.19,0.1,5.4,4.5,28.15
2021/8/5,1805.03,92.24,1.23,0.1,5.4,4.5,28.15
2021/8/6,1764.3,92.8,1.31,0.1,5.4,4.5,28.15
2021/8/7,1764.3,92.8,1.31,0.1,5.4,4.5,28.15
2021/8/8,1764.3,92.87,1.31,0.1,5.4,4.5,28.15
2021/8/9,1730.19,92.94,1.33,0.1,5.4,4.5,28.15
2021/8/10,1729.68,93.06,1.36,0.1,5.4,4.5,28.15
2021/8/11,1752.82,92.92,1.35,0.1,5.4,4.5,28.15
2021/8/12,1753.51,93.04,1.36,0.1,5.4,4.5,28.15
2021/8/13,1779.94,92.52,1.29,0.1,5.4,4.5,28.15
2021/8/14,1779.94,92.52,1.29,0.1,5.4,4.5,28.15
2021/8/15,1779.94,92.53,1.29,0.1,5.4,4.5,28.15
2021/8/16,1788.81,92.63,1.26,0.1,5.4,4.5,28.15
2021/8/17,1786.6,93.13,1.26,0.1,5.4,4.5,28.15
2021/8/18,1788.16,93.14,1.27,0.09,5.4,4.5,28.15
2021/8/19,1781.14,93.57,1.24,0.09,5.4,4.5,28.15
2021/8/20,1781.65,93.5,1.26,0.09,5.4,4.5,28.15
2021/8/21,1781.65,93.5,1.26,0.09,5.4,4.5,28.15
2021/8/22,1781.65,93.48,1.26,0.09,5.4,4.5,28.15
2021/8/23,1805.99,92.96,1.25,0.09,5.4,4.5,28.15
2021/8/24,1803.29,92.89,1.29,0.09,5.4,4.5,28.15
2021/8/25,1791.52,92.82,1.35,0.09,5.4,4.5,28.15
2021/8/26,1792.99,93.06,1.34,0.09,5.4,4.5,28.15
2021/8/27,1817.4,92.69,1.31,0.08,5.4,4.5,28.15
2021/8/28,1817.4,92.69,1.31,0.08,5.3,4.6,28.15
2021/8/29,1817.4,92.67,1.31,0.08,5.3,4.6,28.15
2021/8/30,1810.95,92.65,1.29,0.08,5.3,4.6,28.15
2021/8/31,1814.17,92.63,1.3,0.06,5.3,4.6,28.15
2021/9/1,1814.37,92.45,1.31,0.08,5.3,4.6,28.15
2021/9/2,1810.22,92.22,1.29,0.08,5.3,4.6,28.15
2021/9/3,1828.16,92.04,1.33,0.08,5.3,4.6,28.15
2021/9/4,1828.16,92.04,1.33,0.08,5.3,4.6,28.15
2021/9/5,1828.16,92.11,1.33,0.08,5.3,4.6,28.15
2021/9/6,1823.91,92.04,1.33,0.08,5.3,4.6,28.15
2021/9/7,1795.02,92.51,1.38,0.08,5.3,4.6,28.15
2021/9/8,1789.86,92.65,1.35,0.08,5.3,4.6,28.15
2021/9/9,1795.28,92.48,1.3,0.08,5.3,4.6,28.15
2021/9/10,1788.06,92.58,1.35,0.08,5.3,4.6,28.15
2021/9/11,1788.06,92.58,1.35,0.08,5.3,4.6,28.15
2021/9/12,1788.06,92.63,1.35,0.08,5.3,4.6,28.15
2021/9/13,1794.83,92.68,1.33,0.08,5.3,4.6,28.15
2021/9/14,1805.23,92.62,1.28,0.08,5.3,4.6,28.15
2021/9/15,1794.56,92.55,1.31,0.08,5.3,4.6,28.15
2021/9/16,1754.73,92.93,1.34,0.08,5.3,4.6,28.15
2021/9/17,1754.88,93.19,1.37,0.08,5.3,4.6,28.15
2021/9/18,1754.88,93.19,1.37,0.08,5.3,4.6,28.15
2021/9/19,1754.88,93.22,1.37,0.08,5.3,4.6,28.15
2021/9/20,1764.84,93.28,1.31,0.08,5.3,4.6,28.15
2021/9/21,1775.02,93.2,1.33,0.08,5.3,4.6,28.15
2021/9/22,1768.75,93.46,1.32,0.08,5.3,4.6,28.15
2021/9/23,1743.42,93.46,1.41,0.08,5.3,4.6,28.15
2021/9/24,1750.78,93.33,1.47,0.08,5.3,4.6,28.15
2021/9/25,1750.78,93.33,1.47,0.08,5.3,4.6,28.15
2021/9/26,1750.78,93.27,1.47,0.08,5.3,4.6,28.15
2021/9/27,1750.6,93.38,1.48,0.08,5.3,4.6,28.15
2021/9/28,1734.66,93.77,1.54,0.08,5.4,4.7,28.99
2021/9/29,1726.98,94.34,1.55,0.08,5.4,4.7,28.99
2021/9/30,1757.24,94.23,1.52,0.06,5.4,4.7,28.99
2021/10/1,1760.99,94.04,1.48,0.08,5.4,4.7,28.99
2021/10/2,1760.99,94.04,1.48,0.08,5.4,4.7,28.99
2021/10/3,1760.99,93.96,1.48,0.08,5.4,4.7,28.99
2021/10/4,1770.56,93.78,1.49,0.08,5.4,4.7,28.99
2021/10/5,1760.81,93.97,1.54,0.08,5.4,4.7,28.99
2021/10/6,1763.57,94.27,1.53,0.08,5.4,4.7,28.99
2021/10/7,1757.6,94.22,1.58,0.08,5.4,4.7,28.99
2021/10/8,1757.61,94.07,1.61,0.08,5.4,4.7,28.99
2021/10/9,1757.61,94.07,1.61,0.08,5.4,4.7,28.99
2021/10/10,1757.61,94.16,1.61,0.08,5.4,4.7,28.99
2021/10/11,1754.94,94.32,1.61,0.08,5.4,4.7,28.99
2021/10/12,1760.76,94.52,1.59,0.08,5.4,4.7,28.99
2021/10/13,1793.63,94.08,1.56,0.08,5.4,4.7,28.99
2021/10/14,1796.64,93.96,1.52,0.08,5.4,4.7,28.99
2021/10/15,1767.84,93.94,1.59,0.08,5.4,4.7,28.99
2021/10/16,1767.84,93.94,1.59,0.08,5.4,4.7,28.99
2021/10/17,1767.84,93.97,1.59,0.08,5.4,4.7,28.99
2021/10/18,1765.24,93.95,1.59,0.08,5.4,4.7,28.99
2021/10/19,1769.92,93.73,1.65,0.08,5.4,4.7,28.99
2021/10/20,1782.25,93.56,1.65,0.08,5.4,4.7,28.99
2021/10/21,1783.26,93.77,1.68,0.08,5.4,4.7,28.99
2021/10/22,1793.41,93.64,1.66,0.08,5.4,4.7,28.99
2021/10/23,1793.41,93.64,1.66,0.08,5.4,4.7,28.99
2021/10/24,1793.41,93.67,1.66,0.08,5.4,4.7,28.99
2021/10/25,1808.15,93.81,1.64,0.08,5.4,4.7,28.99
2021/10/26,1793.41,93.95,1.63,0.08,5.4,4.7,28.99
2021/10/27,1797.36,93.8,1.54,0.08,5.4,4.7,28.99
2021/10/28,1799.58,93.35,1.57,0.08,6.2,5.3,28.99
2021/10/29,1783.77,94.12,1.55,0.07,6.2,5.3,28.99
2021/10/30,1783.77,94.12,1.55,0.07,6.2,5.3,28.99
2021/10/31,1783.77,94.19,1.55,0.07,6.2,5.3,28.99
2021/11/1,1793.96,93.88,1.58,0.08,6.2,5.3,28.99
2021/11/2,1788.18,94.09,1.56,0.08,6.2,5.3,28.99
2021/11/3,1770.31,93.86,1.6,0.08,6.2,5.3,28.99
2021/11/4,1792.62,94.35,1.53,0.08,6.2,5.3,28.99
2021/11/5,1818.58,94.32,1.45,0.08,6.2,5.3,28.99
2021/11/6,1818.58,94.32,1.45,0.08,6.2,5.3,28.99
2021/11/7,1818.58,94.22,1.45,0.08,6.2,5.3,28.99
2021/11/8,1824.57,94.05,1.51,0.08,6.2,5.3,28.99
2021/11/9,1832.36,93.96,1.46,0.08,6.2,5.3,28.99
2021/11/10,1850.97,94.85,1.56,0.08,6.2,5.3,28.99
2021/11/11,1862.44,95.18,1.56,0.08,6.2,5.3,28.99
2021/11/12,1865.13,95.13,1.58,0.08,6.2,5.3,28.99
2021/11/13,1865.13,95.13,1.58,0.08,6.2,5.3,28.99
2021/11/14,1865.13,95.14,1.58,0.08,6.2,5.3,28.99
2021/11/15,1863.42,95.41,1.63,0.08,6.2,5.3,28.99
2021/11/16,1851.14,95.92,1.63,0.08,6.2,5.3,28.99
2021/11/17,1868.22,95.83,1.6,0.08,6.2,5.3,28.99
2021/11/18,1859.43,95.54,1.59,0.08,6.2,5.3,28.99
2021/11/19,1846.83,96.03,1.54,0.08,6.2,5.3,28.99
2021/11/20,1846.83,96.03,1.54,0.08,6.2,5.3,28.99
2021/11/21,1846.83,96.14,1.54,0.08,6.2,5.3,28.99
2021/11/22,1805.5,96.55,1.63,0.08,6.2,5.3,28.99
2021/11/23,1789.69,96.49,1.67,0.08,6.2,5.3,28.99
2021/11/24,1789.19,96.88,1.64,0.08,6.2,5.3,28.99
2021/11/25,1789.92,96.77,1.64,0.08,6.2,5.3,28.99
2021/11/26,1793.54,96.09,1.48,0.08,6.2,5.3,28.99
2021/11/27,1793.54,96.09,1.48,0.08,6.2,5.3,28.99
2021/11/28,1793.54,96.2,1.48,0.08,6.8,5.9,28.99
2021/11/29,1785.17,96.34,1.52,0.08,6.8,5.9,28.99
2021/11/30,1775.01,95.99,1.43,0.07,6.8,5.9,28.99
2021/12/1,1782.56,96.03,1.43,0.08,6.8,5.9,28.99
2021/12/2,1769.28,96.16,1.44,0.08,6.8,5.9,28.99
2021/12/3,1783.79,96.12,1.35,0.08,6.8,5.9,28.99
2021/12/4,1783.79,96.12,1.35,0.08,6.8,5.9,28.99
2021/12/5,1783.79,96.2,1.35,0.08,6.8,5.9,28.99
2021/12/6,1779.43,96.33,1.43,0.08,6.8,5.9,28.99
2021/12/7,1784.68,96.37,1.48,0.08,6.8,5.9,28.99
2021/12/8,1783.48,95.89,1.52,0.08,6.8,5.9,28.99
2021/12/9,1776.03,96.27,1.49,0.08,6.8,5.9,28.99
2021/12/10,1783.27,96.1,1.48,0.08,6.8,5.9,28.99
2021/12/11,1783.27,96.1,1.48,0.08,6.8,5.9,28.99
2021/12/12,1783.27,96.1,1.48,0.08,6.8,5.9,28.99
2021/12/13,1787.17,96.32,1.42,0.08,6.8,5.9,28.99
2021/12/14,1771.81,96.57,1.44,0.08,6.8,5.9,28.99
2021/12/15,1777.5,96.51,1.47,0.08,6.8,5.9,28.99
2021/12/16,1799.79,96.04,1.44,0.08,6.8,5.9,28.99
2021/12/17,1798.35,96.57,1.41,0.08,6.8,5.9,28.99
2021/12/18,1798.35,96.57,1.41,0.08,6.8,5.9,28.99
2021/12/19,1798.35,96.64,1.41,0.08,6.8,5.9,28.99
2021/12/20,1791.39,96.55,1.43,0.08,6.8,5.9,28.99
2021/12/21,1789.93,96.49,1.48,0.08,6.8,5.9,28.99
2021/12/22,1804.09,96.08,1.46,0.08,6.8,5.9,28.99
2021/12/23,1809.4,96.02,1.5,0.08,6.8,5.9,28.99
2021/12/24,1806.13,96.02,1.5,0.08,6.8,5.9,28.99
2021/12/25,1806.13,96.02,1.5,0.08,6.8,5.9,28.99
2021/12/26,1806.13,96.09,1.5,0.08,6.8,5.9,28.99
2021/12/27,1812.61,96.09,1.48,0.08,6.8,5.9,28.99
2021/12/28,1806.66,96.2,1.49,0.08,7,6.1,32.59
2021/12/29,1805.86,95.93,1.55,0.08,7,6.1,32.59
2021/12/30,1815.18,95.97,1.52,0.08,7,6.1,32.59
2021/12/31,1827.77,95.97,1.52,0.08,7,6.1,32.59
2022/1/1,1827.77,95.97,1.52,0.07,7,6.1,32.59
2022/1/2,1827.77,95.68,1.52,0.07,7,6.1,32.59
2022/1/3,1802.06,96.21,1.63,0.07,7,6.1,32.59
2022/1/4,1815.32,96.26,1.66,0.08,7,6.1,32.59
2022/1/5,1811.14,96.17,1.71,0.08,7,6.1,32.59
2022/1/6,1791.68,96.32,1.73,0.08,7,6.1,32.59
2022/1/7,1797.41,95.72,1.76,0.08,7,6.1,32.59
2022/1/8,1797.41,95.72,1.76,0.08,7,6.1,32.59
2022/1/9,1797.41,95.79,1.76,0.08,7,6.1,32.59
2022/1/10,1802.14,95.99,1.78,0.08,7,6.1,32.59
2022/1/11,1822.06,95.62,1.75,0.08,7,6.1,32.59
2022/1/12,1827.16,94.92,1.74,0.08,7,6.1,32.59
2022/1/13,1823.21,94.79,1.7,0.08,7,6.1,32.59
2022/1/14,1818.12,95.17,1.78,0.08,7,6.1,32.59
2022/1/15,1818.12,95.17,1.78,0.08,7,6.1,32.59
2022/1/16,1818.12,95.19,1.78,0.08,7,6.1,32.59
2022/1/17,1819.58,95.26,1.78,0.08,7,6.1,32.59
2022/1/18,1814.44,95.73,1.87,0.08,7,6.1,32.59
2022/1/19,1840.82,95.51,1.83,0.08,7,6.1,32.59
2022/1/20,1839.8,95.74,1.83,0.08,7,6.1,32.59
2022/1/21,1834.95,95.64,1.75,0.08,7,6.1,32.59
2022/1/22,1834.95,95.64,1.75,0.08,7,6.1,32.59
2022/1/23,1834.95,95.65,1.75,0.08,7,6.1,32.59
2022/1/24,1843.83,95.92,1.75,0.08,7,6.1,32.59
2022/1/25,1848.59,95.95,1.78,0.08,7,6.1,32.59
2022/1/26,1820.13,96.39,1.85,0.08,7,6.1,32.59
2022/1/27,1798.05,97.25,1.81,0.08,7,6.1,32.59
2022/1/28,1792.31,97.27,1.78,0.08,7.5,6.3,32.59
2022/1/29,1792.31,97.27,1.78,0.08,7.5,6.3,32.59
2022/1/30,1792.31,97.19,1.78,0.08,7.5,6.3,32.59
2022/1/31,1797.7,96.54,1.79,0.08,7.5,6.3,32.59
2022/2/1,1801.37,96.39,1.81,0.08,7.5,6.3,32.59
2022/2/2,1807.1,95.94,1.78,0.08,7.5,6.3,32.59
2022/2/3,1805.09,95.38,1.82,0.08,7.5,6.3,32.59
2022/2/4,1808.32,95.49,1.93,0.08,7.5,6.3,32.59
2022/2/5,1808.32,95.49,1.93,0.08,7.5,6.3,32.59
2022/2/6,1808.32,95.44,1.93,0.08,7.5,6.3,32.59
2022/2/7,1821.03,95.4,1.92,0.08,7.5,6.3,32.59
2022/2/8,1826.18,95.64,1.96,0.08,7.5,6.3,32.59
2022/2/9,1833.78,95.49,1.94,0.08,7.5,6.3,32.59
2022/2/10,1827.94,95.55,2.03,0.08,7.5,6.3,32.59
2022/2/11,1859.4,96.08,1.92,0.08,7.5,6.3,32.59
2022/2/12,1859.4,96.08,1.92,0.08,7.5,6.3,32.59
2022/2/13,1859.4,95.94,1.92,0.08,7.5,6.3,32.59
2022/2/14,1871.7,96.37,1.98,0.08,7.5,6.3,32.59
2022/2/15,1854.27,95.99,2.05,0.08,7.5,6.3,32.59
2022/2/16,1870.46,95.7,2.03,0.08,7.5,6.3,32.59
2022/2/17,1899.14,95.8,1.97,0.08,7.5,6.3,32.59
2022/2/18,1898.47,96.04,1.92,0.08,7.5,6.3,32.59
2022/2/19,1898.47,96.04,1.92,0.08,7.5,6.3,32.59
2022/2/20,1898.47,96.13,1.92,0.08,7.5,6.3,32.59
2022/2/21,1908.07,96.08,1.92,0.08,7.5,6.3,32.59
2022/2/22,1899.79,96.03,1.94,0.08,7.5,6.3,32.59
2022/2/23,1909.29,96.19,1.99,0.08,7.5,6.3,32.59
2022/2/24,1905.01,97.14,1.96,0.08,7.5,6.3,32.59
2022/2/25,1889.67,96.61,1.97,0.08,7.5,6.3,32.59
2022/2/26,1889.67,96.61,1.97,0.08,7.5,6.3,32.59
2022/2/27,1889.67,97.07,1.97,0.08,7.5,6.3,32.59
2022/2/28,1909.33,96.71,1.83,0.08,7.9,6.5,32.59
2022/3/1,1945.47,97.41,1.72,0.08,7.9,6.5,32.59
2022/3/2,1929.57,97.39,1.86,0.08,7.9,6.5,32.59
2022/3/3,1936.62,97.79,1.86,0.08,7.9,6.5,32.59
2022/3/4,1972.26,98.65,1.74,0.08,7.9,6.5,32.59
2022/3/5,1972.26,98.65,1.74,0.08,7.9,6.5,32.59
2022/3/6,1972.26,98.88,1.74,0.08,7.9,6.5,32.59
2022/3/7,1998.49,99.29,1.78,0.08,7.9,6.5,32.59
2022/3/8,2050.87,99.06,1.86,0.08,7.9,6.5,32.59
2022/3/9,1992.39,97.97,1.94,0.08,7.9,6.5,32.59
2022/3/10,1997.83,98.51,1.98,0.08,7.9,6.5,32.59
2022/3/11,1988.63,99.12,2,0.08,7.9,6.5,32.59
2022/3/12,1988.63,99.12,2,0.08,7.9,6.5,32.59
2022/3/13,1988.63,99.02,2,0.08,7.9,6.5,32.59
2022/3/14,1951.39,99,2.14,0.08,7.9,6.5,32.59
2022/3/15,1918.73,99.1,2.15,0.08,7.9,6.5,32.59
2022/3/16,1928.21,98.62,2.19,0.08,7.9,6.5,32.59
2022/3/17,1943.4,97.97,2.2,0.08,7.9,6.5,32.59
2022/3/18,1921.57,98.23,2.14,0.33,7.9,6.5,32.59
2022/3/19,1921.57,98.23,2.14,0.33,7.9,6.5,32.59
2022/3/20,1921.57,98.31,2.14,0.33,7.9,6.5,32.59
2022/3/21,1936.41,98.5,2.32,0.33,7.9,6.5,32.59
2022/3/22,1922.17,98.49,2.38,0.33,7.9,6.5,32.59
2022/3/23,1943.75,98.62,2.32,0.33,7.9,6.5,32.59
2022/3/24,1957.98,98.79,2.34,0.33,7.9,6.5,32.59
2022/3/25,1958.5,98.79,2.48,0.33,7.9,6.5,32.59
2022/3/26,1958.5,98.79,2.48,0.33,7.9,6.5,32.59
2022/3/27,1958.5,98.85,2.48,0.33,7.9,6.5,32.59
2022/3/28,1923.64,99.09,2.46,0.33,8.5,6.9,27.15
2022/3/29,1919.97,98.4,2.41,0.33,8.5,6.9,27.15
2022/3/30,1933.12,97.79,2.35,0.33,8.5,6.9,27.15
2022/3/31,1937.87,98.31,2.32,0.33,8.5,6.9,27.15
2022/4/1,1925.67,98.63,2.39,0.33,8.5,6.9,27.15
2022/4/2,1925.67,98.63,2.39,0.33,8.5,6.9,27.15
2022/4/3,1925.67,98.62,2.39,0.33,8.5,6.9,27.15
2022/4/4,1932.86,99,2.42,0.33,8.5,6.9,27.15
2022/4/5,1923.88,99.47,2.54,0.33,8.5,6.9,27.15
2022/4/6,1925.41,99.6,2.61,0.33,8.5,6.9,27.15
2022/4/7,1932.16,99.75,2.66,0.33,8.5,6.9,27.15
2022/4/8,1947.66,99.8,2.72,0.33,8.5,6.9,27.15
2022/4/9,1947.66,99.8,2.72,0.33,8.5,6.9,27.15
2022/4/10,1947.66,99.81,2.72,0.33,8.5,6.9,27.15
2022/4/11,1953.84,99.93,2.79,0.33,8.5,6.9,27.15
2022/4/12,1966.97,100.29,2.72,0.33,8.5,6.9,27.15
2022/4/13,1977.91,99.88,2.7,0.33,8.5,6.9,27.15
2022/4/14,1973.92,100.32,2.83,0.33,8.5,6.9,27.15
2022/4/15,1974.69,100.32,2.83,0.33,8.5,6.9,27.15
2022/4/16,1974.69,100.32,2.83,0.33,8.5,6.9,27.15
2022/4/17,1974.69,100.52,2.83,0.33,8.5,6.9,27.15
2022/4/18,1979.15,100.78,2.85,0.33,8.5,6.9,27.15
2022/4/19,1950.26,100.96,2.93,0.33,8.5,6.9,27.15
2022/4/20,1957.93,100.39,2.85,0.33,8.5,6.9,27.15
2022/4/21,1951.62,100.58,2.9,0.33,8.5,6.9,27.15
2022/4/22,1932.13,101.22,2.9,0.33,8.5,6.9,27.15
2022/4/23,1932.13,101.22,2.9,0.33,8.5,6.9,27.15
2022/4/24,1932.13,101.08,2.9,0.33,8.5,6.9,27.15
2022/4/25,1898,101.75,2.81,0.33,8.5,6.9,27.15
2022/4/26,1905.53,102.3,2.77,0.33,8.5,6.9,27.15
2022/4/27,1886.55,102.95,2.82,0.33,8.5,6.9,27.15
2022/4/28,1894.77,103.62,2.85,0.33,8.3,6.7,27.15
2022/4/29,1897.57,102.96,2.89,0.33,8.3,6.7,27.15
2022/4/30,1897.57,102.96,2.89,0.33,8.3,6.7,27.15
2022/5/1,1897.57,103.28,2.89,0.33,8.3,6.7,27.15
2022/5/2,1863.2,103.74,2.99,0.33,8.3,6.7,27.15
2022/5/3,1868.44,103.44,2.97,0.33,8.3,6.7,27.15
2022/5/4,1881.45,102.59,2.93,0.33,8.3,6.7,27.15
2022/5/5,1877.32,103.75,3.05,0.33,8.3,6.7,27.15
2022/5/6,1883.65,103.66,3.12,0.83,8.3,6.7,27.15
2022/5/7,1883.65,103.66,3.12,0.83,8.3,6.7,27.15
2022/5/8,1883.65,103.79,3.12,0.83,8.3,6.7,27.15
2022/5/9,1854.13,103.65,3.05,0.83,8.3,6.7,27.15
2022/5/10,1838.42,103.92,2.99,0.83,8.3,6.7,27.15
2022/5/11,1852.58,103.85,2.91,0.83,8.3,6.7,27.15
2022/5/12,1822.18,104.85,2.84,0.83,8.3,6.7,27.15
2022/5/13,1812.39,104.56,2.93,0.83,8.3,6.7,27.15
2022/5/14,1812.39,104.56,2.93,0.83,8.3,6.7,27.15
2022/5/15,1812.39,104.57,2.93,0.83,8.3,6.7,27.15
2022/5/16,1825.12,104.19,2.88,0.83,8.3,6.7,27.15
2022/5/17,1815.34,103.36,2.98,0.83,8.3,6.7,27.15
2022/5/18,1816.94,103.81,2.89,0.83,8.3,6.7,27.15
2022/5/19,1842.21,102.72,2.84,0.83,8.3,6.7,27.15
2022/5/20,1847.18,103.15,2.78,0.83,8.3,6.7,27.15
2022/5/21,1847.18,103.15,2.78,0.83,8.3,6.7,27.15
2022/5/22,1847.18,102.95,2.78,0.83,8.3,6.7,27.15
2022/5/23,1853.69,102.08,2.86,0.83,8.3,6.7,27.15
2022/5/24,1866.72,101.86,2.76,0.83,8.3,6.7,27.15
2022/5/25,1853.9,102.06,2.75,0.83,8.3,6.7,27.15
2022/5/26,1850.7,101.83,2.75,0.83,8.3,6.7,27.15
2022/5/27,1854.38,101.67,2.74,0.83,8.3,6.7,27.15
2022/5/28,1854.38,101.67,2.74,0.83,8.6,6.8,27.15
2022/5/29,1854.38,101.7,2.74,0.83,8.6,6.8,27.15
2022/5/30,1856.24,101.67,2.74,0.83,8.6,6.8,27.15
2022/5/31,1837.49,101.75,2.85,0.83,8.6,6.8,27.15
2022/6/1,1846.5,102.5,2.94,0.83,8.6,6.8,27.15
2022/6/2,1869.13,101.82,2.92,0.83,8.6,6.8,27.15
2022/6/3,1851.74,102.14,2.96,0.83,8.6,6.8,27.15
2022/6/4,1851.74,102.14,2.96,0.83,8.6,6.8,27.15
2022/6/5,1851.74,102.12,2.96,0.83,8.6,6.8,27.15
2022/6/6,1841.76,102.44,3.04,0.83,8.6,6.8,27.15
2022/6/7,1852.36,102.32,2.98,0.83,8.6,6.8,27.15
2022/6/8,1853.49,102.54,3.03,0.83,8.6,6.8,27.15
2022/6/9,1848.26,103.22,3.04,0.83,8.6,6.8,27.15
2022/6/10,1871.78,104.15,3.15,0.83,8.6,6.8,27.15
2022/6/11,1871.78,104.15,3.15,0.83,8.6,6.8,27.15
2022/6/12,1871.78,104.47,3.15,0.83,8.6,6.8,27.15
2022/6/13,1819.61,105.08,3.43,0.83,8.6,6.8,27.15
2022/6/14,1809.22,105.52,3.49,0.83,8.6,6.8,27.15
2022/6/15,1833.99,105.16,3.33,0.83,8.6,6.8,27.15
2022/6/16,1857.49,103.63,3.28,1.58,8.6,6.8,27.15
2022/6/17,1840,104.7,3.25,1.58,8.6,6.8,27.15
2022/6/18,1840,104.7,3.25,1.58,8.6,6.8,27.15
2022/6/19,1840,104.69,3.25,1.58,8.6,6.8,27.15
2022/6/20,1838.78,104.7,3.25,1.58,8.6,6.8,27.15
2022/6/21,1833.12,104.43,3.31,1.58,8.6,6.8,27.15
2022/6/22,1838.11,104.2,3.16,1.58,8.6,6.8,27.15
2022/6/23,1822.87,104.43,3.09,1.58,8.6,6.8,27.15
2022/6/24,1827.67,104.18,3.13,1.58,8.6,6.8,27.15
2022/6/25,1827.67,104.18,3.13,1.58,8.6,6.8,27.15
2022/6/26,1827.67,104.03,3.13,1.58,8.6,6.8,27.15
2022/6/27,1822.91,103.94,3.2,1.58,8.6,6.8,27.15
2022/6/28,1820.09,104.51,3.2,1.58,9.1,7.2,29.39
2022/6/29,1817.97,105.11,3.1,1.58,9.1,7.2,29.39
2022/6/30,1807.46,104.68,2.98,1.58,9.1,7.2,29.39
2022/7/1,1811.71,105.14,2.88,1.58,9.1,7.2,29.39
2022/7/2,1811.71,105.14,2.88,1.58,9.1,7.2,29.39
2022/7/3,1811.71,105.06,2.88,1.58,9.1,7.2,29.39
2022/7/4,1809.1,105.14,2.88,1.58,9.1,7.2,29.39
2022/7/5,1764.8,106.54,2.82,1.58,9.1,7.2,29.39
2022/7/6,1738.94,107.1,2.93,1.58,9.1,7.2,29.39
2022/7/7,1740.39,107.13,3.01,1.58,9.1,7.2,29.39
2022/7/8,1742.83,106.89,3.09,1.58,9.1,7.2,29.39
2022/7/9,1742.83,106.89,3.09,1.58,9.1,7.2,29.39
2022/7/10,1742.83,107.08,3.09,1.58,9.1,7.2,29.39
2022/7/11,1734.3,108.16,2.99,1.58,9.1,7.2,29.39
2022/7/12,1726.2,108.21,2.96,1.58,9.1,7.2,29.39
2022/7/13,1735.7,108.27,2.91,1.58,9.1,7.2,29.39
2022/7/14,1710.31,108.57,2.96,1.58,9.1,7.2,29.39
2022/7/15,1708.1,107.98,2.93,1.58,9.1,7.2,29.39
2022/7/16,1708.1,107.98,2.93,1.58,9.1,7.2,29.39
2022/7/17,1708.1,107.86,2.93,1.58,9.1,7.2,29.39
2022/7/18,1709.43,107.44,2.96,1.58,9.1,7.2,29.39
2022/7/19,1711.85,106.68,3.01,1.58,9.1,7.2,29.39
2022/7/20,1696.85,107.07,3.04,1.58,9.1,7.2,29.39
2022/7/21,1718.95,106.61,2.91,1.58,9.1,7.2,29.39
2022/7/22,1728.24,106.54,2.77,1.58,9.1,7.2,29.39
2022/7/23,1728.24,106.54,2.77,1.58,9.1,7.2,29.39
2022/7/24,1728.24,106.71,2.77,1.58,9.1,7.2,29.39
2022/7/25,1717.45,106.43,2.81,1.58,9.1,7.2,29.39
2022/7/26,1734.13,107.14,2.81,1.58,9.1,7.2,29.39
2022/7/27,1755.95,106.36,2.78,1.58,9.1,7.2,29.39
2022/7/28,1767.08,106.35,2.68,2.33,8.5,6.8,29.39
2022/7/29,1767.08,105.9,2.67,2.32,8.5,6.8,29.39
2022/7/30,1767.08,105.9,2.67,2.32,8.5,6.8,29.39
2022/7/31,1772.49,105.98,2.67,2.32,8.5,6.8,29.39
2022/8/1,1760.66,105.45,2.6,2.33,8.5,6.8,29.39
2022/8/2,1765.39,106.24,2.75,2.33,8.5,6.8,29.39
2022/8/3,1791.45,106.51,2.73,2.33,8.5,6.8,29.39
2022/8/4,1775.46,105.69,2.68,2.33,8.5,6.8,29.39
2022/8/5,1775.46,106.62,2.83,2.33,8.5,6.8,29.39
2022/8/6,1775.46,106.62,2.83,2.33,8.5,6.8,29.39
2022/8/7,1789.08,106.66,2.83,2.33,8.5,6.8,29.39
2022/8/8,1794.46,106.43,2.77,2.33,8.5,6.8,29.39
2022/8/9,1792.53,106.37,2.8,2.33,8.5,6.8,29.39
2022/8/10,1789.91,105.2,2.78,2.33,8.5,6.8,29.39
2022/8/11,1802.86,105.09,2.87,2.33,8.5,6.8,29.39
2022/8/12,1802.86,105.631,2.84,2.33,8.5,6.8,29.39
2022/8/13,1802.86,105.631,2.84,2.33,8.5,6.8,29.39
2022/8/14,1779.79,105.701,2.84,2.33,8.5,6.8,29.39
2022/8/15,1776.18,106.546,2.79,2.33,8.5,6.8,29.39
2022/8/16,1761.91,106.5,2.82,2.33,8.5,6.8,29.39
2022/8/17,1758.71,106.574,2.89,2.33,8.5,6.8,29.39
2022/8/18,1747.59,107.484,2.88,2.33,8.5,6.8,29.39
2022/8/19,1747.59,108.169,2.98,2.33,8.5,6.8,29.39
2022/8/20,1747.59,108.169,2.98,2.33,8.5,6.8,29.39
2022/8/21,1736.54,108.159,2.98,2.33,8.5,6.8,29.39
2022/8/22,1748.4,109.046,3.03,2.33,8.5,6.8,29.39
2022/8/23,1751.26,108.624,3.05,2.33,8.5,6.8,29.39
2022/8/24,1758.8,108.677,3.11,2.33,8.5,6.8,29.39
2022/8/25,1738.85,108.47,3.03,2.33,8.5,6.8,29.39
2022/8/26,1738.85,108.803,3.04,2.33,8.5,6.8,29.39
2022/8/27,1738.85,108.803,3.04,2.33,8.5,6.8,29.39
2022/8/28,1737.57,109.182,3.04,2.33,8.3,6.6,29.39
2022/8/29,1724.22,108.835,3.12,2.33,8.3,6.6,29.39
2022/8/30,1711.31,108.773,3.11,2.33,8.3,6.6,29.39
2022/8/31,1697.93,108.7,3.15,2.33,8.3,6.6,29.39
2022/9/1,1712.02,109.691,3.26,2.33,8.3,6.6,29.39
2022/9/2,1712.02,109.534,3.2,2.33,8.3,6.6,29.39
2022/9/3,1712.02,109.534,3.2,2.33,8.3,6.6,29.39
2022/9/4,1710.94,110.026,3.2,2.33,8.3,6.6,29.39
2022/9/5,1702.5,109.826,3.2,2.33,8.3,6.6,29.39
2022/9/6,1718.65,110.214,3.33,2.33,8.3,6.6,29.39
2022/9/7,1708.72,109.84,3.27,2.33,8.3,6.6,29.39
2022/9/8,1716.4,109.707,3.29,2.33,8.3,6.6,29.39
2022/9/9,1716.4,109.003,3.33,2.33,8.3,6.6,29.39
2022/9/10,1716.4,109.003,3.33,2.33,8.3,6.6,29.39
2022/9/11,1724.84,108.758,3.33,2.33,8.3,6.6,29.39
2022/9/12,1702.33,108.33,3.37,2.33,8.3,6.6,29.39
2022/9/13,1697.6,109.815,3.42,2.33,8.3,6.6,29.39
2022/9/14,1665.3,109.658,3.41,2.33,8.3,6.6,29.39
2022/9/15,1675.37,109.739,3.45,2.33,8.3,6.6,29.39
2022/9/16,1675.37,109.764,3.45,2.33,8.3,6.6,29.39
2022/9/17,1675.37,109.764,3.45,2.33,8.3,6.6,29.39
2022/9/18,1676.08,109.551,3.45,2.33,8.3,6.6,29.39
2022/9/19,1665.1,109.737,3.49,2.33,8.3,6.6,29.39
2022/9/20,1673.99,110.215,3.57,2.33,8.3,6.6,29.39
2022/9/21,1671.37,110.642,3.51,2.33,8.3,6.6,29.39
2022/9/22,1644.09,111.353,3.7,3.08,8.3,6.6,29.39
2022/9/23,1644.09,113.192,3.69,3.08,8.3,6.6,29.39
2022/9/24,1644.09,113.192,3.69,3.08,8.3,6.6,29.39
2022/9/25,1622.49,113.138,3.69,3.08,8.3,6.6,29.39
2022/9/26,1629.25,114.103,3.88,3.08,8.3,6.6,29.39
2022/9/27,1659.99,114.106,3.97,3.08,8.3,6.6,29.39
2022/9/28,1660.78,112.604,3.72,3.08,8.2,6.7,30.93
2022/9/29,1662.38,112.254,3.76,3.08,8.2,6.7,30.93
2022/9/30,1662.38,112.117,3.83,3.08,8.2,6.7,30.93
2022/10/1,1662.38,112.117,3.83,3.08,8.2,6.7,30.93
2022/10/2,1699.93,112.228,3.83,3.08,8.2,6.7,30.93
2022/10/3,1726.28,111.745,3.67,3.08,8.2,6.7,30.93
2022/10/4,1716.31,110.065,3.62,3.08,8.2,6.7,30.93
2022/10/5,1712.93,111.074,3.76,3.08,8.2,6.7,30.93
2022/10/6,1695.1,112.258,3.83,3.08,8.2,6.7,30.93
2022/10/7,1695.1,112.795,3.89,3.08,8.2,6.7,30.93
2022/10/8,1695.1,112.795,3.89,3.08,8.2,6.7,30.93
2022/10/9,1668.91,112.817,3.89,3.08,8.2,6.7,30.93
2022/10/10,1666.59,113.144,3.89,3.08,8.2,6.7,30.93
2022/10/11,1673.43,113.221,3.93,3.08,8.2,6.7,30.93
2022/10/12,1666.77,113.32,3.91,3.08,8.2,6.7,30.93
2022/10/13,1643.71,112.363,3.97,3.08,8.2,6.7,30.93
2022/10/14,1643.71,113.311,4,3.08,8.2,6.7,30.93
2022/10/15,1643.71,113.311,4,3.08,8.2,6.7,30.93
2022/10/16,1650.44,113.06,4,3.08,8.2,6.7,30.93
2022/10/17,1652.23,112.039,4.02,3.08,8.2,6.7,30.93
2022/10/18,1629.38,112.13,4.01,3.08,8.2,6.7,30.93
2022/10/19,1628.15,112.984,4.14,3.08,8.2,6.7,30.93
2022/10/20,1656.66,112.881,4.24,3.08,8.2,6.7,30.93
2022/10/21,1656.66,112.012,4.21,3.08,8.2,6.7,30.93
2022/10/22,1656.66,112.012,4.21,3.08,8.2,6.7,30.93
2022/10/23,1649.76,111.859,4.21,3.08,8.2,6.7,30.93
2022/10/24,1653.36,111.989,4.25,3.08,8.2,6.7,30.93
2022/10/25,1664.91,110.95,4.1,3.08,8.2,6.7,30.93
2022/10/26,1663.37,109.7,4.04,3.08,8.2,6.7,30.93
2022/10/27,1645.34,110.587,3.96,3.08,8.2,6.7,30.93
2022/10/28,1645.34,110.752,4.02,3.08,7.7,6.5,30.93
2022/10/29,1645.34,110.752,4.02,3.08,7.7,6.5,30.93
2022/10/30,1633.76,110.811,4.02,3.08,7.7,6.5,30.93
2022/10/31,1648.22,111.527,4.1,3.08,7.7,6.5,30.93
2022/11/1,1635.51,111.481,4.07,3.08,7.7,6.5,30.93
2022/11/2,1629.61,111.345,4.1,3.08,7.7,6.5,30.93
2022/11/3,1681.15,112.93,4.14,3.83,7.7,6.5,30.93
2022/11/4,1681.15,110.877,4.17,3.83,7.7,6.5,30.93
2022/11/5,1681.15,110.877,4.17,3.83,7.7,6.5,30.93
2022/11/6,1675.79,111.096,4.17,3.83,7.7,6.5,30.93
2022/11/7,1712.64,110.12,4.22,3.83,7.7,6.5,30.93
2022/11/8,1706.86,109.636,4.14,3.83,7.7,6.5,30.93
2022/11/9,1755.82,110.549,4.12,3.83,7.7,6.5,30.93
2022/11/10,1770.72,108.206,3.82,3.83,7.7,6.5,30.93
2022/11/11,1770.72,106.292,3.82,3.83,7.7,6.5,30.93
2022/11/12,1770.72,106.292,3.82,3.83,7.7,6.5,30.93
2022/11/13,1771.55,106.715,3.82,3.83,7.7,6.5,30.93
2022/11/14,1779.22,106.66,3.88,3.83,7.7,6.5,30.93
2022/11/15,1773.95,106.404,3.8,3.83,7.7,6.5,30.93
2022/11/16,1760.47,106.281,3.67,3.83,7.7,6.5,30.93
2022/11/17,1750.03,106.694,3.77,3.83,7.7,6.5,30.93
2022/11/18,1750.03,106.93,3.82,3.83,7.7,6.5,30.93
2022/11/19,1750.03,106.93,3.82,3.83,7.7,6.5,30.93
2022/11/20,1738.16,106.919,3.82,3.83,7.7,6.5,30.93
2022/11/21,1740.29,107.835,3.83,3.83,7.7,6.5,30.93
2022/11/22,1749.7,107.222,3.76,3.83,7.7,6.5,30.93
2022/11/23,1757.65,106.076,3.71,3.83,7.7,6.5,30.93
2022/11/24,1755.51,105.818,3.71,3.83,7.7,6.5,30.93
2022/11/25,1755.51,105.959,3.68,3.83,7.7,6.5,30.93
2022/11/26,1755.51,105.959,3.68,3.83,7.7,6.5,30.93
2022/11/27,1741.53,106.34,3.68,3.83,7.7,6.5,30.93
2022/11/28,1749.98,106.681,3.69,3.83,7.1,6,30.93
2022/11/29,1768.56,106.822,3.75,3.83,7.1,6,30.93
2022/11/30,1803.06,105.95,3.68,3.83,7.1,6,30.93
2022/12/1,1798.49,104.728,3.53,3.83,7.1,6,30.93
2022/12/2,1798.49,104.545,3.51,3.83,7.1,6,30.93
2022/12/3,1798.49,104.545,3.51,3.83,7.1,6,30.93
2022/12/4,1768.97,104.483,3.51,3.83,7.1,6,30.93
2022/12/5,1771.18,105.289,3.6,3.83,7.1,6,30.93
2022/12/6,1786.18,105.578,3.51,3.83,7.1,6,30.93
2022/12/7,1789.24,105.1,3.42,3.83,7.1,6,30.93
2022/12/8,1797.84,104.774,3.48,3.83,7.1,6,30.93
2022/12/9,1797.84,104.81,3.57,3.83,7.1,6,30.93
2022/12/10,1797.84,104.81,3.57,3.83,7.1,6,30.93
2022/12/11,1781.45,105.055,3.57,3.83,7.1,6,30.93
2022/12/12,1811.14,105.131,3.61,3.83,7.1,6,30.93
2022/12/13,1807.53,103.98,3.51,3.83,7.1,6,30.93
2022/12/14,1776.91,103.77,3.49,3.83,7.1,6,30.93
2022/12/15,1793.7,104.558,3.44,4.33,7.1,6,30.93
2022/12/16,1793.7,104.701,3.48,4.33,7.1,6,30.93
2022/12/17,1793.7,104.701,3.48,4.33,7.1,6,30.93
2022/12/18,1787.89,104.806,3.48,4.33,7.1,6,30.93
2022/12/19,1818.13,104.721,3.57,4.33,7.1,6,30.93
2022/12/20,1814.64,103.965,3.69,4.33,7.1,6,30.93
2022/12/21,1792.79,104.162,3.68,4.33,7.1,6,30.93
2022/12/22,1799.19,104.433,3.67,4.33,7.1,6,30.93
2022/12/23,1799.19,104.314,3.75,4.33,7.1,6,30.93
2022/12/24,1799.19,104.314,3.75,4.33,7.1,6,30.93
2022/12/25,1799.19,104.325,3.75,4.33,7.1,6,30.93
2022/12/26,1814,104.325,3.75,4.33,7.1,6,30.93
2022/12/27,1804.77,104.179,3.84,4.33,7.1,6,30.93
2022/12/28,1815.11,104.463,3.88,4.33,6.5,5.5,33.4
2022/12/29,1825.1,103.836,3.83,4.33,6.5,5.5,33.4
2022/12/30,1825.1,103.522,3.88,4.33,6.5,5.5,33.4
2022/12/31,1825.1,103.522,3.88,4.33,6.5,5.5,33.4
2023/1/1,1825.1,103.494,3.88,4.33,6.5,5.5,33.4
2023/1/2,1839.59,103.494,3.88,4.33,6.5,5.5,33.4
2023/1/3,1854.7,104.518,3.79,4.33,6.5,5.5,33.4
2023/1/4,1833.22,104.248,3.69,4.33,6.5,5.5,33.4
2023/1/5,1866.36,105.042,3.71,4.33,6.5,5.5,33.4
2023/1/6,1866.36,103.879,3.55,4.33,6.5,5.5,33.4
2023/1/7,1866.36,103.879,3.55,4.33,6.5,5.5,33.4
2023/1/8,1871.91,103.742,3.55,4.33,6.5,5.5,33.4
2023/1/9,1877.2,103.001,3.53,4.33,6.5,5.5,33.4
2023/1/10,1875.78,103.236,3.61,4.33,6.5,5.5,33.4
2023/1/11,1897.32,103.188,3.54,4.33,6.5,5.5,33.4
2023/1/12,1920.96,102.246,3.43,4.33,6.5,5.5,33.4
2023/1/13,1920.96,102.204,3.49,4.33,6.5,5.5,33.4
2023/1/14,1920.96,102.204,3.49,4.33,6.5,5.5,33.4
2023/1/15,1919.69,102.265,3.49,4.33,6.5,5.5,33.4
2023/1/16,1908.83,102.204,3.49,4.33,6.5,5.5,33.4
2023/1/17,1904.34,102.39,3.53,4.33,6.5,5.5,33.4
2023/1/18,1932.44,102.363,3.37,4.33,6.5,5.5,33.4
2023/1/19,1926.68,102.058,3.39,4.33,6.5,5.5,33.4
2023/1/20,1926.68,102.012,3.48,4.33,6.5,5.5,33.4
2023/1/21,1926.68,102.012,3.48,4.33,6.5,5.5,33.4
2023/1/22,1931.27,101.914,3.48,4.33,6.5,5.5,33.4
2023/1/23,1937.7,102.138,3.52,4.33,6.5,5.5,33.4
2023/1/24,1946.04,101.918,3.46,4.33,6.5,5.5,33.4
2023/1/25,1929.36,101.641,3.46,4.33,6.5,5.5,33.4
2023/1/26,1929.3,101.839,3.49,4.33,6.5,5.5,33.4
2023/1/27,1929.3,101.927,3.52,4.33,6.5,5.5,33.4
2023/1/28,1929.3,101.927,3.52,4.33,6.4,5.5,33.4
2023/1/29,1923.38,101.896,3.52,4.33,6.4,5.5,33.4
2023/1/30,1928.56,102.276,3.55,4.33,6.4,5.5,33.4
2023/1/31,1950.62,102.097,3.52,4.33,6.4,5.5,33.4
2023/2/1,1912.92,101.217,3.39,4.33,6.4,5.5,33.4
2023/2/2,1865.66,101.75,3.4,4.58,6.4,5.5,33.4
2023/2/3,1865.66,102.915,3.53,4.58,6.4,5.5,33.4
2023/2/4,1865.66,102.915,3.53,4.58,6.4,5.5,33.4
2023/2/5,1867.55,103.119,3.53,4.58,6.4,5.5,33.4
2023/2/6,1872.1,103.621,3.63,4.58,6.4,5.5,33.4
2023/2/7,1875.62,103.427,3.67,4.58,6.4,5.5,33.4
2023/2/8,1861.94,103.409,3.63,4.58,6.4,5.5,33.4
2023/2/9,1865.91,103.221,3.67,4.57,6.4,5.5,33.4
2023/2/10,1865.91,103.63,3.74,4.58,6.4,5.5,33.4
2023/2/11,1866.21,103.63,3.74,4.58,6.4,5.5,33.4
2023/2/12,1853.75,103.608,3.74,4.58,6.4,5.5,33.4
2023/2/13,1854.45,103.345,3.72,4.58,6.4,5.5,33.4
2023/2/14,1836.1,103.233,3.77,4.58,6.4,5.5,33.4
2023/2/15,1836.62,103.923,3.81,4.58,6.4,5.5,33.4
2023/2/16,1843,103.856,3.86,4.58,6.4,5.5,33.4
2023/2/17,1843,103.862,3.82,4.58,6.4,5.5,33.4
2023/2/18,1843.3,103.862,3.82,4.58,6.4,5.5,33.4
2023/2/19,1841.9,103.978,3.82,4.58,6.4,5.5,33.4
2023/2/20,1835.27,103.858,3.82,4.58,6.4,5.5,33.4
2023/2/21,1825.53,104.176,3.95,4.58,6.4,5.5,33.4
2023/2/22,1822.45,104.585,3.93,4.58,6.4,5.5,33.4
2023/2/23,1811.74,104.598,3.88,4.58,6.4,5.5,33.4
2023/2/24,1811.74,105.214,3.95,4.58,6.4,5.5,33.4
2023/2/25,1811.74,105.214,3.95,4.58,6.4,5.5,33.4
2023/2/26,1817.3,105.181,3.95,4.58,6.4,5.5,33.4
2023/2/27,1827.03,104.673,3.92,4.57,6.4,5.5,33.4
2023/2/28,1836.8,104.869,3.92,4.57,6,5.2,33.4
2023/3/1,1835.93,104.483,4.01,4.58,6,5.2,33.4
2023/3/2,1856.78,105.027,4.08,4.57,6,5.2,33.4
2023/3/3,1856.78,104.521,3.97,4.57,6,5.2,33.4
2023/3/4,1856.78,104.521,3.97,4.57,6,5.2,33.4
2023/3/5,1846.95,104.627,3.97,4.57,6,5.2,33.4
2023/3/6,1813.77,104.35,3.98,4.57,6,5.2,33.4
2023/3/7,1814.12,105.615,3.97,4.57,6,5.2,33.4
2023/3/8,1831.15,105.658,3.98,4.57,6,5.2,33.4
2023/3/9,1867.87,105.309,3.93,4.57,6,5.2,33.4
2023/3/10,1867.87,104.576,3.7,4.57,6,5.2,33.4
2023/3/11,1867.73,104.576,3.7,4.57,6,5.2,33.4
2023/3/12,1913.86,104.307,3.7,4.57,6,5.2,33.4
2023/3/13,1904.17,103.595,3.55,4.58,6,5.2,33.4
2023/3/14,1919.84,103.597,3.64,4.58,6,5.2,33.4
2023/3/15,1919.46,104.646,3.51,4.58,6,5.2,33.4
2023/3/16,1989.87,104.418,3.56,4.58,6,5.2,33.4
2023/3/17,1989.87,103.708,3.39,4.58,6,5.2,33.4
2023/3/18,1989.87,103.708,3.39,4.58,6,5.2,33.4
2023/3/19,1979.07,103.77,3.39,4.58,6,5.2,33.4
2023/3/20,1940.44,103.281,3.47,4.58,6,5.2,33.4
2023/3/21,1969.95,103.256,3.59,4.58,6,5.2,33.4
2023/3/22,1993.46,102.346,3.48,4.58,6,5.2,33.4
2023/3/23,1979.11,102.532,3.38,4.83,6,5.2,33.4
2023/3/24,1979.11,103.116,3.38,4.83,6,5.2,33.4
2023/3/25,1979.11,103.116,3.38,4.83,6,5.2,33.4
2023/3/26,1956.73,103.009,3.38,4.83,6,5.2,33.4
2023/3/27,1973.99,102.857,3.53,4.83,6,5.2,33.4
2023/3/28,1964.66,102.43,3.55,4.83,5,4.4,28.44
2023/3/29,1980.59,102.64,3.57,4.83,5,4.4,28.44
2023/3/30,1970.07,102.144,3.55,4.83,5,4.4,28.44
2023/3/31,1970.07,102.506,3.48,4.83,5,4.4,28.44
2023/4/1,1970.07,102.506,3.48,4.83,5,4.4,28.44
2023/4/2,1984.53,102.917,3.48,4.83,5,4.4,28.44
2023/4/3,2020.63,102.093,3.43,4.83,5,4.4,28.44
2023/4/4,2020.78,101.586,3.35,4.83,5,4.4,28.44
2023/4/5,2007.97,101.852,3.3,4.83,5,4.4,28.44
2023/4/6,2007.97,101.822,3.3,4.83,5,4.4,28.44
2023/4/7,2007.97,102.092,3.39,4.83,5,4.4,28.44
2023/4/8,2007.97,102.092,3.39,4.83,5,4.4,28.44
2023/4/9,1991.61,102.026,3.39,4.83,5,4.4,28.44
2023/4/10,2003.71,102.578,3.41,4.83,5,4.4,28.44
2023/4/11,2015.07,102.204,3.43,4.83,5,4.4,28.44
2023/4/12,2040.59,101.5,3.41,4.83,5,4.4,28.44
2023/4/13,2004.72,101.011,3.45,4.83,5,4.4,28.44
2023/4/14,2004.72,101.552,3.52,4.83,5,4.4,28.44
2023/4/15,2004.72,101.552,3.52,4.83,5,4.4,28.44
2023/4/16,1995.25,101.671,3.52,4.83,5,4.4,28.44
2023/4/17,2005.52,102.103,3.6,4.83,5,4.4,28.44
2023/4/18,1995.22,101.745,3.58,4.83,5,4.4,28.44
2023/4/19,2004.95,101.968,3.6,4.83,5,4.4,28.44
2023/4/20,1982.99,101.84,3.54,4.83,5,4.4,28.44
2023/4/21,1982.99,101.822,3.57,4.83,5,4.4,28.44
2023/4/22,1982.99,101.822,3.57,4.83,5,4.4,28.44
2023/4/23,1989.25,101.688,3.57,4.83,5,4.4,28.44
2023/4/24,1997.44,101.348,3.52,4.83,5,4.4,28.44
2023/4/25,1989.21,101.863,3.4,4.83,5,4.4,28.44
2023/4/26,1987.9,101.467,3.43,4.83,5,4.4,28.44
2023/4/27,1990.16,101.503,3.53,4.83,5,4.4,28.44
2023/4/28,1990.16,101.659,3.44,4.83,4.9,4.5,28.44
2023/4/29,1990.16,101.659,3.44,4.83,4.9,4.5,28.44
2023/4/30,1982.75,101.728,3.44,4.83,4.9,4.5,28.44
2023/5/1,2016.88,102.151,3.59,4.83,4.9,4.5,28.44
2023/5/2,2039.07,101.958,3.44,4.83,4.9,4.5,28.44
2023/5/3,2050.36,101.343,3.38,4.83,4.9,4.5,28.44
2023/5/4,2017.26,101.399,3.37,5.08,4.9,4.5,28.44
2023/5/5,2017.26,101.214,3.44,5.08,4.9,4.5,28.44
2023/5/6,2017.26,101.214,3.44,5.08,4.9,4.5,28.44
2023/5/7,2021.35,101.323,3.44,5.08,4.9,4.5,28.44
2023/5/8,2034.62,101.377,3.52,5.08,4.9,4.5,28.44
2023/5/9,2030.44,101.605,3.53,5.08,4.9,4.5,28.44
2023/5/10,2015.15,101.477,3.43,5.08,4.9,4.5,28.44
2023/5/11,2011.53,102.058,3.39,5.08,4.9,4.5,28.44
2023/5/12,2011.53,102.681,3.46,5.08,4.9,4.5,28.44
2023/5/13,2011.53,102.681,3.46,5.08,4.9,4.5,28.44
2023/5/14,2016.58,102.693,3.46,5.08,4.9,4.5,28.44
2023/5/15,1989.43,102.434,3.5,5.08,4.9,4.5,28.44
2023/5/16,1981.8,102.564,3.54,5.08,4.9,4.5,28.44
2023/5/17,1957.8,102.882,3.57,5.08,4.9,4.5,28.44
2023/5/18,1977.36,103.584,3.65,5.08,4.9,4.5,28.44
2023/5/19,1977.36,103.198,3.7,5.08,4.9,4.5,28.44
2023/5/20,1977.36,103.198,3.7,5.08,4.9,4.5,28.44
2023/5/21,1972.05,103.056,3.7,5.08,4.9,4.5,28.44
2023/5/22,1975.35,103.198,3.72,5.08,4.9,4.5,28.44
2023/5/23,1957.84,103.488,3.7,5.08,4.9,4.5,28.44
2023/5/24,1941.31,103.887,3.73,5.08,4.9,4.5,28.44
2023/5/25,1946.93,104.251,3.83,5.08,4.9,4.5,28.44
2023/5/26,1946.93,104.206,3.8,5.08,4.9,4.5,28.44
2023/5/27,1946.93,104.206,3.8,5.08,4.9,4.5,28.44
2023/5/28,1944.85,104.273,3.8,5.08,4,4,28.44
2023/5/29,1959.63,104.206,3.8,5.08,4,4,28.44
2023/5/30,1962.93,104.165,3.69,5.08,4,4,28.44
2023/5/31,1977.75,104.326,3.64,5.08,4,4,28.44
2023/6/1,1948.44,103.56,3.61,5.08,4,4,28.44
2023/6/2,1948.44,104.015,3.69,5.08,4,4,28.44
2023/6/3,1948.44,104.015,3.69,5.08,4,4,28.44
2023/6/4,1961.96,104.015,3.69,5.08,4,4,28.44
2023/6/5,1963.8,104.002,3.69,5.08,4,4,28.44
2023/6/6,1940.16,104.125,3.7,5.08,4,4,28.44
2023/6/7,1965.44,104.099,3.79,5.08,4,4,28.44
2023/6/8,1960.93,103.343,3.73,5.08,4,4,28.44
2023/6/9,1960.93,103.557,3.75,5.08,4,4,28.44
2023/6/10,1960.93,103.557,3.75,5.08,4,4,28.44
2023/6/11,1957.87,103.557,3.75,5.08,4,4,28.44
2023/6/12,1943.9,103.654,3.73,5.08,4,4,28.44
2023/6/13,1942.65,103.338,3.84,5.08,4,4,28.44
2023/6/14,1958.24,102.948,3.83,5.08,4,4,28.44
2023/6/15,1958.83,102.115,3.72,5.07,4,4,28.44
2023/6/16,1958.83,102.243,3.77,5.08,4,4,28.44
2023/6/17,1958.83,102.243,3.77,5.08,4,4,28.44
2023/6/18,1950.83,102.243,3.77,5.08,4,4,28.44
2023/6/19,1936.55,102.522,3.77,5.08,4,4,28.44
2023/6/20,1932.48,102.54,3.74,5.07,4,4,28.44
2023/6/21,1914.25,102.071,3.72,5.07,4,4,28.44
2023/6/22,1919.7,102.386,3.8,5.07,4,4,28.44
2023/6/23,1919.7,102.903,3.74,5.07,4,4,28.44
2023/6/24,1919.7,102.903,3.74,5.07,4,4,28.44
2023/6/25,1923.41,102.903,3.74,5.07,4,4,28.44
2023/6/26,1913.91,102.692,3.72,5.07,4,4,28.44
2023/6/27,1907.87,102.492,3.77,5.07,4,4,28.44
2023/6/28,1908.28,102.905,3.71,5.07,3,3.3,30.83
2023/6/29,1918.9,103.342,3.85,5.07,3,3.3,30.83
2023/6/30,1918.9,102.912,3.81,5.08,3,3.3,30.83
2023/7/1,1918.9,102.912,3.81,5.08,3,3.3,30.83
2023/7/2,1921.88,102.912,3.81,5.08,3,3.3,30.83
2023/7/3,1927.29,102.988,3.86,5.08,3,3.3,30.83
2023/7/4,1915.5,103.039,3.86,5.08,3,3.3,30.83
2023/7/5,1911.03,103.373,3.95,5.08,3,3.3,30.83
2023/7/6,1926.54,103.166,4.05,5.08,3,3.3,30.83
2023/7/7,1926.54,102.272,4.06,5.08,3,3.3,30.83
2023/7/8,1926.54,102.272,4.06,5.08,3,3.3,30.83
2023/7/9,1925.41,102.272,4.06,5.08,3,3.3,30.83
2023/7/10,1932.47,101.972,4.01,5.07,3,3.3,30.83
2023/7/11,1957.6,101.732,3.99,5.08,3,3.3,30.83
2023/7/12,1960.74,100.521,3.86,5.08,3,3.3,30.83
2023/7/13,1955.3,99.77,3.76,5.08,3,3.3,30.83
2023/7/14,1955.3,99.914,3.83,5.08,3,3.3,30.83
2023/7/15,1955.3,99.914,3.83,5.08,3,3.3,30.83
2023/7/16,1955.09,99.914,3.83,5.08,3,3.3,30.83
2023/7/17,1978.94,99.842,3.81,5.08,3,3.3,30.83
2023/7/18,1977.05,99.941,3.8,5.08,3,3.3,30.83
2023/7/19,1969.26,100.281,3.75,5.08,3,3.3,30.83
2023/7/20,1962.1,100.88,3.85,5.08,3,3.3,30.83
2023/7/21,1962.1,101.071,3.84,5.08,3,3.3,30.83
2023/7/22,1962.1,101.071,3.84,5.08,3,3.3,30.83
2023/7/23,1954.95,101.071,3.84,5.08,3,3.3,30.83
2023/7/24,1965.22,101.346,3.86,5.08,3,3.3,30.83
2023/7/25,1972.14,101.349,3.91,5.08,3,3.3,30.83
2023/7/26,1945.77,100.887,3.86,5.08,3,3.3,30.83
2023/7/27,1959.14,101.773,4.01,5.33,3,3.3,30.83
2023/7/28,1959.14,101.622,3.96,5.33,3.2,3.4,30.83
2023/7/29,1959.14,101.622,3.96,5.33,3.2,3.4,30.83
2023/7/30,1965.57,101.622,3.96,5.33,3.2,3.4,30.83
2023/7/31,1944.26,101.855,3.97,5.33,3.2,3.4,30.83
2023/8/1,1934.84,102.303,4.05,5.33,3.2,3.4,30.83
2023/8/2,1934.45,102.59,4.08,5.33,3.2,3.4,30.83
2023/8/3,1942.79,102.542,4.2,5.33,3.2,3.4,30.83
2023/8/4,1942.79,102.017,4.05,5.33,3.2,3.4,30.83
2023/8/5,1942.79,102.017,4.05,5.33,3.2,3.4,30.83
2023/8/6,1936.7,102.017,4.05,5.33,3.2,3.4,30.83
2023/8/7,1925.32,102.047,4.09,5.33,3.2,3.4,30.83
2023/8/8,1914.4,102.528,4.02,5.33,3.2,3.4,30.83
2023/8/9,1912.38,102.49,4,5.33,3.2,3.4,30.83
2023/8/10,1913.71,102.524,4.09,5.33,3.2,3.4,30.83
2023/8/11,1913.71,102.842,4.16,5.33,3.2,3.4,30.83
2023/8/12,1913.71,102.842,4.16,5.33,3.2,3.4,30.83
2023/8/13,1907.37,102.842,4.16,5.33,3.2,3.4,30.83
2023/8/14,1901.97,103.19,4.19,5.33,3.2,3.4,30.83
2023/8/15,1892.05,103.209,4.21,5.33,3.2,3.4,30.83
2023/8/16,1889.53,103.431,4.28,5.33,3.2,3.4,30.83
2023/8/17,1889.36,103.572,4.3,5.33,3.2,3.4,30.83
2023/8/18,1889.36,103.375,4.26,5.33,3.2,3.4,30.83
2023/8/19,1889.36,103.375,4.26,5.33,3.2,3.4,30.83
2023/8/20,1895.01,103.375,4.26,5.33,3.2,3.4,30.83
2023/8/21,1897.71,103.3,4.34,5.33,3.2,3.4,30.83
2023/8/22,1915.74,103.563,4.34,5.33,3.2,3.4,30.83
2023/8/23,1917.01,103.419,4.19,5.33,3.2,3.4,30.83
2023/8/24,1914.45,103.982,4.23,5.33,3.2,3.4,30.83
2023/8/25,1914.45,104.077,4.25,5.33,3.2,3.4,30.83
2023/8/26,1914.45,104.077,4.25,5.33,3.2,3.4,30.83
2023/8/27,1920.34,104.077,4.25,5.33,3.2,3.4,30.83
2023/8/28,1937.66,104.058,4.2,5.33,3.7,3.4,30.83
2023/8/29,1942.43,103.531,4.12,5.33,3.7,3.4,30.83
2023/8/30,1940.33,103.157,4.12,5.33,3.7,3.4,30.83
2023/8/31,1940.09,103.619,4.09,5.33,3.7,3.4,30.83
2023/9/1,1940.09,104.236,4.18,5.33,3.7,3.4,30.83
2023/9/2,1940.09,104.236,4.18,5.33,3.7,3.4,30.83
2023/9/3,1938.68,104.236,4.18,5.33,3.7,3.4,30.83
2023/9/4,1926.21,104.236,4.18,5.33,3.7,3.4,30.83
2023/9/5,1916.76,104.807,4.27,5.33,3.7,3.4,30.83
2023/9/6,1919.82,104.861,4.3,5.33,3.7,3.4,30.83
2023/9/7,1919.51,105.059,4.27,5.33,3.7,3.4,30.83
2023/9/8,1919.51,105.09,4.26,5.33,3.7,3.4,30.83
2023/9/9,1919.51,105.09,4.26,5.33,3.7,3.4,30.83
2023/9/10,1922.61,105.09,4.26,5.33,3.7,3.4,30.83
2023/9/11,1913.7,104.569,4.29,5.33,3.7,3.4,30.83
2023/9/12,1908.47,104.711,4.27,5.33,3.7,3.4,30.83
2023/9/13,1910.85,104.766,4.25,5.33,3.7,3.4,30.83
2023/9/14,1923.68,105.405,4.29,5.33,3.7,3.4,30.83
2023/9/15,1923.68,105.322,4.33,5.33,3.7,3.4,30.83
2023/9/16,1923.68,105.322,4.33,5.33,3.7,3.4,30.83
2023/9/17,1934,105.322,4.33,5.33,3.7,3.4,30.83
2023/9/18,1931.46,105.202,4.32,5.33,3.7,3.4,30.83
2023/9/19,1930.42,105.133,4.37,5.33,3.7,3.4,30.83
2023/9/20,1920.33,105.328,4.35,5.33,3.7,3.4,30.83
2023/9/21,1926.05,105.363,4.49,5.33,3.7,3.4,30.83
2023/9/22,1926.05,105.583,4.44,5.33,3.7,3.4,30.83
2023/9/23,1926.05,105.583,4.44,5.33,3.7,3.4,30.83
2023/9/24,1916.03,105.583,4.44,5.33,3.7,3.4,30.83
2023/9/25,1900.84,105.998,4.55,5.33,3.7,3.4,30.83
2023/9/26,1875.31,106.231,4.56,5.33,3.7,3.4,30.83
2023/9/27,1864.97,106.666,4.61,5.33,3.7,3.4,30.83
2023/9/28,1849.42,106.224,4.59,5.33,3.7,3.4,32.84
2023/9/29,1849.42,106.174,4.59,5.33,3.7,3.4,32.84
2023/9/30,1849.42,106.174,4.59,5.33,3.7,3.4,32.84
2023/10/1,1828.11,106.174,4.59,5.33,3.7,3.4,32.84
2023/10/2,1823.16,106.904,4.69,5.33,3.7,3.4,32.84
2023/10/3,1821.41,107,4.81,5.33,3.7,3.4,32.84
2023/10/4,1820.47,106.799,4.73,5.33,3.7,3.4,32.84
2023/10/5,1833.96,106.332,4.72,5.33,3.7,3.4,32.84
2023/10/6,1833.96,106.044,4.78,5.33,3.7,3.4,32.84
2023/10/7,1833.96,106.044,4.78,5.33,3.7,3.4,32.84
2023/10/8,1861.71,106.044,4.78,5.33,3.7,3.4,32.84
2023/10/9,1860.7,106.083,4.78,5.33,3.7,3.4,32.84
2023/10/10,1874.51,105.825,4.66,5.33,3.7,3.4,32.84
2023/10/11,1868.97,105.82,4.58,5.33,3.7,3.4,32.84
2023/10/12,1933.38,106.599,4.7,5.33,3.7,3.4,32.84
2023/10/13,1933.38,106.648,4.63,5.33,3.7,3.4,32.84
2023/10/14,1933.38,106.648,4.63,5.33,3.7,3.4,32.84
2023/10/15,1920.32,106.648,4.63,5.33,3.7,3.4,32.84
2023/10/16,1923.28,106.243,4.71,5.33,3.7,3.4,32.84
2023/10/17,1947.85,106.25,4.83,5.33,3.7,3.4,32.84
2023/10/18,1974.59,106.565,4.91,5.33,3.7,3.4,32.84
2023/10/19,1982.14,106.253,4.98,5.33,3.7,3.4,32.84
2023/10/20,1982.14,106.163,4.93,5.33,3.7,3.4,32.84
2023/10/21,1982.14,106.163,4.93,5.33,3.7,3.4,32.84
2023/10/22,1972.98,106.163,4.93,5.33,3.7,3.4,32.84
2023/10/23,1971.33,105.536,4.86,5.33,3.7,3.4,32.84
2023/10/24,1979.77,106.27,4.83,5.33,3.7,3.4,32.84
2023/10/25,1985.13,106.528,4.95,5.33,3.7,3.4,32.84
2023/10/26,2007.53,106.602,4.86,5.33,3.7,3.4,32.84
2023/10/27,2007.53,106.559,4.84,5.33,3.7,3.4,32.84
2023/10/28,2007.53,106.559,4.84,5.33,3.2,3,32.84
2023/10/29,1996.43,106.559,4.84,5.33,3.2,3,32.84
2023/10/30,1984.16,106.12,4.88,5.33,3.2,3,32.84
2023/10/31,1982.87,106.663,4.88,5.33,3.2,3,32.84
2023/11/1,1986.05,106.884,4.77,5.33,3.2,3,32.84
2023/11/2,1993.71,106.124,4.67,5.33,3.2,3,32.84
2023/11/3,1993.71,105.021,4.57,5.33,3.2,3,32.84
2023/11/4,1993.71,105.021,4.57,5.33,3.2,3,32.84
2023/11/5,1978.11,105.021,4.57,5.33,3.2,3,32.84
2023/11/6,1969.31,105.215,4.67,5.33,3.2,3,32.84
2023/11/7,1950.41,105.542,4.58,5.33,3.2,3,32.84
2023/11/8,1958.69,105.593,4.49,5.33,3.2,3,32.84
2023/11/9,1938.89,105.91,4.62,5.33,3.2,3,32.84
2023/11/10,1938.89,105.861,4.61,5.33,3.2,3,32.84
2023/11/11,1938.89,105.861,4.61,5.33,3.2,3,32.84
2023/11/12,1946.42,105.861,4.61,5.33,3.2,3,32.84
2023/11/13,1963.32,105.631,4.63,5.33,3.2,3,32.84
2023/11/14,1959.5,104.053,4.44,5.33,3.2,3,32.84
2023/11/15,1981.4,104.394,4.53,5.33,3.2,3,32.84
2023/11/16,1981.52,104.349,4.45,5.33,3.2,3,32.84
2023/11/17,1981.52,103.917,4.44,5.33,3.2,3,32.84
2023/11/18,1981.52,103.917,4.44,5.33,3.2,3,32.84
2023/11/19,1978.03,103.917,4.44,5.33,3.2,3,32.84
2023/11/20,1998.54,103.438,4.42,5.33,3.2,3,32.84
2023/11/21,1990.23,103.565,4.41,5.33,3.2,3,32.84
2023/11/22,1994,103.92,4.42,5.33,3.2,3,32.84
2023/11/23,2002.7,103.92,4.42,5.33,3.2,3,32.84
2023/11/24,2002.7,103.403,4.47,5.33,3.2,3,32.84
2023/11/25,2002.7,103.403,4.47,5.33,3.2,3,32.84
2023/11/26,2014.3,103.403,4.47,5.33,3.2,3,32.84
2023/11/27,2041.25,103.199,4.39,5.33,3.2,3,32.84
2023/11/28,2044.39,102.746,4.34,5.33,3.1,2.8,32.84
2023/11/29,2036.44,102.765,4.27,5.33,3.1,2.8,32.84
2023/11/30,2072.74,103.497,4.37,5.33,3.1,2.8,32.84
2023/12/1,2072.74,103.268,4.22,5.33,3.1,2.8,32.84
2023/12/2,2072.74,103.268,4.22,5.33,3.1,2.8,32.84
2023/12/3,2029.71,103.268,4.22,5.33,3.1,2.8,32.84
2023/12/4,2019.47,103.712,4.28,5.33,3.1,2.8,32.84
2023/12/5,2025.54,104.05,4.18,5.33,3.1,2.8,32.84
2023/12/6,2028.88,104.153,4.12,5.33,3.1,2.8,32.84
2023/12/7,2005.2,103.541,4.14,5.33,3.1,2.8,32.84
2023/12/8,2005.2,104.01,4.23,5.33,3.1,2.8,32.84
2023/12/9,2005.2,104.01,4.23,5.33,3.1,2.8,32.84
2023/12/10,1981.99,104.01,4.23,5.33,3.1,2.8,32.84
2023/12/11,1979.63,104.095,4.23,5.33,3.1,2.8,32.84
2023/12/12,2027.7,103.865,4.2,5.33,3.1,2.8,32.84
2023/12/13,2036.63,102.869,4.04,5.33,3.1,2.8,32.84
2023/12/14,2020.63,101.956,3.92,5.33,3.1,2.8,32.84
2023/12/15,2020.63,102.55,3.91,5.33,3.1,2.8,32.84
2023/12/16,2020.63,102.55,3.91,5.33,3.1,2.8,32.84
2023/12/17,2027.41,102.55,3.91,5.33,3.1,2.8,32.84
2023/12/18,2040.39,102.561,3.95,5.33,3.1,2.8,32.84
2023/12/19,2031.7,102.167,3.93,5.33,3.1,2.8,32.84
2023/12/20,2045.99,102.408,3.86,5.33,3.1,2.8,32.84
2023/12/21,2053.86,101.843,3.89,5.33,3.1,2.8,32.84
2023/12/22,2053.86,101.698,3.9,5.33,3.1,2.8,32.84
2023/12/23,2053.86,101.698,3.9,5.33,3.1,2.8,32.84
2023/12/24,2053.86,101.709,3.9,5.33,3.1,2.8,32.84
2023/12/25,2067.96,101.709,3.9,5.33,3.1,2.8,32.84
2023/12/26,2077.83,101.466,3.89,5.33,3.1,2.8,32.84
2023/12/27,2065.63,100.986,3.79,5.33,3.1,2.8,32.84
2023/12/28,2063.66,101.229,3.84,5.33,3.4,2.8,35.72
2023/12/29,2063.66,101.333,3.88,5.33,3.4,2.8,35.72
2023/12/30,2063.66,101.333,3.88,5.33,3.4,2.8,35.72
2023/12/31,2063.66,101.379,3.88,5.33,3.4,2.8,35.72
2024/1/1,2059.05,101.379,3.88,5.33,3.4,2.8,35.72
2024/1/2,2041.62,102.2,3.95,5.33,3.4,2.8,35.72
2024/1/3,2043.65,102.494,3.91,5.33,3.4,2.8,35.72
2024/1/4,2046.39,102.422,3.99,5.33,3.4,2.8,35.72
2024/1/5,2046.39,102.412,4.05,5.33,3.4,2.8,35.72
2024/1/6,2046.39,102.412,4.05,5.33,3.4,2.8,35.72
2024/1/7,2028.21,102.412,4.05,5.33,3.4,2.8,35.72
2024/1/8,2030.4,102.209,4.01,5.33,3.4,2.8,35.72
2024/1/9,2024.55,102.57,4.02,5.33,3.4,2.8,35.72
2024/1/10,2028.97,102.362,4.04,5.33,3.4,2.8,35.72
2024/1/11,2049.89,102.291,3.98,5.33,3.4,2.8,35.72
2024/1/12,2049.89,102.404,3.96,5.33,3.4,2.8,35.72
2024/1/13,2049.89,102.404,3.96,5.33,3.4,2.8,35.72
2024/1/14,2057.34,102.404,3.96,5.33,3.4,2.8,35.72
2024/1/15,2028.8,102.404,3.96,5.33,3.4,2.8,35.72
2024/1/16,2006.56,103.357,4.07,5.33,3.4,2.8,35.72
2024/1/17,2023.26,103.45,4.1,5.33,3.4,2.8,35.72
2024/1/18,2030.44,103.536,4.14,5.33,3.4,2.8,35.72
2024/1/19,2030.44,103.288,4.15,5.33,3.4,2.8,35.72
2024/1/20,2030.44,103.288,4.15,5.33,3.4,2.8,35.72
2024/1/21,2021.8,103.266,4.15,5.33,3.4,2.8,35.72
2024/1/22,2029.57,103.331,4.11,5.33,3.4,2.8,35.72
2024/1/23,2013.84,103.617,4.14,5.33,3.4,2.8,35.72
2024/1/24,2021.05,103.236,4.18,5.33,3.4,2.8,35.72
2024/1/25,2019.23,103.574,4.14,5.33,3.4,2.8,35.72
2024/1/26,2019.23,103.433,4.15,5.33,3.4,2.8,35.72
2024/1/27,2019.23,103.433,4.15,5.33,3.4,2.8,35.72
2024/1/28,2033.45,103.548,4.15,5.33,3.1,2.7,35.72
2024/1/29,2037.05,103.609,4.08,5.33,3.1,2.7,35.72
2024/1/30,2039.8,103.397,4.06,5.33,3.1,2.7,35.72
2024/1/31,2055.05,103.274,3.99,5.33,3.1,2.7,35.72
2024/2/1,2038.07,103.048,3.87,5.33,3.1,2.7,35.72
2024/2/2,2040.62,103.922,4.03,5.33,3.1,2.7,35.72
2024/2/3,2040.62,103.922,4.03,5.33,3.1,2.7,35.72
2024/2/4,2025.33,104.04,4.03,5.33,3.1,2.7,35.72
2024/2/5,2036.05,104.452,4.17,5.33,3.1,2.7,35.72
2024/2/6,2035.22,104.213,4.09,5.33,3.1,2.7,35.72
2024/2/7,2034.61,104.057,4.09,5.33,3.1,2.7,35.72
2024/2/8,2024.61,104.165,4.15,5.33,3.1,2.7,35.72
2024/2/9,2025.42,104.111,4.17,5.33,3.1,2.7,35.72
2024/2/10,2025.42,104.111,4.17,5.33,3.1,2.7,35.72
2024/2/11,2020.2,103.992,4.17,5.33,3.1,2.7,35.72
2024/2/12,1993.19,104.17,4.17,5.33,3.1,2.7,35.72
2024/2/13,1992.5,104.96,4.31,5.33,3.1,2.7,35.72
2024/2/14,2004.56,104.723,4.27,5.33,3.1,2.7,35.72
2024/2/15,2013.81,104.296,4.24,5.33,3.1,2.7,35.72
2024/2/16,2013.81,104.296,4.3,5.33,3.1,2.7,35.72
2024/2/17,2013.81,104.296,4.3,5.33,3.1,2.7,35.72
2024/2/18,2018.17,104.217,4.3,5.33,3.1,2.7,35.72
2024/2/19,2024.34,104.291,4.3,5.33,3.1,2.7,35.72
2024/2/20,2026.04,104.079,4.27,5.33,3.1,2.7,35.72
2024/2/21,2024.59,104.006,4.32,5.33,3.1,2.7,35.72
2024/2/22,2036.27,103.957,4.33,5.33,3.1,2.7,35.72
2024/2/23,2036.27,103.936,4.26,5.33,3.1,2.7,35.72
2024/2/24,2036.54,103.936,4.26,5.33,3.1,2.7,35.72
2024/2/25,2031.32,103.977,4.26,5.33,3.1,2.7,35.72
2024/2/26,2030.53,103.827,4.28,5.33,3.1,2.7,35.72
2024/2/27,2034.55,103.829,4.31,5.33,3.1,2.7,35.72
2024/2/28,2044.41,103.975,4.27,5.33,3.2,2.7,35.72
2024/2/29,2083.63,104.156,4.25,5.33,3.2,2.7,35.72
2024/3/1,2083.63,103.861,4.19,5.33,3.2,2.7,35.72
2024/3/2,2083.63,103.861,4.19,5.33,3.2,2.7,35.72
2024/3/3,2114.94,103.869,4.19,5.33,3.2,2.7,35.72
2024/3/4,2127.98,103.832,4.22,5.33,3.2,2.7,35.72
2024/3/5,2148.57,103.798,4.13,5.33,3.2,2.7,35.72
2024/3/6,2160.75,103.369,4.11,5.33,3.2,2.7,35.72
2024/3/7,2177.3,102.823,4.09,5.33,3.2,2.7,35.72
2024/3/8,2177.3,102.712,4.09,5.33,3.2,2.7,35.72
2024/3/9,2177.3,102.712,4.09,5.33,3.2,2.7,35.72
2024/3/10,2182.78,102.685,4.09,5.33,3.2,2.7,35.72
2024/3/11,2159.03,102.869,4.1,5.33,3.2,2.7,35.72
2024/3/12,2174.62,102.957,4.16,5.33,3.2,2.7,35.72
2024/3/13,2162.31,102.789,4.19,5.33,3.2,2.7,35.72
2024/3/14,2157.16,103.36,4.29,5.33,3.2,2.7,35.72
2024/3/15,2157.02,103.432,4.31,5.33,3.2,2.7,35.72
2024/3/16,2157.02,103.432,4.31,5.33,3.2,2.7,35.72
2024/3/17,2160.58,103.464,4.31,5.33,3.2,2.7,35.72
2024/3/18,2157.99,103.432,4.34,5.33,3.2,2.7,35.72
2024/3/19,2186.45,102.429,4.3,5.33,3.2,2.7,35.72
2024/3/20,2181.51,101.991,4.27,5.33,3.2,2.7,35.72
2024/3/21,2165.68,102.616,4.27,5.33,3.2,2.7,35.72
2024/3/22,2165.68,103.122,4.22,5.33,3.2,2.7,35.72
2024/3/23,2166.19,103.122,4.22,5.33,3.2,2.7,35.72
2024/3/24,2171.82,104.414,4.22,5.33,3.2,2.7,35.72
2024/3/25,2178.9,102.869,4.25,5.33,3.2,2.7,35.72
2024/3/26,2194.98,102.921,4.24,5.33,3.2,2.7,35.72
2024/3/27,2234.51,102.994,4.2,5.33,3.2,2.7,35.72
2024/3/28,2235.03,103.189,4.2,5.33,3.5,2.9,30.48
2024/3/29,2235.03,104.487,4.2,5.33,3.5,2.9,30.48
2024/3/30,2235.03,104.487,4.2,5.33,3.5,2.9,30.48
2024/3/31,2251.61,104.495,4.2,5.33,3.5,2.9,30.48
2024/4/1,2280.79,103.679,4.33,5.33,3.5,2.9,30.48
2024/4/2,2299.86,103.482,4.36,5.33,3.5,2.9,30.48
2024/4/3,2291.34,102.927,4.36,5.33,3.5,2.9,30.48
2024/4/4,2327.89,102.816,4.31,5.33,3.5,2.9,30.48
2024/4/5,2331.1,103.001,4.39,5.33,3.5,2.9,30.48
2024/4/6,2331.1,103.001,4.39,5.33,3.5,2.9,30.48
2024/4/7,2339.58,104.365,4.39,5.33,3.5,2.9,30.48
2024/4/8,2352.95,102.842,4.42,5.33,3.5,2.9,30.48
2024/4/9,2334.38,102.852,4.36,5.33,3.5,2.9,30.48
2024/4/10,2372.6,103.951,4.55,5.33,3.5,2.9,30.48
2024/4/11,2343.18,103.984,4.56,5.33,3.5,2.9,30.48
2024/4/12,2345.48,104.742,4.5,5.33,3.5,2.9,30.48
2024/4/13,2345.48,104.742,4.5,5.33,3.5,2.9,30.48
2024/4/14,2383.2,105.964,4.5,5.33,3.5,2.9,30.48
2024/4/15,2382.69,104.923,4.63,5.33,3.5,2.9,30.48
2024/4/16,2360.26,104.99,4.67,5.33,3.5,2.9,30.48
2024/4/17,2379.57,104.704,4.59,5.33,3.5,2.9,30.48
2024/4/18,2390.21,104.902,4.64,5.33,3.5,2.9,30.48
2024/4/19,2393.23,104.909,4.62,5.33,3.5,2.9,30.48
2024/4/20,2393.23,104.909,4.62,5.33,3.5,2.9,30.48
2024/4/21,2327.34,106.106,4.62,5.33,3.5,2.9,30.48
2024/4/22,2322.24,104.828,4.62,5.33,3.5,2.9,30.48
2024/4/23,2316.05,104.42,4.61,5.33,3.5,2.9,30.48
2024/4/24,2332.55,104.615,4.65,5.33,3.5,2.9,30.48
2024/4/25,2336.97,104.366,4.7,5.33,3.5,2.9,30.48
2024/4/26,2338.98,104.72,4.67,5.33,3.5,2.9,30.48
2024/4/27,2338.99,104.72,4.67,5.33,3.5,2.9,30.48
2024/4/28,2335.7,105.973,4.67,5.33,3.4,2.8,30.48
2024/4/29,2286.02,104.368,4.63,5.33,3.4,2.8,30.48
2024/4/30,2319.28,105.02,4.69,5.33,3.4,2.8,30.48
2024/5/1,2304.05,104.538,4.63,5.33,3.4,2.8,30.48
2024/5/2,2302.57,104.108,4.58,5.33,3.4,2.8,30.48
2024/5/3,2302.41,103.848,4.5,5.33,3.4,2.8,30.48
2024/5/4,2302.41,103.848,4.5,5.33,3.4,2.8,30.48
2024/5/5,2324.23,105.173,4.5,5.33,3.4,2.8,30.48
2024/5/6,2314.27,103.854,4.49,5.33,3.4,2.8,30.48
2024/5/7,2308.55,104.22,4.47,5.33,3.4,2.8,30.48
2024/5/8,2346.35,104.341,4.48,5.33,3.4,2.8,30.48
2024/5/9,2361.8,104.029,4.45,5.33,3.4,2.8,30.48
2024/5/10,2361.8,104.09,4.5,5.33,3.4,2.8,30.48
2024/5/11,2361.74,104.09,4.5,5.33,3.4,2.8,30.48
2024/5/12,2336.56,105.33,4.5,5.33,3.4,2.8,30.48
2024/5/13,2358.18,104.008,4.48,5.33,3.4,2.8,30.48
2024/5/14,2386.16,103.802,4.45,5.33,3.4,2.8,30.48
2024/5/15,2376.84,103.122,4.36,5.33,3.4,2.8,30.48
2024/5/16,2417.97,103.255,4.38,5.33,3.4,2.8,30.48
2024/5/17,2415.8,103.235,4.42,5.33,3.4,2.8,30.48
2024/5/18,2415.8,103.235,4.42,5.33,3.4,2.8,30.48
2024/5/19,2426.53,104.476,4.42,5.33,3.4,2.8,30.48
2024/5/20,2420.98,103.365,4.44,5.33,3.4,2.8,30.48
2024/5/21,2378.8,103.451,4.41,5.33,3.4,2.8,30.48
2024/5/22,2328.88,103.731,4.43,5.33,3.4,2.8,30.48
2024/5/23,2334.46,103.931,4.47,5.33,3.4,2.8,30.48
2024/5/24,2335.12,103.543,4.46,5.33,3.4,2.8,30.48
2024/5/25,2335.12,103.543,4.46,5.33,3.4,2.8,30.48
2024/5/26,2352.48,104.742,4.46,5.33,3.4,2.8,30.48
2024/5/27,2361.57,103.543,4.46,5.33,3.4,2.8,30.48
2024/5/28,2337.98,103.449,4.54,5.33,3.3,2.7,30.48
2024/5/29,2343.46,103.934,4.61,5.33,3.3,2.7,30.48
2024/5/30,2329.69,103.563,4.55,5.33,3.3,2.7,30.48
2024/5/31,2329.69,103.547,4.51,5.33,3.3,2.7,30.48
2024/6/1,2328.46,103.547,4.51,5.33,3.3,2.7,30.48
2024/6/2,2350.99,104.583,4.51,5.33,3.3,2.7,30.48
2024/6/3,2327.06,103.013,4.41,5.33,3.3,2.7,30.48
2024/6/4,2355.52,103,4.33,5.33,3.3,2.7,30.48
2024/6/5,2376.01,103.169,4.29,5.33,3.3,2.7,30.48
2024/6/6,2291.62,103.007,4.28,5.33,3.3,2.7,30.48
2024/6/7,2294.63,103.8,4.43,5.33,3.3,2.7,30.48
2024/6/8,2294.63,103.8,4.43,5.33,3.3,2.7,30.48
2024/6/9,2311.16,105.056,4.43,5.33,3.3,2.7,30.48
2024/6/10,2317.08,104.047,4.47,5.33,3.3,2.7,30.48
2024/6/11,2325.19,104.117,4.39,5.33,3.3,2.7,30.48
2024/6/12,2304.17,103.512,4.31,5.33,3.3,2.7,30.48
2024/6/13,2332.42,104.102,4.24,5.33,3.3,2.7,30.48
2024/6/14,2333.94,104.467,4.2,5.33,3.3,2.7,30.48
2024/6/15,2333.94,104.467,4.2,5.33,3.3,2.7,30.48
2024/6/16,2319.27,105.55,4.2,5.33,3.3,2.7,30.48
2024/6/17,2329.64,104.244,4.28,5.33,3.3,2.7,30.48
2024/6/18,2328.81,104.176,4.22,5.33,3.3,2.7,30.48
2024/6/19,2360.15,104.176,4.22,5.33,3.3,2.7,30.48
2024/6/20,2321.64,104.527,4.25,5.33,3.3,2.7,30.48
2024/6/21,2321.64,104.713,4.25,5.33,3.3,2.7,30.48
2024/6/22,2321.64,104.713,4.25,5.33,3.3,2.7,30.48
2024/6/23,2334.65,105.879,4.25,5.33,3.3,2.7,30.48
2024/6/24,2319.67,104.391,4.25,5.33,3.3,2.7,30.48
2024/6/25,2298.52,104.529,4.23,5.33,3.3,2.7,30.48
2024/6/26,2327.88,104.984,4.32,5.33,3.3,2.7,30.48
2024/6/27,2325.62,104.841,4.29,5.33,3.3,2.7,30.48
2024/6/28,2325.62,104.815,4.36,5.33,3,2.5,32.88
2024/6/29,2325.62,104.815,4.36,5.33,3,2.5,32.88
2024/6/30,2331.95,105.733,4.36,5.33,3,2.5,32.88
2024/7/1,2329.73,104.847,4.48,5.33,3,2.5,32.88
2024/7/2,2356.33,104.667,4.43,5.33,3,2.5,32.88
2024/7/3,2357.22,104.372,4.36,5.33,3,2.5,32.88
2024/7/4,2391.5,104.372,4.36,5.33,3,2.5,32.88
2024/7/5,2392.48,103.818,4.28,5.33,3,2.5,32.88
2024/7/6,2392.48,103.818,4.28,5.33,3,2.5,32.88
2024/7/7,2359.28,104.949,4.28,5.33,3,2.5,32.88
2024/7/8,2364.27,103.938,4.28,5.33,3,2.5,32.88
2024/7/9,2371.72,104.077,4.3,5.33,3,2.5,32.88
2024/7/10,2415.58,103.989,4.28,5.33,3,2.5,32.88
2024/7/11,2411.92,103.396,4.2,5.33,3,2.5,32.88
2024/7/12,2412.06,103.048,4.18,5.33,3,2.5,32.88
2024/7/13,2412.06,103.048,4.18,5.33,3,2.5,32.88
2024/7/14,2422.51,104.284,4.18,5.33,3,2.5,32.88
2024/7/15,2469,103.162,4.23,5.33,3,2.5,32.88
2024/7/16,2459.11,103.244,4.17,5.33,3,2.5,32.88
2024/7/17,2445.54,102.723,4.16,5.33,3,2.5,32.88
2024/7/18,2431.28,103.165,4.2,5.33,3,2.5,32.88
2024/7/19,2431.28,103.392,4.25,5.33,3,2.5,32.88
2024/7/20,2431.28,103.392,4.25,5.33,3,2.5,32.88
2024/7/21,2396.66,104.229,4.25,5.33,3,2.5,32.88
2024/7/22,2409.67,103.317,4.26,5.33,3,2.5,32.88
2024/7/23,2397.29,103.45,4.25,5.33,3,2.5,32.88
2024/7/24,2372.67,103.397,4.28,5.33,3,2.5,32.88
2024/7/25,2388.12,103.383,4.27,5.33,3,2.5,32.88
2024/7/26,2388.12,103.334,4.2,5.33,3,2.5,32.88
2024/7/27,2388.12,103.334,4.2,5.33,3,2.5,32.88
2024/7/28,2384.25,104.374,4.2,5.33,2.9,2.6,32.88
2024/7/29,2411.07,103.574,4.17,5.33,2.9,2.6,32.88
2024/7/30,2447.86,103.584,4.15,5.33,2.9,2.6,32.88
2024/7/31,2446.57,103.124,4.09,5.33,2.9,2.6,32.88
2024/8/1,2444.09,103.47,3.99,5.33,2.9,2.6,32.88
2024/8/2,2443.92,102.318,3.8,5.33,2.9,2.6,32.88
2024/8/3,2443.92,102.318,3.8,5.33,2.9,2.6,32.88
2024/8/4,2410.94,103.159,3.8,5.33,2.9,2.6,32.88
2024/8/5,2392.33,101.818,3.78,5.33,2.9,2.6,32.88
2024/8/6,2383.18,102.103,3.9,5.33,2.9,2.6,32.88
2024/8/7,2427.72,102.333,3.96,5.33,2.9,2.6,32.88
2024/8/8,2432.47,102.347,3.99,5.33,2.9,2.6,32.88
2024/8/9,2432.38,102.282,3.94,5.33,2.9,2.6,32.88
2024/8/10,2432.38,102.282,3.94,5.33,2.9,2.6,32.88
2024/8/11,2472.78,103.226,3.94,5.33,2.9,2.6,32.88
2024/8/12,2465.19,102.271,3.9,5.33,2.9,2.6,32.88
2024/8/13,2447.91,101.69,3.85,5.33,2.9,2.6,32.88
2024/8/14,2456.83,101.7,3.83,5.33,2.9,2.6,32.88
2024/8/15,2509.24,102.123,3.92,5.33,2.9,2.6,32.88
2024/8/16,2508.43,101.622,3.89,5.33,2.9,2.6,32.88
2024/8/17,2508.43,101.622,3.89,5.33,2.9,2.6,32.88
2024/8/18,2504.41,102.46,3.89,5.33,2.9,2.6,32.88
2024/8/19,2514.27,101.021,3.86,5.33,2.9,2.6,32.88
2024/8/20,2512.52,100.599,3.82,5.33,2.9,2.6,32.88
2024/8/21,2484.95,100.21,3.79,5.33,2.9,2.6,32.88
2024/8/22,2511.16,100.699,3.86,5.33,2.9,2.6,32.88
2024/8/23,2513.8,99.911,3.81,5.33,2.9,2.6,32.88
2024/8/24,2513.8,99.911,3.81,5.33,2.9,2.6,32.88
2024/8/25,2518.28,100.663,3.81,5.33,2.9,2.6,32.88
2024/8/26,2524.82,100.046,3.82,5.33,2.9,2.6,32.88
2024/8/27,2504.76,99.765,3.83,5.33,2.9,2.6,32.88
2024/8/28,2521.69,100.3,3.84,5.33,2.5,2.4,32.88
2024/8/29,2502.72,100.57,3.87,5.33,2.5,2.4,32.88
2024/8/30,2503.82,100.924,3.91,5.33,2.5,2.4,32.88
2024/8/31,2503.82,100.924,3.91,5.33,2.5,2.4,32.88
2024/9/1,2505.5,101.761,3.91,5.33,2.5,2.4,32.88
2024/9/2,2493.17,100.924,3.91,5.33,2.5,2.4,32.88
2024/9/3,2495.91,101.066,3.84,5.33,2.5,2.4,32.88
2024/9/4,2517.13,100.596,3.77,5.33,2.5,2.4,32.88
2024/9/5,2496.49,100.369,3.73,5.33,2.5,2.4,32.88
2024/9/6,2498.18,100.428,3.72,5.33,2.5,2.4,32.88
2024/9/7,2498.17,100.428,3.72,5.33,2.5,2.4,32.88
2024/9/8,2506.57,101.204,3.72,5.33,2.5,2.4,32.88
2024/9/9,2516.92,100.81,3.7,5.33,2.5,2.4,32.88
2024/9/10,2511.94,100.89,3.65,5.33,2.5,2.4,32.88
2024/9/11,2558.95,100.987,3.65,5.33,2.5,2.4,32.88
2024/9/12,2557.93,100.76,3.68,5.33,2.5,2.4,32.88
2024/9/13,2557.93,100.545,3.66,5.33,2.5,2.4,32.88
2024/9/14,2557.93,100.545,3.66,5.33,2.5,2.4,32.88
2024/9/15,2582.76,101.023,3.66,5.33,2.5,2.4,32.88
2024/9/16,2569.56,100.215,3.63,5.33,2.5,2.4,32.88
2024/9/17,2559.49,100.347,3.65,5.33,2.5,2.4,32.88
2024/9/18,2586.97,100.057,3.7,5.33,2.5,2.4,32.88
2024/9/19,2621.43,100.091,3.73,5.33,2.5,2.4,32.88
2024/9/20,2621.43,100.193,3.73,4.83,2.5,2.4,32.88
2024/9/21,2621.43,100.193,3.73,4.83,2.5,2.4,32.88
2024/9/22,2628.91,100.777,3.73,4.83,2.5,2.4,32.88
2024/9/23,2657.49,100.33,3.75,4.83,2.5,2.4,32.88
2024/9/24,2657.48,99.929,3.74,4.83,2.5,2.4,32.88
2024/9/25,2672.55,100.394,3.79,4.83,2.5,2.4,32.88
2024/9/26,2653.72,100.016,3.79,4.83,2.5,2.4,32.88
2024/9/27,2653.72,99.879,3.75,4.83,2.5,2.4,32.88
2024/9/28,2653.72,99.879,3.75,4.83,2.4,2.3,34.18
2024/9/29,2634.95,100.44,3.75,4.83,2.4,2.3,34.18
2024/9/30,2663.59,100.283,3.81,4.83,2.4,2.3,34.18
2024/10/1,2658.95,100.671,3.74,4.83,2.4,2.3,34.18
2024/10/2,2647.82,101.145,3.79,4.83,2.4,2.3,34.18
2024/10/3,2647.82,101.475,3.85,4.83,2.4,2.3,34.18
2024/10/4,2647.82,101.975,3.98,4.83,2.4,2.3,34.18
2024/10/5,2647.82,101.975,3.98,4.83,2.4,2.3,34.18
2024/10/6,2642.77,102.531,3.98,4.83,2.4,2.3,34.18
2024/10/7,2621.91,101.981,4.03,4.83,2.4,2.3,34.18
2024/10/8,2607.96,101.983,4.04,4.83,2.4,2.3,34.18
2024/10/9,2630.12,102.375,4.06,4.83,2.4,2.3,34.18
2024/10/10,2656.95,102.438,4.09,4.83,2.4,2.3,34.18
2024/10/11,2656.95,102.342,4.08,4.83,2.4,2.3,34.18
2024/10/12,2656.95,102.342,4.08,4.83,2.4,2.3,34.18
2024/10/13,2649.14,103.035,4.08,4.83,2.4,2.3,34.18
2024/10/14,2662.78,102.742,4.08,4.83,2.4,2.3,34.18
2024/10/15,2674,102.705,4.03,4.83,2.4,2.3,34.18
2024/10/16,2693.17,103.055,4.02,4.83,2.4,2.3,34.18
2024/10/17,2700.34,103.297,4.09,4.83,2.4,2.3,34.18
2024/10/18,2700.34,102.957,4.08,4.83,2.4,2.3,34.18
2024/10/19,2700.34,102.957,4.08,4.83,2.4,2.3,34.18
2024/10/20,2719.75,103.468,4.08,4.83,2.4,2.3,34.18
2024/10/21,2749.35,103.484,4.19,4.83,2.4,2.3,34.18
2024/10/22,2715.71,103.549,4.2,4.83,2.4,2.3,34.18
2024/10/23,2736.39,103.917,4.24,4.83,2.4,2.3,34.18
2024/10/24,2745.49,103.559,4.21,4.83,2.4,2.3,34.18
2024/10/25,2748.61,103.762,4.25,4.83,2.4,2.3,34.18
2024/10/26,2748.61,103.762,4.25,4.83,2.4,2.3,34.18
2024/10/27,2742.61,104.385,4.25,4.83,2.4,2.3,34.18
2024/10/28,2774.95,103.808,4.28,4.83,2.6,2.5,34.18
2024/10/29,2787.69,103.816,4.28,4.83,2.6,2.5,34.18
2024/10/30,2744.14,103.487,4.29,4.83,2.6,2.5,34.18
2024/10/31,2734.77,103.503,4.28,4.83,2.6,2.5,34.18
2024/11/1,2734.77,103.833,4.37,4.83,2.6,2.5,34.18
2024/11/2,2734.77,103.833,4.37,4.83,2.6,2.5,34.18
2024/11/3,2736.77,103.949,4.37,4.83,2.6,2.5,34.18
2024/11/4,2744.33,103.435,4.31,4.83,2.6,2.5,34.18
2024/11/5,2659.35,102.979,4.26,4.83,2.6,2.5,34.18
2024/11/6,2706.63,104.64,4.42,4.83,2.6,2.5,34.18
2024/11/7,2697.11,104.025,4.31,4.83,2.6,2.5,34.18
2024/11/8,2685.46,104.545,4.3,4.83,2.6,2.5,34.18
2024/11/9,2685.46,104.545,4.3,4.58,2.6,2.5,34.18
2024/11/10,2619.73,105.016,4.3,4.58,2.6,2.5,34.18
2024/11/11,2598.41,105.107,4.3,4.58,2.6,2.5,34.18
2024/11/12,2573.12,105.595,4.43,4.58,2.6,2.5,34.18
2024/11/13,2565.15,106.034,4.44,4.58,2.6,2.5,34.18
2024/11/14,2561.77,106.253,4.43,4.58,2.6,2.5,34.18
2024/11/15,2563.42,106.255,4.43,4.58,2.6,2.5,34.18
2024/11/16,2563.42,106.255,4.43,4.58,2.6,2.5,34.18
2024/11/17,2612.14,106.731,4.43,4.58,2.6,2.5,34.18
2024/11/18,2632.35,105.846,4.42,4.58,2.6,2.5,34.18
2024/11/19,2650.65,105.783,4.39,4.58,2.6,2.5,34.18
2024/11/20,2670.08,106.256,4.41,4.58,2.6,2.5,34.18
2024/11/21,2712.21,106.565,4.43,4.58,2.6,2.5,34.18
2024/11/22,2712.21,107.127,4.41,4.58,2.6,2.5,34.18
2024/11/23,2712.21,107.127,4.41,4.58,2.6,2.5,34.18
2024/11/24,2625.41,106.984,4.41,4.58,2.6,2.5,34.18
2024/11/25,2633.19,106.405,4.27,4.58,2.6,2.5,34.18
2024/11/26,2636.2,106.608,4.3,4.58,2.6,2.5,34.18
2024/11/27,2638.15,105.703,4.25,4.58,2.6,2.5,34.18
2024/11/28,2651.89,105.703,4.25,4.58,2.7,2.6,34.18
2024/11/29,2651.89,105.473,4.18,4.58,2.7,2.6,34.18
2024/11/30,2651.89,105.473,4.18,4.58,2.7,2.6,34.18
2024/12/1,2639.15,106.023,4.18,4.58,2.7,2.6,34.18
2024/12/2,2643.86,106.078,4.19,4.58,2.7,2.6,34.18
2024/12/3,2650.11,106.035,4.23,4.58,2.7,2.6,34.18
2024/12/4,2632.14,105.987,4.19,4.58,2.7,2.6,34.18
2024/12/5,2633.11,105.411,4.17,4.58,2.7,2.6,34.18
2024/12/6,2633.99,105.734,4.15,4.58,2.7,2.6,34.18
2024/12/7,2633.99,105.734,4.15,4.58,2.7,2.6,34.18
2024/12/8,2660.45,105.958,4.15,4.58,2.7,2.6,34.18
2024/12/9,2694.33,105.821,4.2,4.58,2.7,2.6,34.18
2024/12/10,2718.51,106.08,4.22,4.58,2.7,2.6,34.18
2024/12/11,2681.11,106.392,4.26,4.58,2.7,2.6,34.18
2024/12/12,2650.07,106.645,4.32,4.58,2.7,2.6,34.18
2024/12/13,2650.07,106.684,4.4,4.58,2.7,2.6,34.18
2024/12/14,2649.44,106.684,4.4,4.58,2.7,2.6,34.18
2024/12/15,2653.06,106.684,4.4,4.58,2.7,2.6,34.18
2024/12/16,2646.33,106.556,4.39,4.58,2.7,2.6,34.18
2024/12/17,2585.56,106.663,4.4,4.58,2.7,2.6,34.18
2024/12/18,2594.34,107.749,4.5,4.58,2.7,2.6,34.18
2024/12/19,2621.89,108.152,4.57,4.58,2.7,2.6,34.18
2024/12/20,2621.89,107.351,4.52,4.33,2.7,2.6,34.18
2024/12/21,2621.89,107.351,4.52,4.33,2.7,2.6,34.18
2024/12/22,2613.08,107.351,4.52,4.33,2.7,2.6,34.18
2024/12/23,2617.58,107.807,4.59,4.33,2.7,2.6,34.18
2024/12/24,2617.58,108.023,4.59,4.33,2.7,2.6,34.18
2024/12/25,2633.7,108.023,4.59,4.33,2.7,2.6,34.18
2024/12/26,2619.07,107.548,4.58,4.33,2.7,2.6,34.18
2024/12/27,2619.07,107.447,4.62,4.33,2.7,2.6,34.18
2024/12/28,2619.07,107.447,4.62,4.33,2.9,2.7,37.35
2024/12/29,2605.96,107.447,4.62,4.33,2.9,2.7,37.35
2024/12/30,2624.11,107.573,4.55,4.33,2.9,2.7,37.35
2024/12/31,2624.11,107.936,4.58,4.33,2.9,2.7,37.35
2025/1/1,2658.24,107.936,4.58,4.33,2.9,2.7,37.35
2025/1/2,2640.21,108.849,4.57,4.33,2.9,2.7,37.35
2025/1/3,2640.21,108.443,4.6,4.33,2.9,2.7,37.35
2025/1/4,2640.61,108.443,4.6,4.33,2.9,2.7,37.35
2025/1/5,2636.58,108.443,4.6,4.33,2.9,2.7,37.35
2025/1/6,2648.91,107.751,4.62,4.33,2.9,2.7,37.35
2025/1/7,2661.97,108.028,4.67,4.33,2.9,2.7,37.35
2025/1/8,2670.53,108.576,4.67,4.33,2.9,2.7,37.35
2025/1/9,2689.26,108.654,4.68,4.33,2.9,2.7,37.35
2025/1/10,2689.26,109.137,4.77,4.33,2.9,2.7,37.35
2025/1/11,2689.26,109.137,4.77,4.33,2.9,2.7,37.35
2025/1/12,2663.36,109.137,4.77,4.33,2.9,2.7,37.35
2025/1/13,2678.04,109.462,4.79,4.33,2.9,2.7,37.35
2025/1/14,2697.02,108.76,4.78,4.33,2.9,2.7,37.35
2025/1/15,2714.52,108.566,4.66,4.33,2.9,2.7,37.35
2025/1/16,2714.76,108.477,4.61,4.33,2.9,2.7,37.35
2025/1/17,2703.83,108.843,4.61,4.33,2.9,2.7,37.35
2025/1/18,2703.83,108.843,4.61,4.33,2.9,2.7,37.35
2025/1/19,2708.61,108.843,4.61,4.33,2.9,2.7,37.35
2025/1/20,2745.16,108.843,4.61,4.33,2.9,2.7,37.35
2025/1/21,2756.41,107.501,4.57,4.33,2.9,2.7,37.35
2025/1/22,2754.96,107.602,4.6,4.33,2.9,2.7,37.35
2025/1/23,2769.11,107.503,4.65,4.33,2.9,2.7,37.35
2025/1/24,2769.11,106.885,4.63,4.33,2.9,2.7,37.35
2025/1/25,2769.11,106.885,4.63,4.33,2.9,2.7,37.35
2025/1/26,2769.11,106.885,4.63,4.33,2.9,2.7,37.35
2025/1/27,2769.11,106.79,4.53,4.33,2.9,2.7,37.35
2025/1/28,2769.11,107.313,4.55,4.33,3,2.6,37.35
2025/1/29,2769.11,107.449,4.55,4.33,3,2.6,37.35
2025/1/30,2799.91,107.271,4.52,4.33,3,2.6,37.35
2025/1/31,2799.91,107.857,4.58,4.33,3,2.6,37.35
2025/2/1,2799.91,107.857,4.58,4.33,3,2.6,37.35
2025/2/2,2814.86,107.857,4.58,4.33,3,2.6,37.35
2025/2/3,2842.71,108.497,4.54,4.33,3,2.6,37.35
2025/2/4,2866.74,107.443,4.52,4.33,3,2.6,37.35
2025/2/5,2856.28,107.062,4.43,4.33,3,2.6,37.35
2025/2/6,2861.13,107.167,4.45,4.33,3,2.6,37.35
2025/2/7,2861.62,107.548,4.49,4.33,3,2.6,37.35
2025/2/8,2861.62,107.548,4.49,4.33,3,2.6,37.35
2025/2/9,2908.26,107.548,4.49,4.33,3,2.6,37.35
2025/2/10,2897.65,107.813,4.51,4.33,3,2.6,37.35
2025/2/11,2904.64,107.453,4.54,4.33,3,2.6,37.35
2025/2/12,2928.11,107.443,4.62,4.33,3,2.6,37.35
2025/2/13,2932.72,106.836,4.52,4.33,3,2.6,37.35
2025/2/14,2883.88,106.185,4.47,4.33,3,2.6,37.35
2025/2/15,2883.88,106.185,4.47,4.33,3,2.6,37.35
2025/2/16,2899.52,106.185,4.47,4.33,3,2.6,37.35
2025/2/17,2935.68,106.185,4.47,4.33,3,2.6,37.35
2025/2/18,2933.69,106.56,4.55,4.33,3,2.6,37.35
2025/2/19,2936.38,106.673,4.53,4.33,3,2.6,37.35
2025/2/20,2937.76,105.879,4.5,4.33,3,2.6,37.35
2025/2/21,2937.14,106.124,4.42,4.33,3,2.6,37.35
2025/2/22,2937.14,106.124,4.42,4.33,3,2.6,37.35
2025/2/23,2953.2,106.124,4.42,4.33,3,2.6,37.35
2025/2/24,2915.15,106.114,4.4,4.33,3,2.6,37.35
2025/2/25,2916.72,105.853,4.3,4.33,3,2.6,37.35
2025/2/26,2877.56,105.949,4.25,4.33,3,2.6,37.35
2025/2/27,2858.12,106.786,4.29,4.33,3,2.6,37.35
2025/2/28,2858.12,107.163,4.24,4.33,2.8,2.7,37.35
2025/3/1,2858.12,107.163,4.24,4.33,2.8,2.7,37.35
2025/3/2,2893.45,107.163,4.24,4.33,2.8,2.7,37.35
2025/3/3,2917.74,106.285,4.16,4.33,2.8,2.7,37.35
2025/3/4,2919.55,105.307,4.22,4.33,2.8,2.7,37.35
2025/3/5,2911.87,103.882,4.28,4.33,2.8,2.7,37.35
2025/3/6,2906.04,103.683,4.29,4.33,2.8,2.7,37.35
2025/3/7,2906.04,103.5,4.32,4.33,2.8,2.7,37.35
2025/3/8,2906.04,103.5,4.32,4.33,2.8,2.7,37.35
2025/3/9,2889.02,103.5,4.32,4.33,2.8,2.7,37.35
2025/3/10,2916.36,103.62,4.22,4.33,2.8,2.7,37.35
2025/3/11,2934.11,102.931,4.28,4.33,2.8,2.7,37.35
2025/3/12,2989.4,103.257,4.32,4.33,2.8,2.7,37.35
2025/3/13,2988.25,103.499,4.27,4.33,2.8,2.7,37.35
2025/3/14,2988.25,103.365,4.31,4.33,2.8,2.7,37.35
2025/3/15,2986.54,103.365,4.31,4.33,2.8,2.7,37.35
2025/3/16,3001.24,103.365,4.31,4.33,2.8,2.7,37.35
2025/3/17,3034.76,103.005,4.31,4.33,2.8,2.7,37.35
2025/3/18,3047.81,102.892,4.29,4.33,2.8,2.7,37.35
2025/3/19,3045.1,103.093,4.25,4.33,2.8,2.7,37.35
2025/3/20,3023.35,103.497,4.24,4.33,2.8,2.7,37.35
2025/3/21,3023.35,103.744,4.25,4.33,2.8,2.7,37.35
2025/3/22,3024.55,103.744,4.25,4.33,2.8,2.7,37.35
2025/3/23,3012.44,103.744,4.25,4.33,2.8,2.7,37.35
2025/3/24,3020.22,103.936,4.34,4.33,2.8,2.7,37.35
2025/3/25,3019.92,103.831,4.31,4.33,2.8,2.7,37.35
2025/3/26,3056.45,104.207,4.35,4.33,2.8,2.7,37.35
2025/3/27,3083.69,103.992,4.38,4.33,2.8,2.7,37.35
2025/3/28,3083.69,103.709,4.27,4.33,2.4,2.4,31.85
2025/3/29,3086.31,103.709,4.27,4.33,2.4,2.4,31.85
2025/3/30,3123.68,103.709,4.27,4.33,2.4,2.4,31.85
2025/3/31,3114.18,103.883,4.23,4.33,2.4,2.4,31.85
2025/4/1,3136.62,103.949,4.17,4.33,2.4,2.4,31.85
2025/4/2,3164.73,103.491,4.2,4.33,2.4,2.4,31.85
2025/4/3,3036.22,101.795,4.06,4.33,2.4,2.4,31.85
2025/4/4,3036.22,102.768,4.01,4.33,2.4,2.4,31.85
2025/4/5,3040.6,102.768,4.01,4.33,2.4,2.4,31.85
2025/4/6,2983.42,102.768,4.01,4.33,2.4,2.4,31.85
2025/4/7,2982.78,102.972,4.15,4.33,2.4,2.4,31.85
2025/4/8,3082.86,102.701,4.26,4.33,2.4,2.4,31.85
2025/4/9,3175.88,102.623,4.34,4.33,2.4,2.4,31.85
2025/4/10,3188.42,100.61,4.4,4.33,2.4,2.4,31.85
2025/4/11,3188.42,99.892,4.48,4.33,2.4,2.4,31.85
2025/4/12,3188.42,99.892,4.48,4.33,2.4,2.4,31.85
2025/4/13,3210.86,99.892,4.48,4.33,2.4,2.4,31.85
2025/4/14,3230.32,99.397,4.38,4.33,2.4,2.4,31.85
2025/4/15,3343.32,99.962,4.35,4.33,2.4,2.4,31.85
2025/4/16,3328.12,99.143,4.29,4.33,2.4,2.4,31.85
2025/4/17,3328.12,99.129,4.34,4.33,2.4,2.4,31.85
2025/4/18,3328.12,99.129,4.34,4.33,2.4,2.4,31.85
2025/4/19,3328.12,99.129,4.34,4.33,2.4,2.4,31.85
2025/4/20,3424.76,99.129,4.34,4.33,2.4,2.4,31.85
2025/4/21,3381.32,98.044,4.42,4.33,2.4,2.4,31.85
2025/4/22,3288.89,98.69,4.41,4.33,2.4,2.4,31.85
2025/4/23,3348.95,99.636,4.4,4.33,2.4,2.4,31.85
2025/4/24,3314.77,99.168,4.32,4.33,2.4,2.4,31.85
2025/4/25,3320.04,99.254,4.29,4.33,2.4,2.4,31.85
2025/4/26,3320.04,99.254,4.29,4.33,2.4,2.4,31.85
2025/4/27,3344.13,99.254,4.29,4.33,2.4,2.4,31.85
2025/4/28,3317.51,98.789,4.23,4.33,2.3,2.3,31.85
2025/4/29,3313.66,99.018,4.19,4.33,2.3,2.3,31.85
2025/4/30,3313.66,99.27,4.17,4.33,2.3,2.3,31.85
2025/5/1,3313.66,100.054,4.25,4.33,2.3,2.3,31.85
2025/5/2,3313.66,99.84,4.33,4.33,2.3,2.3,31.85
2025/5/3,3313.66,99.84,4.33,4.33,2.3,2.3,31.85
2025/5/4,3333.79,99.84,4.33,4.33,2.3,2.3,31.85
2025/5/5,3431.73,99.64,4.36,4.33,2.3,2.3,31.85
2025/5/6,3365.03,99.047,4.3,4.33,2.3,2.3,31.85
2025/5/7,3386.14,99.435,4.26,4.33,2.3,2.3,31.85
2025/5/8,3386.14,100.49,4.37,4.33,2.3,2.3,31.85
2025/5/9,3386.14,100.168,4.37,4.33,2.3,2.3,31.85
2025/5/10,3386.14,100.168,4.37,4.33,2.3,2.3,31.85
2025/5/11,3235.65,100.168,4.37,4.33,2.3,2.3,31.85
2025/5/12,3250.37,101.179,4.45,4.33,2.3,2.3,31.85
2025/5/13,3177.52,100.406,4.49,4.33,2.3,2.3,31.85
2025/5/14,3240.14,100.478,4.53,4.33,2.3,2.3,31.85
2025/5/15,3198.97,100.324,4.45,4.33,2.3,2.3,31.85
2025/5/16,3198.97,100.536,4.43,4.33,2.3,2.3,31.85
2025/5/17,3198.97,100.536,4.43,4.33,2.3,2.3,31.85
2025/5/18,3229.88,100.536,4.43,4.33,2.3,2.3,31.85
2025/5/19,3290.4,99.868,4.46,4.33,2.3,2.3,31.85
2025/5/20,3315.61,99.542,4.48,4.33,2.3,2.3,31.85
2025/5/21,3295.31,99.025,4.58,4.33,2.3,2.3,31.85
2025/5/22,3358.42,99.439,4.54,4.33,2.3,2.3,31.85
2025/5/23,3358.42,98.59,4.51,4.33,2.3,2.3,31.85
2025/5/24,3358.42,98.59,4.51,4.33,2.3,2.3,31.85
2025/5/25,3343.29,98.59,4.51,4.33,2.3,2.3,31.85
2025/5/26,3301.67,98.59,4.51,4.33,2.3,2.3,31.85
2025/5/27,3287.91,99,4.43,4.33,2.3,2.3,31.85
2025/5/28,3318.44,99.36,4.47,4.33,2.4,2.5,31.85
2025/5/29,3292.29,98.799,4.43,4.33,2.4,2.5,31.85
2025/5/30,3292.29,98.834,4.41,4.33,2.4,2.5,31.85
2025/5/31,3289.96,98.834,4.41,4.33,2.4,2.5,31.85
2025/6/1,3381.69,98.834,4.41,4.33,2.4,2.5,31.85
2025/6/2,3353.99,98.24,4.46,4.33,2.4,2.5,31.85
2025/6/3,3373.24,98.749,4.46,4.33,2.4,2.5,31.85
2025/6/4,3381.01,98.305,4.37,4.33,2.4,2.5,31.85
2025/6/5,3311.34,98.294,4.4,4.33,2.4,2.5,31.85
2025/6/6,3311.34,98.742,4.51,4.33,2.4,2.5,31.85
2025/6/7,3311.34,98.742,4.51,4.33,2.4,2.5,31.85
2025/6/8,3325.75,98.742,4.51,4.33,2.4,2.5,31.85
2025/6/9,3323.28,98.442,4.49,4.33,2.4,2.5,31.85
2025/6/10,3355.7,98.615,4.47,4.33,2.4,2.5,31.85
2025/6/11,3386.72,98.146,4.41,4.33,2.4,2.5,31.85
2025/6/12,3434.18,97.449,4.36,4.33,2.4,2.5,31.85
2025/6/13,3434.18,97.745,4.41,4.33,2.4,2.5,31.85
2025/6/14,3434.18,97.745,4.41,4.33,2.4,2.5,31.85
2025/6/15,3384.94,97.745,4.41,4.33,2.4,2.5,31.85
2025/6/16,3388.48,97.552,4.46,4.33,2.4,2.5,31.85
2025/6/17,3369.24,98.394,4.39,4.33,2.4,2.5,31.85
2025/6/18,3371.92,98.468,4.38,4.33,2.4,2.5,31.85
2025/6/19,3366.1,98.468,4.38,4.33,2.4,2.5,31.85
2025/6/20,3366.1,98.282,4.38,4.33,2.4,2.5,31.85
2025/6/21,3366.1,98.282,4.38,4.33,2.4,2.5,31.85
2025/6/22,3369.27,98.282,4.38,4.33,2.4,2.5,31.85
2025/6/23,3324.19,98.01,4.34,4.33,2.4,2.5,31.85
2025/6/24,3332.84,97.45,4.3,4.33,2.4,2.5,31.85
2025/6/25,3328.35,97.273,4.29,4.33,2.4,2.5,31.85
2025/6/26,3273.7,96.762,4.26,4.33,2.4,2.5,31.85
2025/6/27,3273.7,97.031,4.29,4.33,2.4,2.5,31.85
2025/6/28,3273.7,97.031,4.29,4.33,2.7,2.6,34.14
2025/6/29,3303.61,97.031,4.29,4.33,2.7,2.6,34.14
2025/6/30,3338.62,96.493,4.24,4.33,2.7,2.6,34.14
2025/7/1,3357.63,96.467,4.26,4.33,2.7,2.6,34.14
2025/7/2,3326.69,96.429,4.3,4.33,2.7,2.6,34.14
2025/7/3,3338.69,96.822,4.35,4.33,2.7,2.6,34.14
2025/7/4,3338.69,96.822,4.35,4.33,2.7,2.6,34.14
2025/7/5,3338.69,96.822,4.35,4.33,2.7,2.6,34.14
2025/7/6,3337.09,96.822,4.35,4.33,2.7,2.6,34.14
2025/7/7,3301.98,97.141,4.4,4.33,2.7,2.6,34.14
2025/7/8,3314.27,97.172,4.42,4.33,2.7,2.6,34.14
2025/7/9,3324.59,96.809,4.34,4.33,2.7,2.6,34.14
2025/7/10,3358.25,96.932,4.35,4.33,2.7,2.6,34.14
2025/7/11,3358.25,97.139,4.43,4.33,2.7,2.6,34.14
2025/7/12,3358.25,97.139,4.43,4.33,2.7,2.6,34.14
2025/7/13,3344.1,97.139,4.43,4.33,2.7,2.6,34.14
2025/7/14,3324.76,97.373,4.43,4.33,2.7,2.6,34.14
2025/7/15,3348.72,97.895,4.5,4.33,2.7,2.6,34.14
2025/7/16,3339.84,97.675,4.46,4.33,2.7,2.6,34.14
2025/7/17,3351.27,98.036,4.47,4.33,2.7,2.6,34.14
2025/7/18,3351.27,97.798,4.44,4.33,2.7,2.6,34.14
2025/7/19,3351.27,97.798,4.44,4.33,2.7,2.6,34.14
2025/7/20,3397.87,97.798,4.44,4.33,2.7,2.6,34.14
2025/7/21,3431.92,97.175,4.38,4.33,2.7,2.6,34.14
2025/7/22,3387.86,96.727,4.35,4.33,2.7,2.6,34.14
2025/7/23,3368.92,96.553,4.4,4.33,2.7,2.6,34.14
2025/7/24,3339.2,96.734,4.43,4.33,2.7,2.6,34.14
2025/7/25,3337.79,97.009,4.4,4.33,2.7,2.6,34.14
2025/7/26,3337.79,97.009,4.4,4.33,2.7,2.6,34.14
2025/7/27,3315.44,97.009,4.4,4.33,2.7,2.6,34.14
2025/7/28,3327.11,97.99,4.42,4.33,2.7,2.6,34.14
2025/7/29,3275.73,98.247,4.34,4.33,2.7,2.6,34.14
2025/7/30,3290.92,99.161,4.38,4.33,2.7,2.6,34.14
2025/7/31,3362.83,99.318,4.37,4.33,2.7,2.6,34.14
2025/8/1,3362.83,98.525,4.23,4.33,2.7,2.6,34.14
2025/8/2,3362.83,98.525,4.23,4.33,2.7,2.6,34.14
2025/8/3,3374.38,98.525,4.23,4.33,2.7,2.6,34.14
2025/8/4,3381.41,98.191,4.22,4.33,2.7,2.6,34.14
2025/8/5,3369.55,98.206,4.22,4.33,2.7,2.6,34.14
2025/8/6,3397.91,97.628,4.22,4.33,2.7,2.6,34.14
2025/8/7,3398.34,97.869,4.23,4.33,2.7,2.6,34.14
2025/8/8,3398.34,97.649,4.27,4.33,2.7,2.6,34.14
2025/8/9,3398.34,97.649,4.27,4.33,2.7,2.6,34.14
2025/8/10,3343.16,97.649,4.27,4.33,2.7,2.6,34.14
2025/8/11,3348.51,97.981,4.27,4.33,2.7,2.6,34.14
2025/8/12,3356.76,97.562,4.29,4.33,2.7,2.6,34.14
2025/8/13,3335.59,97.282,4.24,4.33,2.7,2.6,34.14
2025/8/14,3336.45,97.728,4.29,4.33,2.7,2.6,34.14
2025/8/15,3336.45,97.332,4.33,4.33,2.7,2.6,34.14
2025/8/16,3336.45,97.332,4.33,4.33,2.7,2.6,34.14
2025/8/17,3333.31,97.332,4.33,4.33,2.7,2.6,34.14
2025/8/18,3316.65,97.642,4.34,4.33,2.7,2.6,34.14
2025/8/19,3349.09,97.724,4.3,4.33,2.7,2.6,34.14
2025/8/20,3339.5,97.69,4.29,4.33,2.7,2.6,34.14
2025/8/21,3371.85,98.106,4.33,4.33,2.7,2.6,34.14
2025/8/22,3371.85,97.219,4.26,4.33,2.7,2.6,34.14
2025/8/23,3371.85,97.219,4.26,4.33,2.7,2.6,34.14
2025/8/24,3366.69,97.219,4.26,4.33,2.7,2.6,34.14
2025/8/25,3394.32,97.923,4.28,4.33,2.7,2.6,34.14
2025/8/26,3397.89,97.722,4.26,4.33,2.7,2.6,34.14
2025/8/27,3418.05,97.732,4.24,4.33,2.7,2.6,34.14
2025/8/28,3449.64,97.343,4.22,4.33,2.9,2.7,34.14
2025/8/29,3449.64,97.295,4.23,4.33,2.9,2.7,34.14
2025/8/30,3449.64,97.295,4.23,4.33,2.9,2.7,34.14
2025/8/31,3477.07,97.295,4.23,4.33,2.9,2.7,34.14
2025/9/1,3534.2,97.295,4.23,4.33,2.9,2.7,34.14
2025/9/2,3560.26,97.947,4.28,4.33,2.9,2.7,34.14
2025/9/3,3547.11,97.703,4.22,4.33,2.9,2.7,34.14
2025/9/4,3590.14,97.909,4.17,4.33,2.9,2.7,34.14
2025/9/5,3590.14,97.348,4.1,4.33,2.9,2.7,34.14
2025/9/6,3590.14,97.348,4.1,4.33,2.9,2.7,34.14
2025/9/7,3636.85,97.348,4.1,4.33,2.9,2.7,34.14
2025/9/8,3626.65,97.037,4.05,4.33,2.9,2.7,34.14
2025/9/9,3641.05,97.367,4.08,4.33,2.9,2.7,34.14
2025/9/10,3634.48,97.357,4.04,4.33,2.9,2.7,34.14
2025/9/11,3642.57,97.133,4.01,4.33,2.9,2.7,34.14
2025/9/12,3642.57,97.146,4.06,4.33,2.9,2.7,34.14
2025/9/13,3642.57,97.146,4.06,4.33,2.9,2.7,34.14
2025/9/14,3679.88,97.146,4.06,4.33,2.9,2.7,34.14
2025/9/15,3690.76,96.9,4.05,4.33,2.9,2.7,34.14
2025/9/16,3660.66,96.248,4.04,4.33,2.9,2.7,34.14
2025/9/17,3645.11,96.52,4.06,4.33,2.9,2.7,34.14
2025/9/18,3684.86,96.971,4.11,4.08,2.9,2.7,34.14
2025/9/19,3684.86,97.27,4.14,4.08,2.9,2.7,34.14
2025/9/20,3684.86,97.27,4.14,4.08,2.9,2.7,34.14
2025/9/21,3747.17,97.27,4.14,4.08,2.9,2.7,34.14
2025/9/22,3765.14,96.685,4.15,4.09,2.9,2.7,34.14
2025/9/23,3736.71,96.603,4.12,4.09,2.9,2.7,34.14
2025/9/24,3750.39,97.223,4.16,4.09,2.9,2.7,34.14
2025/9/25,3763.12,97.9,4.18,4.09,2.9,2.7,34.14
2025/9/26,3761.77,97.509,4.2,4.09,2.9,2.7,34.14
2025/9/27,3761.77,97.509,4.2,4.09,2.9,2.7,34.14
2025/9/28,3834.04,97.509,4.2,4.09,3,2.8,35.41
2025/9/29,3859.31,97.274,4.15,4.09,3,2.8,35.41
2025/9/30,3866.32,97.146,4.16,4.09,3,2.8,35.41
2025/10/1,3857.69,97.086,4.12,4.09,3,2.8,35.41
2025/10/2,3885.05,97.245,4.1,4.09,3,2.8,35.41
2025/10/3,3885.05,97.12,4.13,4.09,3,2.8,35.41
2025/10/4,3885.05,97.12,4.13,4.09,3,2.8,35.41
2025/10/5,3960.88,97.12,4.13,4.09,3,2.8,35.41
2025/10/6,3985.46,97.512,4.18,4.09,3,2.8,35.41
2025/10/7,4041.63,97.984,4.14,4.09,3,2.8,35.41
2025/10/8,3977.6,98.34,4.13,4.1,3,2.8,35.41
2025/10/9,4013.08,98.99,4.14,4.1,3,2.8,35.41
2025/10/10,4013.08,98.437,4.05,4.1,3,2.8,35.41
2025/10/11,4013.08,98.437,4.05,4.1,3,2.8,35.41
2025/10/12,4111.61,98.437,4.05,4.1,3,2.8,35.41
2025/10/13,4143.49,98.735,4.05,4.1,3,2.8,35.41
2025/10/14,4209.04,98.515,4.03,4.1,3,2.8,35.41
2025/10/15,4329,98.251,4.05,4.1,3,2.8,35.41
2025/10/16,4248.14,97.793,3.99,4.11,3,2.8,35.41
2025/10/17,4248.14,97.902,4.02,4.11,3,2.8,35.41
2025/10/18,4248.14,97.902,4.02,4.11,3,2.8,35.41
2025/10/19,4357.08,97.902,4.02,4.11,3,2.8,35.41
2025/10/20,4126.99,98.065,4,4.11,3,2.8,35.41
2025/10/21,4098.8,98.421,3.98,4.11,3,2.8,35.41
2025/10/22,4126.68,98.383,3.97,4.11,3,2.8,35.41
2025/10/23,4109.57,98.434,4.01,4.11,3,2.8,35.41
2025/10/24,4109.57,98.452,4.02,4.11,3,2.8,35.41
2025/10/25,4109.57,98.452,4.02,4.11,3,2.8,35.41
2025/10/26,3982.09,98.452,4.02,4.11,3,2.8,35.41
2025/10/27,3952.92,98.268,4.01,4.12,3,2.8,35.41
2025/10/28,3930.04,98.143,3.99,4.12,3,2.7,35.41
2025/10/29,4024.83,98.692,4.08,4.12,3,2.7,35.41
2025/10/30,4003.52,98.998,4.11,3.87,3,2.7,35.41
2025/10/31,4003.52,99.275,4.11,3.86,3,2.7,35.41
2025/11/1,4003.52,99.275,4.11,3.86,3,2.7,35.41
2025/11/2,4002.14,99.275,4.11,3.86,3,2.7,35.41
2025/11/3,3932.42,99.352,4.13,3.87,3,2.7,35.41
2025/11/4,3980.22,99.715,4.1,3.87,3,2.7,35.41
2025/11/5,3977.54,99.704,4.17,3.87,3,2.7,35.41
2025/11/6,4000.55,99.23,4.11,3.87,3,2.7,35.41
2025/11/7,4000.55,99.131,4.11,3.87,3,2.7,35.41
2025/11/8,4000.55,99.131,4.11,3.87,3,2.7,35.41
2025/11/9,4116.31,99.131,4.11,3.87,3,2.7,35.41
2025/11/10,4127.32,99.122,4.13,3.87,3,2.7,35.41
2025/11/11,4196.01,98.976,4.13,3.87,3,2.7,35.41
2025/11/12,4171.72,99.039,4.08,3.87,3,2.7,35.41
2025/11/13,4081.16,98.7,4.11,3.88,3,2.7,35.41
2025/11/14,4081.16,98.839,4.14,3.88,3,2.7,35.41
2025/11/15,4081.16,98.839,4.14,3.88,3,2.7,35.41
2025/11/16,4045.73,98.839,4.14,3.88,3,2.7,35.41
2025/11/17,4067.81,99.128,4.13,3.88,3,2.7,35.41
2025/11/18,4078.32,99.094,4.12,3.88,3,2.7,35.41
2025/11/19,4077.21,99.786,4.13,3.88,3,2.7,35.41
2025/11/20,4065.07,99.735,4.1,3.88,3,2.7,35.41
2025/11/21,4065.07,99.763,4.06,3.88,3,2.7,35.41
2025/11/22,4065.07,99.763,4.06,3.88,3,2.7,35.41
2025/11/23,4135.74,99.763,4.06,3.88,3,2.7,35.41
2025/11/24,4131.11,99.717,4.04,3.88,3,2.7,35.41
2025/11/25,4163.65,99.244,4.01,3.88,3,2.7,35.41
2025/11/26,4159.02,99.177,4,3.88,3,2.7,35.41
2025/11/27,4239.3,99.177,4,3.88,3,2.7,35.41
2025/11/28,4239.3,99.083,4.02,3.89,2.7,2.8,35.41
2025/11/29,4239.3,99.083,4.02,3.89,2.7,2.8,35.41
2025/11/30,4232.27,99.083,4.02,3.89,2.7,2.8,35.41
2025/12/1,4206.66,99.027,4.09,3.89,2.7,2.8,35.41
2025/12/2,4203.66,98.981,4.09,3.89,2.7,2.8,35.41
2025/12/3,4208.75,98.476,4.06,3.89,2.7,2.8,35.41
2025/12/4,4194.79,98.621,4.11,3.89,2.7,2.8,35.41
2025/12/5,4198.41,98.648,4.14,3.89,2.7,2.8,35.41
2025/12/6,4198.46,98.648,4.14,3.89,2.7,2.8,35.41
2025/12/7,4191.03,98.648,4.14,3.89,2.7,2.8,35.41
2025/12/8,4208.26,98.745,4.17,3.89,2.7,2.8,35.41
2025/12/9,4228.82,98.848,4.18,3.89,2.7,2.8,35.41
2025/12/10,4280.6,98.426,4.13,3.89,2.7,2.8,35.41
2025/12/11,4301.88,97.991,4.14,3.64,2.7,2.8,35.41
2025/12/12,4300.08,98.024,4.19,3.64,2.7,2.8,35.41
2025/12/13,4300.08,98.024,4.19,3.64,2.7,2.8,35.41
2025/12/14,4305.59,98.024,4.19,3.64,2.7,2.8,35.41
2025/12/15,4303.19,97.957,4.18,3.64,2.7,2.8,35.41
2025/12/16,4338.66,97.794,4.15,3.64,2.7,2.8,35.41
2025/12/17,4333.1,98.002,4.16,3.64,2.7,2.8,35.41
2025/12/18,4338.72,98.088,4.12,3.64,2.7,2.8,35.41
2025/12/19,4338.72,98.252,4.16,3.64,2.7,2.8,35.41
2025/12/20,4338.72,98.252,4.16,3.64,2.7,2.8,35.41
2025/12/21,4444.03,98.252,4.16,3.64,2.7,2.8,35.41
2025/12/22,4484.28,97.954,4.17,3.64,2.7,2.8,35.41
2025/12/23,4478.78,97.613,4.18,3.64,2.7,2.8,35.41
2025/12/24,4478.78,97.681,4.15,3.64,2.7,2.8,35.41
2025/12/25,4532.85,97.681,4.15,3.64,2.7,2.8,35.41
2025/12/26,4532.85,97.698,4.14,3.64,2.7,2.8,35.41
2025/12/27,4532.85,97.698,4.14,3.64,2.7,2.8,35.41
2025/12/28,4332.98,97.698,4.14,3.64,2.7,2.9,38.79
2025/12/29,4338.97,97.732,4.12,3.64,2.7,2.8,38.79
2025/12/30,4321.65,97.955,4.14,3.64,2.7,2.9,38.79
