Date,Gold
2000/1/4,6.49
2000/1/5,6.62
2000/1/6,6.57
2000/1/7,6.52
2000/1/8,6.52
2000/1/9,6.52
2000/1/10,6.57
2000/1/11,6.67
2000/1/12,6.72
2000/1/13,6.63
2000/1/14,6.69
2000/1/15,6.69
2000/1/16,6.69
2000/1/17,6.69
2000/1/18,6.75
2000/1/19,6.73
2000/1/20,6.79
2000/1/21,6.79
2000/1/22,6.79
2000/1/23,6.79
2000/1/24,6.69
2000/1/25,6.7
2000/1/26,6.69
2000/1/27,6.68
2000/1/28,6.66
2000/1/29,6.66
2000/1/30,6.66
2000/1/31,6.68
2000/2/1,6.62
2000/2/2,6.6
2000/2/3,6.49
2000/2/4,6.53
2000/2/5,6.53
2000/2/6,6.53
2000/2/7,6.64
2000/2/8,6.59
2000/2/9,6.56
2000/2/10,6.67
2000/2/11,6.63
2000/2/12,6.63
2000/2/13,6.63
2000/2/14,6.56
2000/2/15,6.56
2000/2/16,6.56
2000/2/17,6.58
2000/2/18,6.49
2000/2/19,6.49
2000/2/20,6.49
2000/2/21,6.49
2000/2/22,6.36
2000/2/23,6.44
2000/2/24,6.36
2000/2/25,6.36
2000/2/26,6.36
2000/2/27,6.36
2000/2/28,6.37
2000/2/29,6.42
2000/3/1,6.39
2000/3/2,6.4
2000/3/3,6.39
2000/3/4,6.39
2000/3/5,6.39
2000/3/6,6.42
2000/3/7,6.39
2000/3/8,6.38
2000/3/9,6.35
2000/3/10,6.39
2000/3/11,6.39
2000/3/12,6.39
2000/3/13,6.36
2000/3/14,6.31
2000/3/15,6.29
2000/3/16,6.26
2000/3/17,6.2
2000/3/18,6.2
2000/3/19,6.2
2000/3/20,6.18
2000/3/21,6.13
2000/3/22,6.13
2000/3/23,6.08
2000/3/24,6.2
2000/3/25,6.2
2000/3/26,6.2
2000/3/27,6.21
2000/3/28,6.17
2000/3/29,6.18
2000/3/30,6.06
2000/3/31,6.03
2000/4/1,6.03
2000/4/2,6.03
2000/4/3,6
2000/4/4,5.9
2000/4/5,5.9
2000/4/6,5.93
2000/4/7,5.86
2000/4/8,5.86
2000/4/9,5.86
2000/4/10,5.8
2000/4/11,5.89
2000/4/12,5.97
2000/4/13,5.94
2000/4/14,5.85
2000/4/15,5.85
2000/4/16,5.85
2000/4/17,6.01
2000/4/18,6.05
2000/4/19,5.99
2000/4/20,5.99
2000/4/21,5.99
2000/4/22,5.99
2000/4/23,5.99
2000/4/24,6
2000/4/25,6.14
2000/4/26,6.14
2000/4/27,6.23
2000/4/28,6.23
2000/4/29,6.23
2000/4/30,6.23
2000/5/1,6.29
2000/5/2,6.32
2000/5/3,6.4
2000/5/4,6.46
2000/5/5,6.51
2000/5/6,6.51
2000/5/7,6.51
2000/5/8,6.57
2000/5/9,6.53
2000/5/10,6.47
2000/5/11,6.43
2000/5/12,6.51
2000/5/13,6.51
2000/5/14,6.51
2000/5/15,6.47
2000/5/16,6.43
2000/5/17,6.48
2000/5/18,6.56
2000/5/19,6.51
2000/5/20,6.51
2000/5/21,6.51
2000/5/22,6.44
2000/5/23,6.45
2000/5/24,6.47
2000/5/25,6.39
2000/5/26,6.33
2000/5/27,6.33
2000/5/28,6.33
2000/5/29,6.33
2000/5/30,6.38
2000/5/31,6.29
2000/6/1,6.2
2000/6/2,6.15
2000/6/3,6.15
2000/6/4,6.15
2000/6/5,6.12
2000/6/6,6.14
2000/6/7,6.13
2000/6/8,6.13
2000/6/9,6.13
2000/6/10,6.13
2000/6/11,6.13
2000/6/12,6.09
2000/6/13,6.11
2000/6/14,6.06
2000/6/15,6.05
2000/6/16,5.99
2000/6/17,5.99
2000/6/18,5.99
2000/6/19,6
2000/6/20,6.03
2000/6/21,6.11
2000/6/22,6.12
2000/6/23,6.19
2000/6/24,6.19
2000/6/25,6.19
2000/6/26,6.11
2000/6/27,6.1
2000/6/28,6.11
2000/6/29,6.04
2000/6/30,6.03
2000/7/1,6.03
2000/7/2,6.03
2000/7/3,6
2000/7/4,6
2000/7/5,5.99
2000/7/6,6.05
2000/7/7,6.01
2000/7/8,6.01
2000/7/9,6.01
2000/7/10,6.04
2000/7/11,6.06
2000/7/12,6.09
2000/7/13,6.01
2000/7/14,6.1
2000/7/15,6.1
2000/7/16,6.1
2000/7/17,6.17
2000/7/18,6.16
2000/7/19,6.16
2000/7/20,6.01
2000/7/21,6.01
2000/7/22,6.01
2000/7/23,6.01
2000/7/24,6.04
2000/7/25,6.04
2000/7/26,6.04
2000/7/27,6.02
2000/7/28,6.04
2000/7/29,6.04
2000/7/30,6.04
2000/7/31,6.04
2000/8/1,6
2000/8/2,5.98
2000/8/3,5.95
2000/8/4,5.91
2000/8/5,5.91
2000/8/6,5.91
2000/8/7,5.97
2000/8/8,5.93
2000/8/9,5.81
2000/8/10,5.76
2000/8/11,5.79
2000/8/12,5.79
2000/8/13,5.79
2000/8/14,5.78
2000/8/15,5.81
2000/8/16,5.83
2000/8/17,5.81
2000/8/18,5.78
2000/8/19,5.78
2000/8/20,5.78
2000/8/21,5.79
2000/8/22,5.78
2000/8/23,5.73
2000/8/24,5.73
2000/8/25,5.73
2000/8/26,5.73
2000/8/27,5.73
2000/8/28,5.78
2000/8/29,5.81
2000/8/30,5.81
2000/8/31,5.73
2000/9/1,5.68
2000/9/2,5.68
2000/9/3,5.68
2000/9/4,5.68
2000/9/5,5.69
2000/9/6,5.72
2000/9/7,5.76
2000/9/8,5.73
2000/9/9,5.73
2000/9/10,5.73
2000/9/11,5.77
2000/9/12,5.78
2000/9/13,5.74
2000/9/14,5.79
2000/9/15,5.84
2000/9/16,5.84
2000/9/17,5.84
2000/9/18,5.88
2000/9/19,5.86
2000/9/20,5.91
2000/9/21,5.88
2000/9/22,5.85
2000/9/23,5.85
2000/9/24,5.85
2000/9/25,5.84
2000/9/26,5.81
2000/9/27,5.83
2000/9/28,5.82
2000/9/29,5.8
2000/9/30,5.8
2000/10/1,5.8
2000/10/2,5.83
2000/10/3,5.87
2000/10/4,5.9
2000/10/5,5.87
2000/10/6,5.82
2000/10/7,5.82
2000/10/8,5.82
2000/10/9,5.82
2000/10/10,5.8
2000/10/11,5.77
2000/10/12,5.73
2000/10/13,5.73
2000/10/14,5.73
2000/10/15,5.73
2000/10/16,5.74
2000/10/17,5.68
2000/10/18,5.66
2000/10/19,5.66
2000/10/20,5.64
2000/10/21,5.64
2000/10/22,5.64
2000/10/23,5.59
2000/10/24,5.63
2000/10/25,5.67
2000/10/26,5.69
2000/10/27,5.72
2000/10/28,5.72
2000/10/29,5.72
2000/10/30,5.74
2000/10/31,5.77
2000/11/1,5.74
2000/11/2,5.74
2000/11/3,5.83
2000/11/4,5.83
2000/11/5,5.83
2000/11/6,5.87
2000/11/7,5.87
2000/11/8,5.87
2000/11/9,5.82
2000/11/10,5.82
2000/11/11,5.82
2000/11/12,5.82
2000/11/13,5.77
2000/11/14,5.76
2000/11/15,5.72
2000/11/16,5.68
2000/11/17,5.71
2000/11/18,5.71
2000/11/19,5.71
2000/11/20,5.68
2000/11/21,5.67
2000/11/22,5.62
2000/11/23,5.62
2000/11/24,5.63
2000/11/25,5.63
2000/11/26,5.63
2000/11/27,5.64
2000/11/28,5.59
2000/11/29,5.55
2000/11/30,5.48
2000/12/1,5.52
2000/12/2,5.52
2000/12/3,5.52
2000/12/4,5.53
2000/12/5,5.43
2000/12/6,5.32
2000/12/7,5.32
2000/12/8,5.35
2000/12/9,5.35
2000/12/10,5.35
2000/12/11,5.37
2000/12/12,5.36
2000/12/13,5.29
2000/12/14,5.23
2000/12/15,5.2
2000/12/16,5.2
2000/12/17,5.2
2000/12/18,5.17
2000/12/19,5.19
2000/12/20,5.08
2000/12/21,5.03
2000/12/22,5.02
2000/12/23,5.02
2000/12/24,5.02
2000/12/25,5.02
2000/12/26,5.04
2000/12/27,5.11
2000/12/28,5.13
2000/12/29,5.12
2000/12/30,5.12
2000/12/31,5.12
2001/1/1,5.12
2001/1/2,4.92
2001/1/3,5.14
2001/1/4,5.03
2001/1/5,4.93
2001/1/6,4.93
2001/1/7,4.93
2001/1/8,4.94
2001/1/9,4.98
2001/1/10,5.1
2001/1/11,5.14
2001/1/12,5.25
2001/1/13,5.25
2001/1/14,5.25
2001/1/15,5.25
2001/1/16,5.24
2001/1/17,5.19
2001/1/18,5.12
2001/1/19,5.19
2001/1/20,5.19
2001/1/21,5.19
2001/1/22,5.25
2001/1/23,5.3
2001/1/24,5.33
2001/1/25,5.29
2001/1/26,5.29
2001/1/27,5.29
2001/1/28,5.29
2001/1/29,5.32
2001/1/30,5.24
2001/1/31,5.19
2001/2/1,5.1
2001/2/2,5.17
2001/2/3,5.17
2001/2/4,5.17
2001/2/5,5.18
2001/2/6,5.22
2001/2/7,5.1
2001/2/8,5.1
2001/2/9,5.03
2001/2/10,5.03
2001/2/11,5.03
2001/2/12,5.05
2001/2/13,5.07
2001/2/14,5.13
2001/2/15,5.19
2001/2/16,5.11
2001/2/17,5.11
2001/2/18,5.11
2001/2/19,5.11
2001/2/20,5.11
2001/2/21,5.14
2001/2/22,5.15
2001/2/23,5.1
2001/2/24,5.1
2001/2/25,5.1
2001/2/26,5.05
2001/2/27,4.96
2001/2/28,4.92
2001/3/1,4.87
2001/3/2,4.95
2001/3/3,4.95
2001/3/4,4.95
2001/3/5,4.98
2001/3/6,4.99
2001/3/7,4.92
2001/3/8,4.89
2001/3/9,4.95
2001/3/10,4.95
2001/3/11,4.95
2001/3/12,4.92
2001/3/13,4.95
2001/3/14,4.84
2001/3/15,4.81
2001/3/16,4.78
2001/3/17,4.78
2001/3/18,4.78
2001/3/19,4.82
2001/3/20,4.78
2001/3/21,4.77
2001/3/22,4.73
2001/3/23,4.8
2001/3/24,4.8
2001/3/25,4.8
2001/3/26,4.85
2001/3/27,5
2001/3/28,4.97
2001/3/29,4.98
2001/3/30,4.93
2001/3/31,4.93
2001/4/1,4.93
2001/4/2,4.98
2001/4/3,4.94
2001/4/4,4.94
2001/4/5,4.98
2001/4/6,4.89
2001/4/7,4.89
2001/4/8,4.89
2001/4/9,4.93
2001/4/10,5.09
2001/4/11,5.12
2001/4/12,5.17
2001/4/13,5.17
2001/4/14,5.17
2001/4/15,5.17
2001/4/16,5.28
2001/4/17,5.21
2001/4/18,5.14
2001/4/19,5.27
2001/4/20,5.29
2001/4/21,5.29
2001/4/22,5.29
2001/4/23,5.2
2001/4/24,5.22
2001/4/25,5.28
2001/4/26,5.2
2001/4/27,5.34
2001/4/28,5.34
2001/4/29,5.34
2001/4/30,5.35
2001/5/1,5.3
2001/5/2,5.31
2001/5/3,5.22
2001/5/4,5.21
2001/5/5,5.21
2001/5/6,5.21
2001/5/7,5.21
2001/5/8,5.24
2001/5/9,5.2
2001/5/10,5.31
2001/5/11,5.51
2001/5/12,5.51
2001/5/13,5.51
2001/5/14,5.46
2001/5/15,5.5
2001/5/16,5.48
2001/5/17,5.46
2001/5/18,5.41
2001/5/19,5.41
2001/5/20,5.41
2001/5/21,5.41
2001/5/22,5.42
2001/5/23,5.41
2001/5/24,5.52
2001/5/25,5.52
2001/5/26,5.52
2001/5/27,5.52
2001/5/28,5.52
2001/5/29,5.54
2001/5/30,5.54
2001/5/31,5.43
2001/6/1,5.39
2001/6/2,5.39
2001/6/3,5.39
2001/6/4,5.35
2001/6/5,5.29
2001/6/6,5.27
2001/6/7,5.33
2001/6/8,5.38
2001/6/9,5.38
2001/6/10,5.38
2001/6/11,5.32
2001/6/12,5.27
2001/6/13,5.28
2001/6/14,5.26
2001/6/15,5.27
2001/6/16,5.27
2001/6/17,5.27
2001/6/18,5.27
2001/6/19,5.26
2001/6/20,5.24
2001/6/21,5.22
2001/6/22,5.14
2001/6/23,5.14
2001/6/24,5.14
2001/6/25,5.16
2001/6/26,5.24
2001/6/27,5.26
2001/6/28,5.35
2001/6/29,5.42
2001/6/30,5.42
2001/7/1,5.42
2001/7/2,5.37
2001/7/3,5.41
2001/7/4,5.41
2001/7/5,5.44
2001/7/6,5.41
2001/7/7,5.41
2001/7/8,5.41
2001/7/9,5.37
2001/7/10,5.32
2001/7/11,5.31
2001/7/12,5.27
2001/7/13,5.27
2001/7/14,5.27
2001/7/15,5.27
2001/7/16,5.21
2001/7/17,5.22
2001/7/18,5.12
2001/7/19,5.13
2001/7/20,5.15
2001/7/21,5.15
2001/7/22,5.15
2001/7/23,5.13
2001/7/24,5.13
2001/7/25,5.2
2001/7/26,5.19
2001/7/27,5.13
2001/7/28,5.13
2001/7/29,5.13
2001/7/30,5.11
2001/7/31,5.07
2001/8/1,5.11
2001/8/2,5.17
2001/8/3,5.2
2001/8/4,5.2
2001/8/5,5.2
2001/8/6,5.19
2001/8/7,5.2
2001/8/8,4.99
2001/8/9,5.04
2001/8/10,4.99
2001/8/11,4.99
2001/8/12,4.99
2001/8/13,4.97
2001/8/14,4.97
2001/8/15,5
2001/8/16,4.95
2001/8/17,4.84
2001/8/18,4.84
2001/8/19,4.84
2001/8/20,4.91
2001/8/21,4.87
2001/8/22,4.91
2001/8/23,4.89
2001/8/24,4.93
2001/8/25,4.93
2001/8/26,4.93
2001/8/27,4.94
2001/8/28,4.85
2001/8/29,4.78
2001/8/30,4.79
2001/8/31,4.85
2001/9/1,4.85
2001/9/2,4.85
2001/9/3,4.85
2001/9/4,4.99
2001/9/5,4.97
2001/9/6,4.86
2001/9/7,4.8
2001/9/8,4.8
2001/9/9,4.8
2001/9/10,4.84
2001/9/11,4.84
2001/9/12,4.84
2001/9/13,4.64
2001/9/14,4.57
2001/9/15,4.57
2001/9/16,4.57
2001/9/17,4.63
2001/9/18,4.72
2001/9/19,4.69
2001/9/20,4.75
2001/9/21,4.7
2001/9/22,4.7
2001/9/23,4.7
2001/9/24,4.73
2001/9/25,4.72
2001/9/26,4.65
2001/9/27,4.58
2001/9/28,4.6
2001/9/29,4.6
2001/9/30,4.6
2001/10/1,4.55
2001/10/2,4.53
2001/10/3,4.5
2001/10/4,4.53
2001/10/5,4.52
2001/10/6,4.52
2001/10/7,4.52
2001/10/8,4.52
2001/10/9,4.62
2001/10/10,4.61
2001/10/11,4.69
2001/10/12,4.68
2001/10/13,4.68
2001/10/14,4.68
2001/10/15,4.62
2001/10/16,4.59
2001/10/17,4.59
2001/10/18,4.58
2001/10/19,4.63
2001/10/20,4.63
2001/10/21,4.63
2001/10/22,4.63
2001/10/23,4.66
2001/10/24,4.61
2001/10/25,4.56
2001/10/26,4.53
2001/10/27,4.53
2001/10/28,4.53
2001/10/29,4.5
2001/10/30,4.44
2001/10/31,4.3
2001/11/1,4.24
2001/11/2,4.37
2001/11/3,4.37
2001/11/4,4.37
2001/11/5,4.31
2001/11/6,4.3
2001/11/7,4.22
2001/11/8,4.32
2001/11/9,4.34
2001/11/10,4.34
2001/11/11,4.34
2001/11/12,4.34
2001/11/13,4.41
2001/11/14,4.54
2001/11/15,4.79
2001/11/16,4.91
2001/11/17,4.91
2001/11/18,4.91
2001/11/19,4.8
2001/11/20,4.88
2001/11/21,4.98
2001/11/22,4.98
2001/11/23,5.04
2001/11/24,5.04
2001/11/25,5.04
2001/11/26,5.05
2001/11/27,4.98
2001/11/28,4.98
2001/11/29,4.79
2001/11/30,4.78
2001/12/1,4.78
2001/12/2,4.78
2001/12/3,4.75
2001/12/4,4.7
2001/12/5,4.92
2001/12/6,5.04
2001/12/7,5.2
2001/12/8,5.2
2001/12/9,5.2
2001/12/10,5.17
2001/12/11,5.13
2001/12/12,5.02
2001/12/13,5.13
2001/12/14,5.24
2001/12/15,5.24
2001/12/16,5.24
2001/12/17,5.26
2001/12/18,5.16
2001/12/19,5.08
2001/12/20,5.08
2001/12/21,5.12
2001/12/22,5.12
2001/12/23,5.12
2001/12/24,5.18
2001/12/25,5.18
2001/12/26,5.22
2001/12/27,5.13
2001/12/28,5.15
2001/12/29,5.15
2001/12/30,5.15
2001/12/31,5.07
2002/1/1,5.07
2002/1/2,5.2
2002/1/3,5.16
2002/1/4,5.18
2002/1/5,5.18
2002/1/6,5.18
2002/1/7,5.09
2002/1/8,5.1
2002/1/9,5.1
2002/1/10,5
2002/1/11,4.92
2002/1/12,4.92
2002/1/13,4.92
2002/1/14,4.91
2002/1/15,4.88
2002/1/16,4.88
2002/1/17,4.98
2002/1/18,4.94
2002/1/19,4.94
2002/1/20,4.94
2002/1/21,4.94
2002/1/22,4.96
2002/1/23,5.05
2002/1/24,5.07
2002/1/25,5.1
2002/1/26,5.1
2002/1/27,5.1
2002/1/28,5.12
2002/1/29,5.02
2002/1/30,5.02
2002/1/31,5.07
2002/2/1,5.02
2002/2/2,5.02
2002/2/3,5.02
2002/2/4,4.94
2002/2/5,4.92
2002/2/6,4.92
2002/2/7,4.93
2002/2/8,4.9
2002/2/9,4.9
2002/2/10,4.9
2002/2/11,4.91
2002/2/12,4.97
2002/2/13,5.01
2002/2/14,4.95
2002/2/15,4.86
2002/2/16,4.86
2002/2/17,4.86
2002/2/18,4.86
2002/2/19,4.88
2002/2/20,4.88
2002/2/21,4.88
2002/2/22,4.84
2002/2/23,4.84
2002/2/24,4.84
2002/2/25,4.86
2002/2/26,4.93
2002/2/27,4.84
2002/2/28,4.88
2002/3/1,4.98
2002/3/2,4.98
2002/3/3,4.98
2002/3/4,5.02
2002/3/5,5.02
2002/3/6,5.06
2002/3/7,5.22
2002/3/8,5.33
2002/3/9,5.33
2002/3/10,5.33
2002/3/11,5.33
2002/3/12,5.32
2002/3/13,5.28
2002/3/14,5.4
2002/3/15,5.35
2002/3/16,5.35
2002/3/17,5.35
2002/3/18,5.32
2002/3/19,5.33
2002/3/20,5.4
2002/3/21,5.39
2002/3/22,5.4
2002/3/23,5.4
2002/3/24,5.4
2002/3/25,5.41
2002/3/26,5.35
2002/3/27,5.35
2002/3/28,5.42
2002/3/29,5.42
2002/3/30,5.42
2002/3/31,5.42
2002/4/1,5.44
2002/4/2,5.36
2002/4/3,5.3
2002/4/4,5.28
2002/4/5,5.22
2002/4/6,5.22
2002/4/7,5.22
2002/4/8,5.25
2002/4/9,5.22
2002/4/10,5.24
2002/4/11,5.22
2002/4/12,5.18
2002/4/13,5.18
2002/4/14,5.18
2002/4/15,5.15
2002/4/16,5.2
2002/4/17,5.24
2002/4/18,5.23
2002/4/19,5.21
2002/4/20,5.21
2002/4/21,5.21
2002/4/22,5.19
2002/4/23,5.18
2002/4/24,5.11
2002/4/25,5.1
2002/4/26,5.08
2002/4/27,5.08
2002/4/28,5.08
2002/4/29,5.13
2002/4/30,5.11
2002/5/1,5.08
2002/5/2,5.13
2002/5/3,5.08
2002/5/4,5.08
2002/5/5,5.08
2002/5/6,5.1
2002/5/7,5.09
2002/5/8,5.24
2002/5/9,5.2
2002/5/10,5.15
2002/5/11,5.15
2002/5/12,5.15
2002/5/13,5.23
2002/5/14,5.32
2002/5/15,5.28
2002/5/16,5.2
2002/5/17,5.27
2002/5/18,5.27
2002/5/19,5.27
2002/5/20,5.21
2002/5/21,5.18
2002/5/22,5.13
2002/5/23,5.16
2002/5/24,5.16
2002/5/25,5.16
2002/5/26,5.16
2002/5/27,5.16
2002/5/28,5.16
2002/5/29,5.11
2002/5/30,5.06
2002/5/31,5.08
2002/6/1,5.08
2002/6/2,5.08
2002/6/3,5.06
2002/6/4,5.04
2002/6/5,5.08
2002/6/6,5.04
2002/6/7,5.1
2002/6/8,5.1
2002/6/9,5.1
2002/6/10,5.07
2002/6/11,5.02
2002/6/12,4.98
2002/6/13,4.94
2002/6/14,4.83
2002/6/15,4.83
2002/6/16,4.83
2002/6/17,4.89
2002/6/18,4.88
2002/6/19,4.76
2002/6/20,4.85
2002/6/21,4.79
2002/6/22,4.79
2002/6/23,4.79
2002/6/24,4.87
2002/6/25,4.88
2002/6/26,4.75
2002/6/27,4.84
2002/6/28,4.86
2002/6/29,4.86
2002/6/30,4.86
2002/7/1,4.85
2002/7/2,4.77
2002/7/3,4.78
2002/7/4,4.78
2002/7/5,4.9
2002/7/6,4.9
2002/7/7,4.9
2002/7/8,4.84
2002/7/9,4.78
2002/7/10,4.66
2002/7/11,4.66
2002/7/12,4.63
2002/7/13,4.63
2002/7/14,4.63
2002/7/15,4.66
2002/7/16,4.75
2002/7/17,4.71
2002/7/18,4.66
2002/7/19,4.61
2002/7/20,4.61
2002/7/21,4.61
2002/7/22,4.51
2002/7/23,4.47
2002/7/24,4.49
2002/7/25,4.43
2002/7/26,4.43
2002/7/27,4.43
2002/7/28,4.43
2002/7/29,4.62
2002/7/30,4.65
2002/7/31,4.51
2002/8/1,4.47
2002/8/2,4.33
2002/8/3,4.33
2002/8/4,4.33
2002/8/5,4.29
2002/8/6,4.42
2002/8/7,4.35
2002/8/8,4.4
2002/8/9,4.27
2002/8/10,4.27
2002/8/11,4.27
2002/8/12,4.22
2002/8/13,4.12
2002/8/14,4.06
2002/8/15,4.17
2002/8/16,4.32
2002/8/17,4.32
2002/8/18,4.32
2002/8/19,4.29
2002/8/20,4.17
2002/8/21,4.2
2002/8/22,4.3
2002/8/23,4.25
2002/8/24,4.25
2002/8/25,4.25
2002/8/26,4.22
2002/8/27,4.29
2002/8/28,4.22
2002/8/29,4.16
2002/8/30,4.14
2002/8/31,4.14
2002/9/1,4.14
2002/9/2,4.14
2002/9/3,3.98
2002/9/4,3.96
2002/9/5,3.91
2002/9/6,4.05
2002/9/7,4.05
2002/9/8,4.05
2002/9/9,4.05
2002/9/10,4
2002/9/11,4.07
2002/9/12,3.98
2002/9/13,3.92
2002/9/14,3.92
2002/9/15,3.92
2002/9/16,3.9
2002/9/17,3.87
2002/9/18,3.86
2002/9/19,3.79
2002/9/20,3.79
2002/9/21,3.79
2002/9/22,3.79
2002/9/23,3.7
2002/9/24,3.69
2002/9/25,3.77
2002/9/26,3.79
2002/9/27,3.69
2002/9/28,3.69
2002/9/29,3.69
2002/9/30,3.63
2002/10/1,3.72
2002/10/2,3.71
2002/10/3,3.7
2002/10/4,3.69
2002/10/5,3.69
2002/10/6,3.69
2002/10/7,3.64
2002/10/8,3.65
2002/10/9,3.61
2002/10/10,3.68
2002/10/11,3.83
2002/10/12,3.83
2002/10/13,3.83
2002/10/14,3.83
2002/10/15,4.07
2002/10/16,4.06
2002/10/17,4.16
2002/10/18,4.14
2002/10/19,4.14
2002/10/20,4.14
2002/10/21,4.24
2002/10/22,4.27
2002/10/23,4.26
2002/10/24,4.16
2002/10/25,4.12
2002/10/26,4.12
2002/10/27,4.12
2002/10/28,4.1
2002/10/29,3.97
2002/10/30,3.99
2002/10/31,3.93
2002/11/1,4.01
2002/11/2,4.01
2002/11/3,4.01
2002/11/4,4.07
2002/11/5,4.1
2002/11/6,4.09
2002/11/7,3.88
2002/11/8,3.85
2002/11/9,3.85
2002/11/10,3.85
2002/11/11,3.85
2002/11/12,3.84
2002/11/13,3.84
2002/11/14,4.03
2002/11/15,4.05
2002/11/16,4.05
2002/11/17,4.05
2002/11/18,4.02
2002/11/19,3.99
2002/11/20,4.08
2002/11/21,4.14
2002/11/22,4.18
2002/11/23,4.18
2002/11/24,4.18
2002/11/25,4.19
2002/11/26,4.08
2002/11/27,4.26
2002/11/28,4.26
2002/11/29,4.22
2002/11/30,4.22
2002/12/1,4.22
2002/12/2,4.22
2002/12/3,4.24
2002/12/4,4.18
2002/12/5,4.13
2002/12/6,4.09
2002/12/7,4.09
2002/12/8,4.09
2002/12/9,4.06
2002/12/10,4.06
2002/12/11,4.01
2002/12/12,4.01
2002/12/13,4.07
2002/12/14,4.07
2002/12/15,4.07
2002/12/16,4.15
2002/12/17,4.13
2002/12/18,4.06
2002/12/19,3.96
2002/12/20,3.97
2002/12/21,3.97
2002/12/22,3.97
2002/12/23,3.98
2002/12/24,3.95
2002/12/25,3.95
2002/12/26,3.93
2002/12/27,3.83
2002/12/28,3.83
2002/12/29,3.83
2002/12/30,3.82
2002/12/31,3.83
2003/1/1,3.83
2003/1/2,4.07
2003/1/3,4.05
2003/1/4,4.05
2003/1/5,4.05
2003/1/6,4.09
2003/1/7,4.04
2003/1/8,4
2003/1/9,4.19
2003/1/10,4.16
2003/1/11,4.16
2003/1/12,4.16
2003/1/13,4.15
2003/1/14,4.1
2003/1/15,4.1
2003/1/16,4.1
2003/1/17,4.05
2003/1/18,4.05
2003/1/19,4.05
2003/1/20,4.05
2003/1/21,4.01
2003/1/22,3.95
2003/1/23,3.98
2003/1/24,3.94
2003/1/25,3.94
2003/1/26,3.94
2003/1/27,3.98
2003/1/28,4
2003/1/29,4.06
2003/1/30,4
2003/1/31,4
2003/2/1,4
2003/2/2,4
2003/2/3,4.01
2003/2/4,3.96
2003/2/5,4.02
2003/2/6,3.97
2003/2/7,3.96
2003/2/8,3.96
2003/2/9,3.96
2003/2/10,3.99
2003/2/11,3.98
2003/2/12,3.93
2003/2/13,3.89
2003/2/14,3.95
2003/2/15,3.95
2003/2/16,3.95
2003/2/17,3.95
2003/2/18,3.94
2003/2/19,3.88
2003/2/20,3.85
2003/2/21,3.9
2003/2/22,3.9
2003/2/23,3.9
2003/2/24,3.86
2003/2/25,3.81
2003/2/26,3.78
2003/2/27,3.76
2003/2/28,3.71
2003/3/1,3.71
2003/3/2,3.71
2003/3/3,3.68
2003/3/4,3.65
2003/3/5,3.63
2003/3/6,3.67
2003/3/7,3.63
2003/3/8,3.63
2003/3/9,3.63
2003/3/10,3.59
2003/3/11,3.6
2003/3/12,3.6
2003/3/13,3.74
2003/3/14,3.72
2003/3/15,3.72
2003/3/16,3.72
2003/3/17,3.82
2003/3/18,3.91
2003/3/19,3.98
2003/3/20,4.01
2003/3/21,4.11
2003/3/22,4.11
2003/3/23,4.11
2003/3/24,3.98
2003/3/25,3.97
2003/3/26,3.96
2003/3/27,3.95
2003/3/28,3.92
2003/3/29,3.92
2003/3/30,3.92
2003/3/31,3.83
2003/4/1,3.84
2003/4/2,3.94
2003/4/3,3.93
2003/4/4,3.96
2003/4/5,3.96
2003/4/6,3.96
2003/4/7,4.03
2003/4/8,3.95
2003/4/9,3.93
2003/4/10,3.95
2003/4/11,4
2003/4/12,4
2003/4/13,4
2003/4/14,4.04
2003/4/15,3.98
2003/4/16,3.96
2003/4/17,3.98
2003/4/18,3.98
2003/4/19,3.98
2003/4/20,3.98
2003/4/21,4
2003/4/22,4.01
2003/4/23,4.02
2003/4/24,3.93
2003/4/25,3.91
2003/4/26,3.91
2003/4/27,3.91
2003/4/28,3.92
2003/4/29,3.96
2003/4/30,3.89
2003/5/1,3.88
2003/5/2,3.94
2003/5/3,3.94
2003/5/4,3.94
2003/5/5,3.92
2003/5/6,3.84
2003/5/7,3.72
2003/5/8,3.7
2003/5/9,3.69
2003/5/10,3.69
2003/5/11,3.69
2003/5/12,3.64
2003/5/13,3.63
2003/5/14,3.53
2003/5/15,3.53
2003/5/16,3.46
2003/5/17,3.46
2003/5/18,3.46
2003/5/19,3.46
2003/5/20,3.38
2003/5/21,3.39
2003/5/22,3.34
2003/5/23,3.34
2003/5/24,3.34
2003/5/25,3.34
2003/5/26,3.34
2003/5/27,3.41
2003/5/28,3.44
2003/5/29,3.34
2003/5/30,3.37
2003/5/31,3.37
2003/6/1,3.37
2003/6/2,3.43
2003/6/3,3.34
2003/6/4,3.3
2003/6/5,3.34
2003/6/6,3.37
2003/6/7,3.37
2003/6/8,3.37
2003/6/9,3.29
2003/6/10,3.2
2003/6/11,3.21
2003/6/12,3.18
2003/6/13,3.13
2003/6/14,3.13
2003/6/15,3.13
2003/6/16,3.18
2003/6/17,3.27
2003/6/18,3.37
2003/6/19,3.35
2003/6/20,3.4
2003/6/21,3.4
2003/6/22,3.4
2003/6/23,3.32
2003/6/24,3.29
2003/6/25,3.38
2003/6/26,3.55
2003/6/27,3.58
2003/6/28,3.58
2003/6/29,3.58
2003/6/30,3.54
2003/7/1,3.56
2003/7/2,3.56
2003/7/3,3.67
2003/7/4,3.67
2003/7/5,3.67
2003/7/6,3.67
2003/7/7,3.74
2003/7/8,3.75
2003/7/9,3.73
2003/7/10,3.7
2003/7/11,3.66
2003/7/12,3.66
2003/7/13,3.66
2003/7/14,3.74
2003/7/15,3.94
2003/7/16,3.97
2003/7/17,3.98
2003/7/18,4
2003/7/19,4
2003/7/20,4
2003/7/21,4.19
2003/7/22,4.17
2003/7/23,4.12
2003/7/24,4.2
2003/7/25,4.22
2003/7/26,4.22
2003/7/27,4.22
2003/7/28,4.31
2003/7/29,4.42
2003/7/30,4.34
2003/7/31,4.49
2003/8/1,4.44
2003/8/2,4.44
2003/8/3,4.44
2003/8/4,4.35
2003/8/5,4.47
2003/8/6,4.32
2003/8/7,4.3
2003/8/8,4.27
2003/8/9,4.27
2003/8/10,4.27
2003/8/11,4.38
2003/8/12,4.37
2003/8/13,4.58
2003/8/14,4.55
2003/8/15,4.55
2003/8/16,4.55
2003/8/17,4.55
2003/8/18,4.49
2003/8/19,4.38
2003/8/20,4.45
2003/8/21,4.53
2003/8/22,4.48
2003/8/23,4.48
2003/8/24,4.48
2003/8/25,4.53
2003/8/26,4.5
2003/8/27,4.54
2003/8/28,4.42
2003/8/29,4.45
2003/8/30,4.45
2003/8/31,4.45
2003/9/1,4.45
2003/9/2,4.61
2003/9/3,4.6
2003/9/4,4.52
2003/9/5,4.35
2003/9/6,4.35
2003/9/7,4.35
2003/9/8,4.41
2003/9/9,4.37
2003/9/10,4.28
2003/9/11,4.35
2003/9/12,4.27
2003/9/13,4.27
2003/9/14,4.27
2003/9/15,4.28
2003/9/16,4.29
2003/9/17,4.2
2003/9/18,4.19
2003/9/19,4.17
2003/9/20,4.17
2003/9/21,4.17
2003/9/22,4.26
2003/9/23,4.24
2003/9/24,4.16
2003/9/25,4.12
2003/9/26,4.04
2003/9/27,4.04
2003/9/28,4.04
2003/9/29,4.09
2003/9/30,3.96
2003/10/1,3.96
2003/10/2,4.03
2003/10/3,4.21
2003/10/4,4.21
2003/10/5,4.21
2003/10/6,4.17
2003/10/7,4.27
2003/10/8,4.27
2003/10/9,4.32
2003/10/10,4.29
2003/10/11,4.29
2003/10/12,4.29
2003/10/13,4.29
2003/10/14,4.37
2003/10/15,4.43
2003/10/16,4.47
2003/10/17,4.41
2003/10/18,4.41
2003/10/19,4.41
2003/10/20,4.41
2003/10/21,4.38
2003/10/22,4.29
2003/10/23,4.34
2003/10/24,4.24
2003/10/25,4.24
2003/10/26,4.24
2003/10/27,4.3
2003/10/28,4.23
2003/10/29,4.31
2003/10/30,4.36
2003/10/31,4.33
2003/11/1,4.33
2003/11/2,4.33
2003/11/3,4.4
2003/11/4,4.33
2003/11/5,4.38
2003/11/6,4.45
2003/11/7,4.48
2003/11/8,4.48
2003/11/9,4.48
2003/11/10,4.49
2003/11/11,4.49
2003/11/12,4.44
2003/11/13,4.3
2003/11/14,4.22
2003/11/15,4.22
2003/11/16,4.22
2003/11/17,4.18
2003/11/18,4.17
2003/11/19,4.24
2003/11/20,4.16
2003/11/21,4.15
2003/11/22,4.15
2003/11/23,4.15
2003/11/24,4.23
2003/11/25,4.19
2003/11/26,4.25
2003/11/27,4.25
2003/11/28,4.34
2003/11/29,4.34
2003/11/30,4.34
2003/12/1,4.4
2003/12/2,4.38
2003/12/3,4.41
2003/12/4,4.38
2003/12/5,4.23
2003/12/6,4.23
2003/12/7,4.23
2003/12/8,4.29
2003/12/9,4.32
2003/12/10,4.3
2003/12/11,4.27
2003/12/12,4.26
2003/12/13,4.26
2003/12/14,4.26
2003/12/15,4.28
2003/12/16,4.24
2003/12/17,4.19
2003/12/18,4.16
2003/12/19,4.15
2003/12/20,4.15
2003/12/21,4.15
2003/12/22,4.18
2003/12/23,4.28
2003/12/24,4.2
2003/12/25,4.2
2003/12/26,4.17
2003/12/27,4.17
2003/12/28,4.17
2003/12/29,4.24
2003/12/30,4.29
2003/12/31,4.27
2004/1/1,4.27
2004/1/2,4.38
2004/1/3,4.38
2004/1/4,4.38
2004/1/5,4.41
2004/1/6,4.29
2004/1/7,4.27
2004/1/8,4.27
2004/1/9,4.11
2004/1/10,4.11
2004/1/11,4.11
2004/1/12,4.11
2004/1/13,4.05
2004/1/14,4.01
2004/1/15,3.99
2004/1/16,4.04
2004/1/17,4.04
2004/1/18,4.04
2004/1/19,4.04
2004/1/20,4.08
2004/1/21,4.05
2004/1/22,3.99
2004/1/23,4.09
2004/1/24,4.09
2004/1/25,4.09
2004/1/26,4.16
2004/1/27,4.11
2004/1/28,4.22
2004/1/29,4.22
2004/1/30,4.16
2004/1/31,4.16
2004/2/1,4.16
2004/2/2,4.18
2004/2/3,4.13
2004/2/4,4.15
2004/2/5,4.2
2004/2/6,4.12
2004/2/7,4.12
2004/2/8,4.12
2004/2/9,4.09
2004/2/10,4.13
2004/2/11,4.05
2004/2/12,4.1
2004/2/13,4.05
2004/2/14,4.05
2004/2/15,4.05
2004/2/16,4.05
2004/2/17,4.05
2004/2/18,4.05
2004/2/19,4.05
2004/2/20,4.1
2004/2/21,4.1
2004/2/22,4.1
2004/2/23,4.05
2004/2/24,4.04
2004/2/25,4.02
2004/2/26,4.05
2004/2/27,3.99
2004/2/28,3.99
2004/2/29,3.99
2004/3/1,4
2004/3/2,4.05
2004/3/3,4.07
2004/3/4,4.04
2004/3/5,3.85
2004/3/6,3.85
2004/3/7,3.85
2004/3/8,3.78
2004/3/9,3.73
2004/3/10,3.74
2004/3/11,3.74
2004/3/12,3.78
2004/3/13,3.78
2004/3/14,3.78
2004/3/15,3.78
2004/3/16,3.7
2004/3/17,3.71
2004/3/18,3.76
2004/3/19,3.8
2004/3/20,3.8
2004/3/21,3.8
2004/3/22,3.74
2004/3/23,3.73
2004/3/24,3.73
2004/3/25,3.75
2004/3/26,3.85
2004/3/27,3.85
2004/3/28,3.85
2004/3/29,3.91
2004/3/30,3.91
2004/3/31,3.86
2004/4/1,3.91
2004/4/2,4.15
2004/4/3,4.15
2004/4/4,4.15
2004/4/5,4.24
2004/4/6,4.19
2004/4/7,4.19
2004/4/8,4.21
2004/4/9,4.21
2004/4/10,4.21
2004/4/11,4.21
2004/4/12,4.25
2004/4/13,4.35
2004/4/14,4.4
2004/4/15,4.42
2004/4/16,4.37
2004/4/17,4.37
2004/4/18,4.37
2004/4/19,4.39
2004/4/20,4.43
2004/4/21,4.45
2004/4/22,4.4
2004/4/23,4.48
2004/4/24,4.48
2004/4/25,4.48
2004/4/26,4.46
2004/4/27,4.43
2004/4/28,4.5
2004/4/29,4.55
2004/4/30,4.53
2004/5/1,4.53
2004/5/2,4.53
2004/5/3,4.53
2004/5/4,4.56
2004/5/5,4.61
2004/5/6,4.63
2004/5/7,4.79
2004/5/8,4.79
2004/5/9,4.79
2004/5/10,4.81
2004/5/11,4.79
2004/5/12,4.83
2004/5/13,4.85
2004/5/14,4.79
2004/5/15,4.79
2004/5/16,4.79
2004/5/17,4.7
2004/5/18,4.74
2004/5/19,4.79
2004/5/20,4.72
2004/5/21,4.76
2004/5/22,4.76
2004/5/23,4.76
2004/5/24,4.75
2004/5/25,4.73
2004/5/26,4.67
2004/5/27,4.6
2004/5/28,4.66
2004/5/29,4.66
2004/5/30,4.66
2004/5/31,4.66
2004/6/1,4.71
2004/6/2,4.74
2004/6/3,4.71
2004/6/4,4.78
2004/6/5,4.78
2004/6/6,4.78
2004/6/7,4.78
2004/6/8,4.78
2004/6/9,4.82
2004/6/10,4.81
2004/6/11,4.81
2004/6/12,4.81
2004/6/13,4.81
2004/6/14,4.89
2004/6/15,4.69
2004/6/16,4.74
2004/6/17,4.71
2004/6/18,4.72
2004/6/19,4.72
2004/6/20,4.72
2004/6/21,4.7
2004/6/22,4.72
2004/6/23,4.71
2004/6/24,4.66
2004/6/25,4.66
2004/6/26,4.66
2004/6/27,4.66
2004/6/28,4.76
2004/6/29,4.7
2004/6/30,4.62
2004/7/1,4.57
2004/7/2,4.48
2004/7/3,4.48
2004/7/4,4.48
2004/7/5,4.48
2004/7/6,4.49
2004/7/7,4.5
2004/7/8,4.49
2004/7/9,4.49
2004/7/10,4.49
2004/7/11,4.49
2004/7/12,4.46
2004/7/13,4.5
2004/7/14,4.5
2004/7/15,4.5
2004/7/16,4.38
2004/7/17,4.38
2004/7/18,4.38
2004/7/19,4.38
2004/7/20,4.47
2004/7/21,4.5
2004/7/22,4.48
2004/7/23,4.45
2004/7/24,4.45
2004/7/25,4.45
2004/7/26,4.49
2004/7/27,4.62
2004/7/28,4.61
2004/7/29,4.6
2004/7/30,4.5
2004/7/31,4.5
2004/8/1,4.5
2004/8/2,4.48
2004/8/3,4.45
2004/8/4,4.45
2004/8/5,4.43
2004/8/6,4.24
2004/8/7,4.24
2004/8/8,4.24
2004/8/9,4.28
2004/8/10,4.32
2004/8/11,4.3
2004/8/12,4.27
2004/8/13,4.22
2004/8/14,4.22
2004/8/15,4.22
2004/8/16,4.26
2004/8/17,4.21
2004/8/18,4.23
2004/8/19,4.22
2004/8/20,4.24
2004/8/21,4.24
2004/8/22,4.24
2004/8/23,4.28
2004/8/24,4.28
2004/8/25,4.26
2004/8/26,4.22
2004/8/27,4.23
2004/8/28,4.23
2004/8/29,4.23
2004/8/30,4.19
2004/8/31,4.13
2004/9/1,4.13
2004/9/2,4.2
2004/9/3,4.3
2004/9/4,4.3
2004/9/5,4.3
2004/9/6,4.3
2004/9/7,4.26
2004/9/8,4.18
2004/9/9,4.22
2004/9/10,4.19
2004/9/11,4.19
2004/9/12,4.19
2004/9/13,4.16
2004/9/14,4.15
2004/9/15,4.18
2004/9/16,4.08
2004/9/17,4.14
2004/9/18,4.14
2004/9/19,4.14
2004/9/20,4.07
2004/9/21,4.05
2004/9/22,4
2004/9/23,4.02
2004/9/24,4.04
2004/9/25,4.04
2004/9/26,4.04
2004/9/27,4.01
2004/9/28,4.02
2004/9/29,4.1
2004/9/30,4.14
2004/10/1,4.21
2004/10/2,4.21
2004/10/3,4.21
2004/10/4,4.19
2004/10/5,4.18
2004/10/6,4.23
2004/10/7,4.26
2004/10/8,4.15
2004/10/9,4.15
2004/10/10,4.15
2004/10/11,4.15
2004/10/12,4.12
2004/10/13,4.09
2004/10/14,4.03
2004/10/15,4.07
2004/10/16,4.07
2004/10/17,4.07
2004/10/18,4.07
2004/10/19,4.07
2004/10/20,4.01
2004/10/21,4.01
2004/10/22,4
2004/10/23,4
2004/10/24,4
2004/10/25,3.99
2004/10/26,4.01
2004/10/27,4.11
2004/10/28,4.09
2004/10/29,4.05
2004/10/30,4.05
2004/10/31,4.05
2004/11/1,4.11
2004/11/2,4.1
2004/11/3,4.09
2004/11/4,4.1
2004/11/5,4.21
2004/11/6,4.21
2004/11/7,4.21
2004/11/8,4.22
2004/11/9,4.22
2004/11/10,4.25
2004/11/11,4.25
2004/11/12,4.2
2004/11/13,4.2
2004/11/14,4.2
2004/11/15,4.2
2004/11/16,4.21
2004/11/17,4.14
2004/11/18,4.12
2004/11/19,4.2
2004/11/20,4.2
2004/11/21,4.2
2004/11/22,4.18
2004/11/23,4.19
2004/11/24,4.2
2004/11/25,4.2
2004/11/26,4.24
2004/11/27,4.24
2004/11/28,4.24
2004/11/29,4.34
2004/11/30,4.36
2004/12/1,4.38
2004/12/2,4.4
2004/12/3,4.27
2004/12/4,4.27
2004/12/5,4.27
2004/12/6,4.24
2004/12/7,4.23
2004/12/8,4.14
2004/12/9,4.19
2004/12/10,4.16
2004/12/11,4.16
2004/12/12,4.16
2004/12/13,4.16
2004/12/14,4.14
2004/12/15,4.09
2004/12/16,4.19
2004/12/17,4.21
2004/12/18,4.21
2004/12/19,4.21
2004/12/20,4.21
2004/12/21,4.18
2004/12/22,4.21
2004/12/23,4.23
2004/12/24,4.23
2004/12/25,4.23
2004/12/26,4.23
2004/12/27,4.3
2004/12/28,4.31
2004/12/29,4.33
2004/12/30,4.27
2004/12/31,4.24
2005/1/1,4.24
2005/1/2,4.24
2005/1/3,4.23
2005/1/4,4.29
2005/1/5,4.29
2005/1/6,4.29
2005/1/7,4.29
2005/1/8,4.29
2005/1/9,4.29
2005/1/10,4.29
2005/1/11,4.26
2005/1/12,4.25
2005/1/13,4.2
2005/1/14,4.23
2005/1/15,4.23
2005/1/16,4.23
2005/1/17,4.23
2005/1/18,4.21
2005/1/19,4.2
2005/1/20,4.17
2005/1/21,4.16
2005/1/22,4.16
2005/1/23,4.16
2005/1/24,4.14
2005/1/25,4.2
2005/1/26,4.21
2005/1/27,4.22
2005/1/28,4.16
2005/1/29,4.16
2005/1/30,4.16
2005/1/31,4.14
2005/2/1,4.15
2005/2/2,4.15
2005/2/3,4.18
2005/2/4,4.09
2005/2/5,4.09
2005/2/6,4.09
2005/2/7,4.07
2005/2/8,4.05
2005/2/9,4
2005/2/10,4.07
2005/2/11,4.1
2005/2/12,4.1
2005/2/13,4.1
2005/2/14,4.08
2005/2/15,4.1
2005/2/16,4.16
2005/2/17,4.19
2005/2/18,4.27
2005/2/19,4.27
2005/2/20,4.27
2005/2/21,4.27
2005/2/22,4.29
2005/2/23,4.27
2005/2/24,4.29
2005/2/25,4.27
2005/2/26,4.27
2005/2/27,4.27
2005/2/28,4.36
2005/3/1,4.38
2005/3/2,4.38
2005/3/3,4.39
2005/3/4,4.32
2005/3/5,4.32
2005/3/6,4.32
2005/3/7,4.31
2005/3/8,4.38
2005/3/9,4.52
2005/3/10,4.48
2005/3/11,4.56
2005/3/12,4.56
2005/3/13,4.56
2005/3/14,4.52
2005/3/15,4.54
2005/3/16,4.52
2005/3/17,4.47
2005/3/18,4.51
2005/3/19,4.51
2005/3/20,4.51
2005/3/21,4.53
2005/3/22,4.63
2005/3/23,4.61
2005/3/24,4.6
2005/3/25,4.6
2005/3/26,4.6
2005/3/27,4.6
2005/3/28,4.64
2005/3/29,4.6
2005/3/30,4.56
2005/3/31,4.5
2005/4/1,4.46
2005/4/2,4.46
2005/4/3,4.46
2005/4/4,4.47
2005/4/5,4.48
2005/4/6,4.44
2005/4/7,4.49
2005/4/8,4.5
2005/4/9,4.5
2005/4/10,4.5
2005/4/11,4.45
2005/4/12,4.38
2005/4/13,4.38
2005/4/14,4.37
2005/4/15,4.27
2005/4/16,4.27
2005/4/17,4.27
2005/4/18,4.27
2005/4/19,4.21
2005/4/20,4.22
2005/4/21,4.32
2005/4/22,4.26
2005/4/23,4.26
2005/4/24,4.26
2005/4/25,4.26
2005/4/26,4.28
2005/4/27,4.25
2005/4/28,4.19
2005/4/29,4.21
2005/4/30,4.21
2005/5/1,4.21
2005/5/2,4.21
2005/5/3,4.21
2005/5/4,4.2
2005/5/5,4.19
2005/5/6,4.28
2005/5/7,4.28
2005/5/8,4.28
2005/5/9,4.29
2005/5/10,4.23
2005/5/11,4.21
2005/5/12,4.18
2005/5/13,4.12
2005/5/14,4.12
2005/5/15,4.12
2005/5/16,4.13
2005/5/17,4.12
2005/5/18,4.07
2005/5/19,4.11
2005/5/20,4.13
2005/5/21,4.13
2005/5/22,4.13
2005/5/23,4.07
2005/5/24,4.04
2005/5/25,4.08
2005/5/26,4.08
2005/5/27,4.08
2005/5/28,4.08
2005/5/29,4.08
2005/5/30,4.08
2005/5/31,4
2005/6/1,3.91
2005/6/2,3.89
2005/6/3,3.98
2005/6/4,3.98
2005/6/5,3.98
2005/6/6,3.96
2005/6/7,3.92
2005/6/8,3.95
2005/6/9,3.98
2005/6/10,4.05
2005/6/11,4.05
2005/6/12,4.05
2005/6/13,4.09
2005/6/14,4.13
2005/6/15,4.12
2005/6/16,4.09
2005/6/17,4.09
2005/6/18,4.09
2005/6/19,4.09
2005/6/20,4.11
2005/6/21,4.06
2005/6/22,3.95
2005/6/23,3.96
2005/6/24,3.92
2005/6/25,3.92
2005/6/26,3.92
2005/6/27,3.9
2005/6/28,3.97
2005/6/29,3.99
2005/6/30,3.94
2005/7/1,4.06
2005/7/2,4.06
2005/7/3,4.06
2005/7/4,4.06
2005/7/5,4.11
2005/7/6,4.08
2005/7/7,4.05
2005/7/8,4.11
2005/7/9,4.11
2005/7/10,4.11
2005/7/11,4.11
2005/7/12,4.15
2005/7/13,4.17
2005/7/14,4.19
2005/7/15,4.18
2005/7/16,4.18
2005/7/17,4.18
2005/7/18,4.22
2005/7/19,4.2
2005/7/20,4.17
2005/7/21,4.28
2005/7/22,4.23
2005/7/23,4.23
2005/7/24,4.23
2005/7/25,4.25
2005/7/26,4.24
2005/7/27,4.27
2005/7/28,4.2
2005/7/29,4.28
2005/7/30,4.28
2005/7/31,4.28
2005/8/1,4.32
2005/8/2,4.34
2005/8/3,4.3
2005/8/4,4.32
2005/8/5,4.4
2005/8/6,4.4
2005/8/7,4.4
2005/8/8,4.42
2005/8/9,4.41
2005/8/10,4.4
2005/8/11,4.32
2005/8/12,4.24
2005/8/13,4.24
2005/8/14,4.24
2005/8/15,4.27
2005/8/16,4.23
2005/8/17,4.28
2005/8/18,4.21
2005/8/19,4.21
2005/8/20,4.21
2005/8/21,4.21
2005/8/22,4.22
2005/8/23,4.2
2005/8/24,4.19
2005/8/25,4.18
2005/8/26,4.2
2005/8/27,4.2
2005/8/28,4.2
2005/8/29,4.2
2005/8/30,4.16
2005/8/31,4.02
2005/9/1,4.02
2005/9/2,4.03
2005/9/3,4.03
2005/9/4,4.03
2005/9/5,4.03
2005/9/6,4.09
2005/9/7,4.15
2005/9/8,4.15
2005/9/9,4.14
2005/9/10,4.14
2005/9/11,4.14
2005/9/12,4.18
2005/9/13,4.14
2005/9/14,4.17
2005/9/15,4.22
2005/9/16,4.26
2005/9/17,4.26
2005/9/18,4.26
2005/9/19,4.25
2005/9/20,4.26
2005/9/21,4.19
2005/9/22,4.19
2005/9/23,4.25
2005/9/24,4.25
2005/9/25,4.25
2005/9/26,4.3
2005/9/27,4.3
2005/9/28,4.26
2005/9/29,4.29
2005/9/30,4.34
2005/10/1,4.34
2005/10/2,4.34
2005/10/3,4.39
2005/10/4,4.38
2005/10/5,4.36
2005/10/6,4.37
2005/10/7,4.35
2005/10/8,4.35
2005/10/9,4.35
2005/10/10,4.35
2005/10/11,4.39
2005/10/12,4.45
2005/10/13,4.48
2005/10/14,4.48
2005/10/15,4.48
2005/10/16,4.48
2005/10/17,4.5
2005/10/18,4.49
2005/10/19,4.47
2005/10/20,4.46
2005/10/21,4.39
2005/10/22,4.39
2005/10/23,4.39
2005/10/24,4.45
2005/10/25,4.54
2005/10/26,4.6
2005/10/27,4.57
2005/10/28,4.58
2005/10/29,4.58
2005/10/30,4.58
2005/10/31,4.57
2005/11/1,4.58
2005/11/2,4.61
2005/11/3,4.65
2005/11/4,4.66
2005/11/5,4.66
2005/11/6,4.66
2005/11/7,4.65
2005/11/8,4.57
2005/11/9,4.64
2005/11/10,4.55
2005/11/11,4.55
2005/11/12,4.55
2005/11/13,4.55
2005/11/14,4.61
2005/11/15,4.56
2005/11/16,4.49
2005/11/17,4.46
2005/11/18,4.5
2005/11/19,4.5
2005/11/20,4.5
2005/11/21,4.46
2005/11/22,4.43
2005/11/23,4.47
2005/11/24,4.47
2005/11/25,4.43
2005/11/26,4.43
2005/11/27,4.43
2005/11/28,4.41
2005/11/29,4.48
2005/11/30,4.49
2005/12/1,4.52
2005/12/2,4.52
2005/12/3,4.52
2005/12/4,4.52
2005/12/5,4.57
2005/12/6,4.49
2005/12/7,4.52
2005/12/8,4.47
2005/12/9,4.54
2005/12/10,4.54
2005/12/11,4.54
2005/12/12,4.56
2005/12/13,4.54
2005/12/14,4.45
2005/12/15,4.47
2005/12/16,4.45
2005/12/17,4.45
2005/12/18,4.45
2005/12/19,4.45
2005/12/20,4.47
2005/12/21,4.49
2005/12/22,4.44
2005/12/23,4.38
2005/12/24,4.38
2005/12/25,4.38
2005/12/26,4.38
2005/12/27,4.34
2005/12/28,4.38
2005/12/29,4.37
2005/12/30,4.39
2005/12/31,4.39
2006/1/1,4.39
2006/1/2,4.39
2006/1/3,4.37
2006/1/4,4.36
2006/1/5,4.36
2006/1/6,4.38
2006/1/7,4.38
2006/1/8,4.38
2006/1/9,4.38
2006/1/10,4.43
2006/1/11,4.46
2006/1/12,4.42
2006/1/13,4.36
2006/1/14,4.36
2006/1/15,4.36
2006/1/16,4.36
2006/1/17,4.34
2006/1/18,4.34
2006/1/19,4.38
2006/1/20,4.37
2006/1/21,4.37
2006/1/22,4.37
2006/1/23,4.36
2006/1/24,4.4
2006/1/25,4.49
2006/1/26,4.53
2006/1/27,4.52
2006/1/28,4.52
2006/1/29,4.52
2006/1/30,4.54
2006/1/31,4.53
2006/2/1,4.57
2006/2/2,4.57
2006/2/3,4.54
2006/2/4,4.54
2006/2/5,4.54
2006/2/6,4.55
2006/2/7,4.57
2006/2/8,4.56
2006/2/9,4.54
2006/2/10,4.59
2006/2/11,4.59
2006/2/12,4.59
2006/2/13,4.58
2006/2/14,4.62
2006/2/15,4.61
2006/2/16,4.59
2006/2/17,4.54
2006/2/18,4.54
2006/2/19,4.54
2006/2/20,4.54
2006/2/21,4.57
2006/2/22,4.53
2006/2/23,4.56
2006/2/24,4.58
2006/2/25,4.58
2006/2/26,4.58
2006/2/27,4.59
2006/2/28,4.55
2006/3/1,4.59
2006/3/2,4.64
2006/3/3,4.68
2006/3/4,4.68
2006/3/5,4.68
2006/3/6,4.74
2006/3/7,4.74
2006/3/8,4.73
2006/3/9,4.74
2006/3/10,4.76
2006/3/11,4.76
2006/3/12,4.76
2006/3/13,4.77
2006/3/14,4.71
2006/3/15,4.73
2006/3/16,4.65
2006/3/17,4.68
2006/3/18,4.68
2006/3/19,4.68
2006/3/20,4.66
2006/3/21,4.71
2006/3/22,4.7
2006/3/23,4.73
2006/3/24,4.67
2006/3/25,4.67
2006/3/26,4.67
2006/3/27,4.7
2006/3/28,4.79
2006/3/29,4.81
2006/3/30,4.86
2006/3/31,4.86
2006/4/1,4.86
2006/4/2,4.86
2006/4/3,4.88
2006/4/4,4.87
2006/4/5,4.84
2006/4/6,4.9
2006/4/7,4.97
2006/4/8,4.97
2006/4/9,4.97
2006/4/10,4.97
2006/4/11,4.93
2006/4/12,4.98
2006/4/13,5.05
2006/4/14,5.05
2006/4/15,5.05
2006/4/16,5.05
2006/4/17,5.01
2006/4/18,4.99
2006/4/19,5.04
2006/4/20,5.04
2006/4/21,5.01
2006/4/22,5.01
2006/4/23,5.01
2006/4/24,4.99
2006/4/25,5.07
2006/4/26,5.12
2006/4/27,5.09
2006/4/28,5.07
2006/4/29,5.07
2006/4/30,5.07
2006/5/1,5.14
2006/5/2,5.12
2006/5/3,5.15
2006/5/4,5.16
2006/5/5,5.12
2006/5/6,5.12
2006/5/7,5.12
2006/5/8,5.12
2006/5/9,5.13
2006/5/10,5.13
2006/5/11,5.14
2006/5/12,5.19
2006/5/13,5.19
2006/5/14,5.19
2006/5/15,5.15
2006/5/16,5.1
2006/5/17,5.16
2006/5/18,5.08
2006/5/19,5.05
2006/5/20,5.05
2006/5/21,5.05
2006/5/22,5.04
2006/5/23,5.07
2006/5/24,5.03
2006/5/25,5.07
2006/5/26,5.06
2006/5/27,5.06
2006/5/28,5.06
2006/5/29,5.06
2006/5/30,5.09
2006/5/31,5.12
2006/6/1,5.11
2006/6/2,5
2006/6/3,5
2006/6/4,5
2006/6/5,5.02
2006/6/6,5.01
2006/6/7,5.02
2006/6/8,5
2006/6/9,4.98
2006/6/10,4.98
2006/6/11,4.98
2006/6/12,4.99
2006/6/13,4.97
2006/6/14,5.05
2006/6/15,5.1
2006/6/16,5.13
2006/6/17,5.13
2006/6/18,5.13
2006/6/19,5.14
2006/6/20,5.15
2006/6/21,5.16
2006/6/22,5.2
2006/6/23,5.23
2006/6/24,5.23
2006/6/25,5.23
2006/6/26,5.25
2006/6/27,5.21
2006/6/28,5.25
2006/6/29,5.22
2006/6/30,5.15
2006/7/1,5.15
2006/7/2,5.15
2006/7/3,5.15
2006/7/4,5.15
2006/7/5,5.23
2006/7/6,5.19
2006/7/7,5.14
2006/7/8,5.14
2006/7/9,5.14
2006/7/10,5.13
2006/7/11,5.1
2006/7/12,5.1
2006/7/13,5.08
2006/7/14,5.07
2006/7/15,5.07
2006/7/16,5.07
2006/7/17,5.07
2006/7/18,5.13
2006/7/19,5.06
2006/7/20,5.03
2006/7/21,5.05
2006/7/22,5.05
2006/7/23,5.05
2006/7/24,5.05
2006/7/25,5.07
2006/7/26,5.04
2006/7/27,5.07
2006/7/28,5
2006/7/29,5
2006/7/30,5
2006/7/31,4.99
2006/8/1,4.99
2006/8/2,4.96
2006/8/3,4.96
2006/8/4,4.91
2006/8/5,4.91
2006/8/6,4.91
2006/8/7,4.93
2006/8/8,4.93
2006/8/9,4.92
2006/8/10,4.93
2006/8/11,4.97
2006/8/12,4.97
2006/8/13,4.97
2006/8/14,5
2006/8/15,4.93
2006/8/16,4.87
2006/8/17,4.87
2006/8/18,4.84
2006/8/19,4.84
2006/8/20,4.84
2006/8/21,4.82
2006/8/22,4.82
2006/8/23,4.82
2006/8/24,4.81
2006/8/25,4.79
2006/8/26,4.79
2006/8/27,4.79
2006/8/28,4.8
2006/8/29,4.79
2006/8/30,4.76
2006/8/31,4.74
2006/9/1,4.73
2006/9/2,4.73
2006/9/3,4.73
2006/9/4,4.73
2006/9/5,4.78
2006/9/6,4.8
2006/9/7,4.8
2006/9/8,4.78
2006/9/9,4.78
2006/9/10,4.78
2006/9/11,4.8
2006/9/12,4.78
2006/9/13,4.77
2006/9/14,4.79
2006/9/15,4.8
2006/9/16,4.8
2006/9/17,4.8
2006/9/18,4.81
2006/9/19,4.74
2006/9/20,4.73
2006/9/21,4.65
2006/9/22,4.6
2006/9/23,4.6
2006/9/24,4.6
2006/9/25,4.56
2006/9/26,4.59
2006/9/27,4.6
2006/9/28,4.63
2006/9/29,4.64
2006/9/30,4.64
2006/10/1,4.64
2006/10/2,4.62
2006/10/3,4.62
2006/10/4,4.57
2006/10/5,4.61
2006/10/6,4.7
2006/10/7,4.7
2006/10/8,4.7
2006/10/9,4.7
2006/10/10,4.75
2006/10/11,4.78
2006/10/12,4.79
2006/10/13,4.81
2006/10/14,4.81
2006/10/15,4.81
2006/10/16,4.79
2006/10/17,4.78
2006/10/18,4.77
2006/10/19,4.79
2006/10/20,4.79
2006/10/21,4.79
2006/10/22,4.79
2006/10/23,4.83
2006/10/24,4.83
2006/10/25,4.78
2006/10/26,4.73
2006/10/27,4.68
2006/10/28,4.68
2006/10/29,4.68
2006/10/30,4.68
2006/10/31,4.61
2006/11/1,4.57
2006/11/2,4.6
2006/11/3,4.72
2006/11/4,4.72
2006/11/5,4.72
2006/11/6,4.71
2006/11/7,4.66
2006/11/8,4.64
2006/11/9,4.62
2006/11/10,4.59
2006/11/11,4.59
2006/11/12,4.59
2006/11/13,4.61
2006/11/14,4.57
2006/11/15,4.61
2006/11/16,4.66
2006/11/17,4.61
2006/11/18,4.61
2006/11/19,4.61
2006/11/20,4.6
2006/11/21,4.58
2006/11/22,4.57
2006/11/23,4.57
2006/11/24,4.55
2006/11/25,4.55
2006/11/26,4.55
2006/11/27,4.54
2006/11/28,4.51
2006/11/29,4.52
2006/11/30,4.46
2006/12/1,4.43
2006/12/2,4.43
2006/12/3,4.43
2006/12/4,4.43
2006/12/5,4.45
2006/12/6,4.48
2006/12/7,4.49
2006/12/8,4.56
2006/12/9,4.56
2006/12/10,4.56
2006/12/11,4.52
2006/12/12,4.49
2006/12/13,4.58
2006/12/14,4.6
2006/12/15,4.6
2006/12/16,4.6
2006/12/17,4.6
2006/12/18,4.6
2006/12/19,4.6
2006/12/20,4.6
2006/12/21,4.55
2006/12/22,4.63
2006/12/23,4.63
2006/12/24,4.63
2006/12/25,4.63
2006/12/26,4.61
2006/12/27,4.66
2006/12/28,4.7
2006/12/29,4.71
2006/12/30,4.71
2006/12/31,4.71
2007/1/1,4.71
2007/1/2,4.68
2007/1/3,4.67
2007/1/4,4.62
2007/1/5,4.65
2007/1/6,4.65
2007/1/7,4.65
2007/1/8,4.66
2007/1/9,4.66
2007/1/10,4.69
2007/1/11,4.74
2007/1/12,4.77
2007/1/13,4.77
2007/1/14,4.77
2007/1/15,4.77
2007/1/16,4.75
2007/1/17,4.79
2007/1/18,4.75
2007/1/19,4.78
2007/1/20,4.78
2007/1/21,4.78
2007/1/22,4.76
2007/1/23,4.81
2007/1/24,4.81
2007/1/25,4.87
2007/1/26,4.88
2007/1/27,4.88
2007/1/28,4.88
2007/1/29,4.9
2007/1/30,4.88
2007/1/31,4.83
2007/2/1,4.84
2007/2/2,4.83
2007/2/3,4.83
2007/2/4,4.83
2007/2/5,4.81
2007/2/6,4.77
2007/2/7,4.74
2007/2/8,4.73
2007/2/9,4.79
2007/2/10,4.79
2007/2/11,4.79
2007/2/12,4.8
2007/2/13,4.82
2007/2/14,4.74
2007/2/15,4.7
2007/2/16,4.69
2007/2/17,4.69
2007/2/18,4.69
2007/2/19,4.69
2007/2/20,4.68
2007/2/21,4.69
2007/2/22,4.73
2007/2/23,4.68
2007/2/24,4.68
2007/2/25,4.68
2007/2/26,4.63
2007/2/27,4.5
2007/2/28,4.56
2007/3/1,4.56
2007/3/2,4.52
2007/3/3,4.52
2007/3/4,4.52
2007/3/5,4.51
2007/3/6,4.53
2007/3/7,4.5
2007/3/8,4.51
2007/3/9,4.59
2007/3/10,4.59
2007/3/11,4.59
2007/3/12,4.56
2007/3/13,4.5
2007/3/14,4.53
2007/3/15,4.54
2007/3/16,4.55
2007/3/17,4.55
2007/3/18,4.55
2007/3/19,4.58
2007/3/20,4.56
2007/3/21,4.53
2007/3/22,4.6
2007/3/23,4.62
2007/3/24,4.62
2007/3/25,4.62
2007/3/26,4.6
2007/3/27,4.62
2007/3/28,4.62
2007/3/29,4.64
2007/3/30,4.65
2007/3/31,4.65
2007/4/1,4.65
2007/4/2,4.65
2007/4/3,4.67
2007/4/4,4.66
2007/4/5,4.68
2007/4/6,4.76
2007/4/7,4.76
2007/4/8,4.76
2007/4/9,4.75
2007/4/10,4.73
2007/4/11,4.74
2007/4/12,4.74
2007/4/13,4.76
2007/4/14,4.76
2007/4/15,4.76
2007/4/16,4.74
2007/4/17,4.69
2007/4/18,4.66
2007/4/19,4.68
2007/4/20,4.68
2007/4/21,4.68
2007/4/22,4.68
2007/4/23,4.66
2007/4/24,4.63
2007/4/25,4.66
2007/4/26,4.69
2007/4/27,4.71
2007/4/28,4.71
2007/4/29,4.71
2007/4/30,4.63
2007/5/1,4.64
2007/5/2,4.65
2007/5/3,4.68
2007/5/4,4.65
2007/5/5,4.65
2007/5/6,4.65
2007/5/7,4.64
2007/5/8,4.63
2007/5/9,4.67
2007/5/10,4.65
2007/5/11,4.67
2007/5/12,4.67
2007/5/13,4.67
2007/5/14,4.69
2007/5/15,4.71
2007/5/16,4.71
2007/5/17,4.76
2007/5/18,4.81
2007/5/19,4.81
2007/5/20,4.81
2007/5/21,4.79
2007/5/22,4.83
2007/5/23,4.86
2007/5/24,4.86
2007/5/25,4.86
2007/5/26,4.86
2007/5/27,4.86
2007/5/28,4.86
2007/5/29,4.88
2007/5/30,4.88
2007/5/31,4.9
2007/6/1,4.95
2007/6/2,4.95
2007/6/3,4.95
2007/6/4,4.93
2007/6/5,4.98
2007/6/6,4.97
2007/6/7,5.11
2007/6/8,5.12
2007/6/9,5.12
2007/6/10,5.12
2007/6/11,5.14
2007/6/12,5.26
2007/6/13,5.2
2007/6/14,5.23
2007/6/15,5.16
2007/6/16,5.16
2007/6/17,5.16
2007/6/18,5.15
2007/6/19,5.09
2007/6/20,5.14
2007/6/21,5.16
2007/6/22,5.14
2007/6/23,5.14
2007/6/24,5.14
2007/6/25,5.09
2007/6/26,5.1
2007/6/27,5.09
2007/6/28,5.12
2007/6/29,5.03
2007/6/30,5.03
2007/7/1,5.03
2007/7/2,5
2007/7/3,5.05
2007/7/4,5.05
2007/7/5,5.16
2007/7/6,5.19
2007/7/7,5.19
2007/7/8,5.19
2007/7/9,5.16
2007/7/10,5.03
2007/7/11,5.09
2007/7/12,5.13
2007/7/13,5.11
2007/7/14,5.11
2007/7/15,5.11
2007/7/16,5.05
2007/7/17,5.08
2007/7/18,5.02
2007/7/19,5.04
2007/7/20,4.96
2007/7/21,4.96
2007/7/22,4.96
2007/7/23,4.97
2007/7/24,4.94
2007/7/25,4.92
2007/7/26,4.79
2007/7/27,4.8
2007/7/28,4.8
2007/7/29,4.8
2007/7/30,4.82
2007/7/31,4.78
2007/8/1,4.76
2007/8/2,4.77
2007/8/3,4.71
2007/8/4,4.71
2007/8/5,4.71
2007/8/6,4.72
2007/8/7,4.77
2007/8/8,4.84
2007/8/9,4.79
2007/8/10,4.81
2007/8/11,4.81
2007/8/12,4.81
2007/8/13,4.78
2007/8/14,4.73
2007/8/15,4.69
2007/8/16,4.6
2007/8/17,4.68
2007/8/18,4.68
2007/8/19,4.68
2007/8/20,4.64
2007/8/21,4.6
2007/8/22,4.63
2007/8/23,4.62
2007/8/24,4.63
2007/8/25,4.63
2007/8/26,4.63
2007/8/27,4.6
2007/8/28,4.53
2007/8/29,4.57
2007/8/30,4.51
2007/8/31,4.54
2007/9/1,4.54
2007/9/2,4.54
2007/9/3,4.54
2007/9/4,4.56
2007/9/5,4.48
2007/9/6,4.51
2007/9/7,4.38
2007/9/8,4.38
2007/9/9,4.38
2007/9/10,4.34
2007/9/11,4.37
2007/9/12,4.41
2007/9/13,4.49
2007/9/14,4.47
2007/9/15,4.47
2007/9/16,4.47
2007/9/17,4.48
2007/9/18,4.5
2007/9/19,4.53
2007/9/20,4.69
2007/9/21,4.64
2007/9/22,4.64
2007/9/23,4.64
2007/9/24,4.63
2007/9/25,4.63
2007/9/26,4.63
2007/9/27,4.58
2007/9/28,4.59
2007/9/29,4.59
2007/9/30,4.59
2007/10/1,4.56
2007/10/2,4.54
2007/10/3,4.55
2007/10/4,4.54
2007/10/5,4.65
2007/10/6,4.65
2007/10/7,4.65
2007/10/8,4.65
2007/10/9,4.67
2007/10/10,4.65
2007/10/11,4.66
2007/10/12,4.7
2007/10/13,4.7
2007/10/14,4.7
2007/10/15,4.69
2007/10/16,4.66
2007/10/17,4.57
2007/10/18,4.52
2007/10/19,4.41
2007/10/20,4.41
2007/10/21,4.41
2007/10/22,4.42
2007/10/23,4.41
2007/10/24,4.36
2007/10/25,4.37
2007/10/26,4.41
2007/10/27,4.41
2007/10/28,4.41
2007/10/29,4.39
2007/10/30,4.4
2007/10/31,4.48
2007/11/1,4.36
2007/11/2,4.31
2007/11/3,4.31
2007/11/4,4.31
2007/11/5,4.35
2007/11/6,4.38
2007/11/7,4.34
2007/11/8,4.28
2007/11/9,4.23
2007/11/10,4.23
2007/11/11,4.23
2007/11/12,4.23
2007/11/13,4.26
2007/11/14,4.28
2007/11/15,4.17
2007/11/16,4.15
2007/11/17,4.15
2007/11/18,4.15
2007/11/19,4.07
2007/11/20,4.06
2007/11/21,4
2007/11/22,4
2007/11/23,4.01
2007/11/24,4.01
2007/11/25,4.01
2007/11/26,3.83
2007/11/27,3.95
2007/11/28,4.03
2007/11/29,3.94
2007/11/30,3.97
2007/12/1,3.97
2007/12/2,3.97
2007/12/3,3.89
2007/12/4,3.89
2007/12/5,3.92
2007/12/6,4.02
2007/12/7,4.12
2007/12/8,4.12
2007/12/9,4.12
2007/12/10,4.15
2007/12/11,3.98
2007/12/12,4.05
2007/12/13,4.18
2007/12/14,4.24
2007/12/15,4.24
2007/12/16,4.24
2007/12/17,4.2
2007/12/18,4.14
2007/12/19,4.06
2007/12/20,4.04
2007/12/21,4.18
2007/12/22,4.18
2007/12/23,4.18
2007/12/24,4.23
2007/12/25,4.23
2007/12/26,4.3
2007/12/27,4.21
2007/12/28,4.11
2007/12/29,4.11
2007/12/30,4.11
2007/12/31,4.04
2008/1/1,4.04
2008/1/2,3.91
2008/1/3,3.91
2008/1/4,3.88
2008/1/5,3.88
2008/1/6,3.88
2008/1/7,3.86
2008/1/8,3.86
2008/1/9,3.82
2008/1/10,3.91
2008/1/11,3.82
2008/1/12,3.82
2008/1/13,3.82
2008/1/14,3.81
2008/1/15,3.72
2008/1/16,3.74
2008/1/17,3.66
2008/1/18,3.66
2008/1/19,3.66
2008/1/20,3.66
2008/1/21,3.66
2008/1/22,3.52
2008/1/23,3.51
2008/1/24,3.68
2008/1/25,3.61
2008/1/26,3.61
2008/1/27,3.61
2008/1/28,3.61
2008/1/29,3.69
2008/1/30,3.78
2008/1/31,3.67
2008/2/1,3.62
2008/2/2,3.62
2008/2/3,3.62
2008/2/4,3.68
2008/2/5,3.61
2008/2/6,3.61
2008/2/7,3.74
2008/2/8,3.64
2008/2/9,3.64
2008/2/10,3.64
2008/2/11,3.62
2008/2/12,3.66
2008/2/13,3.7
2008/2/14,3.85
2008/2/15,3.76
2008/2/16,3.76
2008/2/17,3.76
2008/2/18,3.76
2008/2/19,3.89
2008/2/20,3.93
2008/2/21,3.77
2008/2/22,3.79
2008/2/23,3.79
2008/2/24,3.79
2008/2/25,3.91
2008/2/26,3.88
2008/2/27,3.85
2008/2/28,3.71
2008/2/29,3.53
2008/3/1,3.53
2008/3/2,3.53
2008/3/3,3.54
2008/3/4,3.63
2008/3/5,3.7
2008/3/6,3.62
2008/3/7,3.56
2008/3/8,3.56
2008/3/9,3.56
2008/3/10,3.46
2008/3/11,3.6
2008/3/12,3.49
2008/3/13,3.56
2008/3/14,3.44
2008/3/15,3.44
2008/3/16,3.44
2008/3/17,3.34
2008/3/18,3.48
2008/3/19,3.38
2008/3/20,3.34
2008/3/21,3.34
2008/3/22,3.34
2008/3/23,3.34
2008/3/24,3.56
2008/3/25,3.51
2008/3/26,3.51
2008/3/27,3.56
2008/3/28,3.47
2008/3/29,3.47
2008/3/30,3.47
2008/3/31,3.45
2008/4/1,3.57
2008/4/2,3.6
2008/4/3,3.61
2008/4/4,3.5
2008/4/5,3.5
2008/4/6,3.5
2008/4/7,3.57
2008/4/8,3.58
2008/4/9,3.49
2008/4/10,3.55
2008/4/11,3.49
2008/4/12,3.49
2008/4/13,3.49
2008/4/14,3.53
2008/4/15,3.6
2008/4/16,3.72
2008/4/17,3.75
2008/4/18,3.77
2008/4/19,3.77
2008/4/20,3.77
2008/4/21,3.75
2008/4/22,3.74
2008/4/23,3.77
2008/4/24,3.87
2008/4/25,3.91
2008/4/26,3.91
2008/4/27,3.91
2008/4/28,3.86
2008/4/29,3.85
2008/4/30,3.77
2008/5/1,3.78
2008/5/2,3.89
2008/5/3,3.89
2008/5/4,3.89
2008/5/5,3.88
2008/5/6,3.93
2008/5/7,3.87
2008/5/8,3.79
2008/5/9,3.77
2008/5/10,3.77
2008/5/11,3.77
2008/5/12,3.78
2008/5/13,3.9
2008/5/14,3.92
2008/5/15,3.83
2008/5/16,3.85
2008/5/17,3.85
2008/5/18,3.85
2008/5/19,3.83
2008/5/20,3.78
2008/5/21,3.81
2008/5/22,3.92
2008/5/23,3.85
2008/5/24,3.85
2008/5/25,3.85
2008/5/26,3.85
2008/5/27,3.93
2008/5/28,4.03
2008/5/29,4.08
2008/5/30,4.06
2008/5/31,4.06
2008/6/1,4.06
2008/6/2,3.98
2008/6/3,3.92
2008/6/4,3.98
2008/6/5,4.06
2008/6/6,3.94
2008/6/7,3.94
2008/6/8,3.94
2008/6/9,4.02
2008/6/10,4.11
2008/6/11,4.1
2008/6/12,4.23
2008/6/13,4.27
2008/6/14,4.27
2008/6/15,4.27
2008/6/16,4.25
2008/6/17,4.23
2008/6/18,4.16
2008/6/19,4.22
2008/6/20,4.16
2008/6/21,4.16
2008/6/22,4.16
2008/6/23,4.19
2008/6/24,4.1
2008/6/25,4.12
2008/6/26,4.07
2008/6/27,3.99
2008/6/28,3.99
2008/6/29,3.99
2008/6/30,3.99
2008/7/1,4.01
2008/7/2,3.99
2008/7/3,3.99
2008/7/4,3.99
2008/7/5,3.99
2008/7/6,3.99
2008/7/7,3.95
2008/7/8,3.91
2008/7/9,3.85
2008/7/10,3.83
2008/7/11,3.96
2008/7/12,3.96
2008/7/13,3.96
2008/7/14,3.9
2008/7/15,3.87
2008/7/16,3.97
2008/7/17,4.07
2008/7/18,4.11
2008/7/19,4.11
2008/7/20,4.11
2008/7/21,4.09
2008/7/22,4.14
2008/7/23,4.16
2008/7/24,4.03
2008/7/25,4.13
2008/7/26,4.13
2008/7/27,4.13
2008/7/28,4.06
2008/7/29,4.09
2008/7/30,4.07
2008/7/31,3.99
2008/8/1,3.97
2008/8/2,3.97
2008/8/3,3.97
2008/8/4,3.98
2008/8/5,4.04
2008/8/6,4.06
2008/8/7,3.92
2008/8/8,3.94
2008/8/9,3.94
2008/8/10,3.94
2008/8/11,3.99
2008/8/12,3.91
2008/8/13,3.94
2008/8/14,3.89
2008/8/15,3.84
2008/8/16,3.84
2008/8/17,3.84
2008/8/18,3.82
2008/8/19,3.83
2008/8/20,3.79
2008/8/21,3.84
2008/8/22,3.87
2008/8/23,3.87
2008/8/24,3.87
2008/8/25,3.79
2008/8/26,3.79
2008/8/27,3.77
2008/8/28,3.79
2008/8/29,3.83
2008/8/30,3.83
2008/8/31,3.83
2008/9/1,3.83
2008/9/2,3.74
2008/9/3,3.71
2008/9/4,3.64
2008/9/5,3.66
2008/9/6,3.66
2008/9/7,3.66
2008/9/8,3.66
2008/9/9,3.62
2008/9/10,3.65
2008/9/11,3.64
2008/9/12,3.74
2008/9/13,3.74
2008/9/14,3.74
2008/9/15,3.47
2008/9/16,3.48
2008/9/17,3.41
2008/9/18,3.54
2008/9/19,3.78
2008/9/20,3.78
2008/9/21,3.78
2008/9/22,3.83
2008/9/23,3.85
2008/9/24,3.8
2008/9/25,3.88
2008/9/26,3.85
2008/9/27,3.85
2008/9/28,3.85
2008/9/29,3.61
2008/9/30,3.85
2008/10/1,3.77
2008/10/2,3.66
2008/10/3,3.63
2008/10/4,3.63
2008/10/5,3.63
2008/10/6,3.48
2008/10/7,3.5
2008/10/8,3.72
2008/10/9,3.84
2008/10/10,3.89
2008/10/11,3.89
2008/10/12,3.89
2008/10/13,3.89
2008/10/14,4.08
2008/10/15,4.04
2008/10/16,3.99
2008/10/17,3.98
2008/10/18,3.98
2008/10/19,3.98
2008/10/20,3.91
2008/10/21,3.76
2008/10/22,3.65
2008/10/23,3.63
2008/10/24,3.76
2008/10/25,3.76
2008/10/26,3.76
2008/10/27,3.79
2008/10/28,3.89
2008/10/29,3.93
2008/10/30,4
2008/10/31,4.01
2008/11/1,4.01
2008/11/2,4.01
2008/11/3,3.96
2008/11/4,3.81
2008/11/5,3.73
2008/11/6,3.75
2008/11/7,3.83
2008/11/8,3.83
2008/11/9,3.83
2008/11/10,3.82
2008/11/11,3.82
2008/11/12,3.75
2008/11/13,3.84
2008/11/14,3.72
2008/11/15,3.72
2008/11/16,3.72
2008/11/17,3.68
2008/11/18,3.53
2008/11/19,3.38
2008/11/20,3.1
2008/11/21,3.2
2008/11/22,3.2
2008/11/23,3.2
2008/11/24,3.35
2008/11/25,3.11
2008/11/26,2.99
2008/11/27,2.99
2008/11/28,2.93
2008/11/29,2.93
2008/11/30,2.93
2008/12/1,2.72
2008/12/2,2.68
2008/12/3,2.67
2008/12/4,2.55
2008/12/5,2.67
2008/12/6,2.67
2008/12/7,2.67
2008/12/8,2.77
2008/12/9,2.67
2008/12/10,2.69
2008/12/11,2.64
2008/12/12,2.6
2008/12/13,2.6
2008/12/14,2.6
2008/12/15,2.53
2008/12/16,2.37
2008/12/17,2.2
2008/12/18,2.08
2008/12/19,2.13
2008/12/20,2.13
2008/12/21,2.13
2008/12/22,2.16
2008/12/23,2.18
2008/12/24,2.2
2008/12/25,2.2
2008/12/26,2.16
2008/12/27,2.16
2008/12/28,2.16
2008/12/29,2.13
2008/12/30,2.11
2008/12/31,2.25
2009/1/1,2.25
2009/1/2,2.46
2009/1/3,2.46
2009/1/4,2.46
2009/1/5,2.49
2009/1/6,2.51
2009/1/7,2.52
2009/1/8,2.47
2009/1/9,2.43
2009/1/10,2.43
2009/1/11,2.43
2009/1/12,2.34
2009/1/13,2.33
2009/1/14,2.24
2009/1/15,2.23
2009/1/16,2.36
2009/1/17,2.36
2009/1/18,2.36
2009/1/19,2.36
2009/1/20,2.4
2009/1/21,2.56
2009/1/22,2.62
2009/1/23,2.65
2009/1/24,2.65
2009/1/25,2.65
2009/1/26,2.7
2009/1/27,2.59
2009/1/28,2.71
2009/1/29,2.87
2009/1/30,2.87
2009/1/31,2.87
2009/2/1,2.87
2009/2/2,2.76
2009/2/3,2.89
2009/2/4,2.95
2009/2/5,2.95
2009/2/6,3.05
2009/2/7,3.05
2009/2/8,3.05
2009/2/9,3.07
2009/2/10,2.9
2009/2/11,2.78
2009/2/12,2.75
2009/2/13,2.89
2009/2/14,2.89
2009/2/15,2.89
2009/2/16,2.89
2009/2/17,2.64
2009/2/18,2.74
2009/2/19,2.85
2009/2/20,2.78
2009/2/21,2.78
2009/2/22,2.78
2009/2/23,2.78
2009/2/24,2.8
2009/2/25,2.95
2009/2/26,2.98
2009/2/27,3.02
2009/2/28,3.02
2009/3/1,3.02
2009/3/2,2.91
2009/3/3,2.93
2009/3/4,3.01
2009/3/5,2.83
2009/3/6,2.83
2009/3/7,2.83
2009/3/8,2.83
2009/3/9,2.89
2009/3/10,2.99
2009/3/11,2.95
2009/3/12,2.89
2009/3/13,2.89
2009/3/14,2.89
2009/3/15,2.89
2009/3/16,2.97
2009/3/17,3.02
2009/3/18,2.51
2009/3/19,2.61
2009/3/20,2.65
2009/3/21,2.65
2009/3/22,2.65
2009/3/23,2.68
2009/3/24,2.68
2009/3/25,2.81
2009/3/26,2.76
2009/3/27,2.78
2009/3/28,2.78
2009/3/29,2.78
2009/3/30,2.73
2009/3/31,2.71
2009/4/1,2.68
2009/4/2,2.77
2009/4/3,2.91
2009/4/4,2.91
2009/4/5,2.91
2009/4/6,2.95
2009/4/7,2.93
2009/4/8,2.86
2009/4/9,2.96
2009/4/10,2.96
2009/4/11,2.96
2009/4/12,2.96
2009/4/13,2.88
2009/4/14,2.8
2009/4/15,2.82
2009/4/16,2.86
2009/4/17,2.98
2009/4/18,2.98
2009/4/19,2.98
2009/4/20,2.88
2009/4/21,2.94
2009/4/22,2.98
2009/4/23,2.96
2009/4/24,3.03
2009/4/25,3.03
2009/4/26,3.03
2009/4/27,2.95
2009/4/28,3.05
2009/4/29,3.12
2009/4/30,3.16
2009/5/1,3.21
2009/5/2,3.21
2009/5/3,3.21
2009/5/4,3.19
2009/5/5,3.2
2009/5/6,3.18
2009/5/7,3.29
2009/5/8,3.29
2009/5/9,3.29
2009/5/10,3.29
2009/5/11,3.17
2009/5/12,3.17
2009/5/13,3.11
2009/5/14,3.1
2009/5/15,3.14
2009/5/16,3.14
2009/5/17,3.14
2009/5/18,3.22
2009/5/19,3.25
2009/5/20,3.19
2009/5/21,3.35
2009/5/22,3.45
2009/5/23,3.45
2009/5/24,3.45
2009/5/25,3.45
2009/5/26,3.5
2009/5/27,3.71
2009/5/28,3.67
2009/5/29,3.47
2009/5/30,3.47
2009/5/31,3.47
2009/6/1,3.71
2009/6/2,3.65
2009/6/3,3.56
2009/6/4,3.72
2009/6/5,3.84
2009/6/6,3.84
2009/6/7,3.84
2009/6/8,3.91
2009/6/9,3.86
2009/6/10,3.98
2009/6/11,3.88
2009/6/12,3.81
2009/6/13,3.81
2009/6/14,3.81
2009/6/15,3.76
2009/6/16,3.67
2009/6/17,3.68
2009/6/18,3.86
2009/6/19,3.79
2009/6/20,3.79
2009/6/21,3.79
2009/6/22,3.72
2009/6/23,3.65
2009/6/24,3.72
2009/6/25,3.55
2009/6/26,3.52
2009/6/27,3.52
2009/6/28,3.52
2009/6/29,3.51
2009/6/30,3.53
2009/7/1,3.55
2009/7/2,3.51
2009/7/3,3.51
2009/7/4,3.51
2009/7/5,3.51
2009/7/6,3.52
2009/7/7,3.47
2009/7/8,3.33
2009/7/9,3.44
2009/7/10,3.32
2009/7/11,3.32
2009/7/12,3.32
2009/7/13,3.38
2009/7/14,3.5
2009/7/15,3.63
2009/7/16,3.59
2009/7/17,3.67
2009/7/18,3.67
2009/7/19,3.67
2009/7/20,3.61
2009/7/21,3.5
2009/7/22,3.58
2009/7/23,3.72
2009/7/24,3.7
2009/7/25,3.7
2009/7/26,3.7
2009/7/27,3.75
2009/7/28,3.72
2009/7/29,3.69
2009/7/30,3.67
2009/7/31,3.52
2009/8/1,3.52
2009/8/2,3.52
2009/8/3,3.66
2009/8/4,3.7
2009/8/5,3.8
2009/8/6,3.79
2009/8/7,3.89
2009/8/8,3.89
2009/8/9,3.89
2009/8/10,3.8
2009/8/11,3.71
2009/8/12,3.72
2009/8/13,3.59
2009/8/14,3.55
2009/8/15,3.55
2009/8/16,3.55
2009/8/17,3.48
2009/8/18,3.51
2009/8/19,3.45
2009/8/20,3.42
2009/8/21,3.56
2009/8/22,3.56
2009/8/23,3.56
2009/8/24,3.48
2009/8/25,3.45
2009/8/26,3.44
2009/8/27,3.47
2009/8/28,3.46
2009/8/29,3.46
2009/8/30,3.46
2009/8/31,3.4
2009/9/1,3.38
2009/9/2,3.29
2009/9/3,3.33
2009/9/4,3.45
2009/9/5,3.45
2009/9/6,3.45
2009/9/7,3.45
2009/9/8,3.47
2009/9/9,3.48
2009/9/10,3.36
2009/9/11,3.34
2009/9/12,3.34
2009/9/13,3.34
2009/9/14,3.42
2009/9/15,3.47
2009/9/16,3.48
2009/9/17,3.42
2009/9/18,3.49
2009/9/19,3.49
2009/9/20,3.49
2009/9/21,3.49
2009/9/22,3.46
2009/9/23,3.44
2009/9/24,3.4
2009/9/25,3.34
2009/9/26,3.34
2009/9/27,3.34
2009/9/28,3.31
2009/9/29,3.31
2009/9/30,3.31
2009/10/1,3.21
2009/10/2,3.24
2009/10/3,3.24
2009/10/4,3.24
2009/10/5,3.24
2009/10/6,3.27
2009/10/7,3.21
2009/10/8,3.27
2009/10/9,3.4
2009/10/10,3.4
2009/10/11,3.4
2009/10/12,3.4
2009/10/13,3.34
2009/10/14,3.45
2009/10/15,3.49
2009/10/16,3.43
2009/10/17,3.43
2009/10/18,3.43
2009/10/19,3.41
2009/10/20,3.35
2009/10/21,3.42
2009/10/22,3.44
2009/10/23,3.51
2009/10/24,3.51
2009/10/25,3.51
2009/10/26,3.59
2009/10/27,3.49
2009/10/28,3.44
2009/10/29,3.53
2009/10/30,3.41
2009/10/31,3.41
2009/11/1,3.41
2009/11/2,3.45
2009/11/3,3.5
2009/11/4,3.57
2009/11/5,3.57
2009/11/6,3.54
2009/11/7,3.54
2009/11/8,3.54
2009/11/9,3.52
2009/11/10,3.5
2009/11/11,3.5
2009/11/12,3.45
2009/11/13,3.43
2009/11/14,3.43
2009/11/15,3.43
2009/11/16,3.33
2009/11/17,3.33
2009/11/18,3.36
2009/11/19,3.35
2009/11/20,3.36
2009/11/21,3.36
2009/11/22,3.36
2009/11/23,3.37
2009/11/24,3.32
2009/11/25,3.28
2009/11/26,3.28
2009/11/27,3.21
2009/11/28,3.21
2009/11/29,3.21
2009/11/30,3.21
2009/12/1,3.28
2009/12/2,3.32
2009/12/3,3.39
2009/12/4,3.48
2009/12/5,3.48
2009/12/6,3.48
2009/12/7,3.44
2009/12/8,3.4
2009/12/9,3.45
2009/12/10,3.49
2009/12/11,3.55
2009/12/12,3.55
2009/12/13,3.55
2009/12/14,3.56
2009/12/15,3.6
2009/12/16,3.61
2009/12/17,3.5
2009/12/18,3.55
2009/12/19,3.55
2009/12/20,3.55
2009/12/21,3.69
2009/12/22,3.76
2009/12/23,3.77
2009/12/24,3.82
2009/12/25,3.82
2009/12/26,3.82
2009/12/27,3.82
2009/12/28,3.85
2009/12/29,3.82
2009/12/30,3.8
2009/12/31,3.85
2010/1/1,3.85
2010/1/2,3.85
2010/1/3,3.85
2010/1/4,3.85
2010/1/5,3.77
2010/1/6,3.85
2010/1/7,3.85
2010/1/8,3.83
2010/1/9,3.83
2010/1/10,3.83
2010/1/11,3.85
2010/1/12,3.74
2010/1/13,3.8
2010/1/14,3.76
2010/1/15,3.7
2010/1/16,3.7
2010/1/17,3.7
2010/1/18,3.7
2010/1/19,3.73
2010/1/20,3.68
2010/1/21,3.62
2010/1/22,3.62
2010/1/23,3.62
2010/1/24,3.62
2010/1/25,3.66
2010/1/26,3.65
2010/1/27,3.66
2010/1/28,3.68
2010/1/29,3.63
2010/1/30,3.63
2010/1/31,3.63
2010/2/1,3.68
2010/2/2,3.67
2010/2/3,3.73
2010/2/4,3.62
2010/2/5,3.59
2010/2/6,3.59
2010/2/7,3.59
2010/2/8,3.62
2010/2/9,3.67
2010/2/10,3.72
2010/2/11,3.73
2010/2/12,3.69
2010/2/13,3.69
2010/2/14,3.69
2010/2/15,3.69
2010/2/16,3.66
2010/2/17,3.74
2010/2/18,3.79
2010/2/19,3.78
2010/2/20,3.78
2010/2/21,3.78
2010/2/22,3.8
2010/2/23,3.69
2010/2/24,3.7
2010/2/25,3.64
2010/2/26,3.61
2010/2/27,3.61
2010/2/28,3.61
2010/3/1,3.61
2010/3/2,3.62
2010/3/3,3.63
2010/3/4,3.61
2010/3/5,3.69
2010/3/6,3.69
2010/3/7,3.69
2010/3/8,3.72
2010/3/9,3.71
2010/3/10,3.73
2010/3/11,3.73
2010/3/12,3.71
2010/3/13,3.71
2010/3/14,3.71
2010/3/15,3.71
2010/3/16,3.66
2010/3/17,3.65
2010/3/18,3.68
2010/3/19,3.7
2010/3/20,3.7
2010/3/21,3.7
2010/3/22,3.67
2010/3/23,3.69
2010/3/24,3.84
2010/3/25,3.91
2010/3/26,3.86
2010/3/27,3.86
2010/3/28,3.86
2010/3/29,3.88
2010/3/30,3.88
2010/3/31,3.84
2010/4/1,3.89
2010/4/2,3.96
2010/4/3,3.96
2010/4/4,3.96
2010/4/5,4.01
2010/4/6,3.98
2010/4/7,3.89
2010/4/8,3.91
2010/4/9,3.9
2010/4/10,3.9
2010/4/11,3.9
2010/4/12,3.87
2010/4/13,3.84
2010/4/14,3.88
2010/4/15,3.86
2010/4/16,3.79
2010/4/17,3.79
2010/4/18,3.79
2010/4/19,3.83
2010/4/20,3.82
2010/4/21,3.77
2010/4/22,3.8
2010/4/23,3.84
2010/4/24,3.84
2010/4/25,3.84
2010/4/26,3.83
2010/4/27,3.71
2010/4/28,3.8
2010/4/29,3.76
2010/4/30,3.69
2010/5/1,3.69
2010/5/2,3.69
2010/5/3,3.72
2010/5/4,3.63
2010/5/5,3.58
2010/5/6,3.41
2010/5/7,3.45
2010/5/8,3.45
2010/5/9,3.45
2010/5/10,3.57
2010/5/11,3.56
2010/5/12,3.56
2010/5/13,3.55
2010/5/14,3.44
2010/5/15,3.44
2010/5/16,3.44
2010/5/17,3.47
2010/5/18,3.38
2010/5/19,3.36
2010/5/20,3.25
2010/5/21,3.2
2010/5/22,3.2
2010/5/23,3.2
2010/5/24,3.23
2010/5/25,3.18
2010/5/26,3.21
2010/5/27,3.34
2010/5/28,3.31
2010/5/29,3.31
2010/5/30,3.31
2010/5/31,3.31
2010/6/1,3.29
2010/6/2,3.35
2010/6/3,3.39
2010/6/4,3.2
2010/6/5,3.2
2010/6/6,3.2
2010/6/7,3.17
2010/6/8,3.18
2010/6/9,3.2
2010/6/10,3.33
2010/6/11,3.24
2010/6/12,3.24
2010/6/13,3.24
2010/6/14,3.28
2010/6/15,3.32
2010/6/16,3.27
2010/6/17,3.21
2010/6/18,3.24
2010/6/19,3.24
2010/6/20,3.24
2010/6/21,3.26
2010/6/22,3.18
2010/6/23,3.13
2010/6/24,3.14
2010/6/25,3.12
2010/6/26,3.12
2010/6/27,3.12
2010/6/28,3.05
2010/6/29,2.97
2010/6/30,2.97
2010/7/1,2.96
2010/7/2,3
2010/7/3,3
2010/7/4,3
2010/7/5,3
2010/7/6,2.95
2010/7/7,3
2010/7/8,3.04
2010/7/9,3.07
2010/7/10,3.07
2010/7/11,3.07
2010/7/12,3.08
2010/7/13,3.15
2010/7/14,3.07
2010/7/15,3
2010/7/16,2.96
2010/7/17,2.96
2010/7/18,2.96
2010/7/19,2.99
2010/7/20,2.98
2010/7/21,2.9
2010/7/22,2.96
2010/7/23,3.02
2010/7/24,3.02
2010/7/25,3.02
2010/7/26,3.03
2010/7/27,3.08
2010/7/28,3.03
2010/7/29,3.03
2010/7/30,2.94
2010/7/31,2.94
2010/8/1,2.94
2010/8/2,2.99
2010/8/3,2.94
2010/8/4,2.98
2010/8/5,2.94
2010/8/6,2.86
2010/8/7,2.86
2010/8/8,2.86
2010/8/9,2.86
2010/8/10,2.79
2010/8/11,2.72
2010/8/12,2.74
2010/8/13,2.68
2010/8/14,2.68
2010/8/15,2.68
2010/8/16,2.58
2010/8/17,2.64
2010/8/18,2.64
2010/8/19,2.58
2010/8/20,2.62
2010/8/21,2.62
2010/8/22,2.62
2010/8/23,2.6
2010/8/24,2.5
2010/8/25,2.54
2010/8/26,2.5
2010/8/27,2.66
2010/8/28,2.66
2010/8/29,2.66
2010/8/30,2.54
2010/8/31,2.47
2010/9/1,2.58
2010/9/2,2.63
2010/9/3,2.72
2010/9/4,2.72
2010/9/5,2.72
2010/9/6,2.72
2010/9/7,2.61
2010/9/8,2.66
2010/9/9,2.77
2010/9/10,2.81
2010/9/11,2.81
2010/9/12,2.81
2010/9/13,2.74
2010/9/14,2.68
2010/9/15,2.74
2010/9/16,2.77
2010/9/17,2.75
2010/9/18,2.75
2010/9/19,2.75
2010/9/20,2.72
2010/9/21,2.61
2010/9/22,2.56
2010/9/23,2.56
2010/9/24,2.62
2010/9/25,2.62
2010/9/26,2.62
2010/9/27,2.54
2010/9/28,2.48
2010/9/29,2.52
2010/9/30,2.53
2010/10/1,2.54
2010/10/2,2.54
2010/10/3,2.54
2010/10/4,2.5
2010/10/5,2.5
2010/10/6,2.41
2010/10/7,2.41
2010/10/8,2.41
2010/10/9,2.41
2010/10/10,2.41
2010/10/11,2.41
2010/10/12,2.44
2010/10/13,2.46
2010/10/14,2.52
2010/10/15,2.59
2010/10/16,2.59
2010/10/17,2.59
2010/10/18,2.52
2010/10/19,2.5
2010/10/20,2.51
2010/10/21,2.57
2010/10/22,2.59
2010/10/23,2.59
2010/10/24,2.59
2010/10/25,2.59
2010/10/26,2.67
2010/10/27,2.75
2010/10/28,2.69
2010/10/29,2.63
2010/10/30,2.63
2010/10/31,2.63
2010/11/1,2.66
2010/11/2,2.63
2010/11/3,2.67
2010/11/4,2.53
2010/11/5,2.58
2010/11/6,2.58
2010/11/7,2.58
2010/11/8,2.6
2010/11/9,2.72
2010/11/10,2.65
2010/11/11,2.65
2010/11/12,2.76
2010/11/13,2.76
2010/11/14,2.76
2010/11/15,2.92
2010/11/16,2.85
2010/11/17,2.89
2010/11/18,2.9
2010/11/19,2.88
2010/11/20,2.88
2010/11/21,2.88
2010/11/22,2.8
2010/11/23,2.77
2010/11/24,2.93
2010/11/25,2.93
2010/11/26,2.87
2010/11/27,2.87
2010/11/28,2.87
2010/11/29,2.84
2010/11/30,2.81
2010/12/1,2.97
2010/12/2,3.01
2010/12/3,3.03
2010/12/4,3.03
2010/12/5,3.03
2010/12/6,2.95
2010/12/7,3.15
2010/12/8,3.26
2010/12/9,3.23
2010/12/10,3.32
2010/12/11,3.32
2010/12/12,3.32
2010/12/13,3.29
2010/12/14,3.49
2010/12/15,3.53
2010/12/16,3.47
2010/12/17,3.33
2010/12/18,3.33
2010/12/19,3.33
2010/12/20,3.36
2010/12/21,3.35
2010/12/22,3.36
2010/12/23,3.41
2010/12/24,3.41
2010/12/25,3.41
2010/12/26,3.41
2010/12/27,3.36
2010/12/28,3.5
2010/12/29,3.35
2010/12/30,3.38
2010/12/31,3.3
2011/1/1,3.3
2011/1/2,3.3
2011/1/3,3.36
2011/1/4,3.36
2011/1/5,3.5
2011/1/6,3.44
2011/1/7,3.34
2011/1/8,3.34
2011/1/9,3.34
2011/1/10,3.32
2011/1/11,3.37
2011/1/12,3.4
2011/1/13,3.34
2011/1/14,3.35
2011/1/15,3.35
2011/1/16,3.35
2011/1/17,3.35
2011/1/18,3.39
2011/1/19,3.37
2011/1/20,3.47
2011/1/21,3.44
2011/1/22,3.44
2011/1/23,3.44
2011/1/24,3.43
2011/1/25,3.35
2011/1/26,3.45
2011/1/27,3.42
2011/1/28,3.36
2011/1/29,3.36
2011/1/30,3.36
2011/1/31,3.42
2011/2/1,3.48
2011/2/2,3.52
2011/2/3,3.58
2011/2/4,3.68
2011/2/5,3.68
2011/2/6,3.68
2011/2/7,3.68
2011/2/8,3.75
2011/2/9,3.65
2011/2/10,3.7
2011/2/11,3.64
2011/2/12,3.64
2011/2/13,3.64
2011/2/14,3.62
2011/2/15,3.61
2011/2/16,3.62
2011/2/17,3.58
2011/2/18,3.59
2011/2/19,3.59
2011/2/20,3.59
2011/2/21,3.59
2011/2/22,3.46
2011/2/23,3.49
2011/2/24,3.46
2011/2/25,3.42
2011/2/26,3.42
2011/2/27,3.42
2011/2/28,3.42
2011/3/1,3.41
2011/3/2,3.46
2011/3/3,3.58
2011/3/4,3.49
2011/3/5,3.49
2011/3/6,3.49
2011/3/7,3.51
2011/3/8,3.56
2011/3/9,3.48
2011/3/10,3.37
2011/3/11,3.4
2011/3/12,3.4
2011/3/13,3.4
2011/3/14,3.36
2011/3/15,3.33
2011/3/16,3.22
2011/3/17,3.25
2011/3/18,3.28
2011/3/19,3.28
2011/3/20,3.28
2011/3/21,3.34
2011/3/22,3.34
2011/3/23,3.36
2011/3/24,3.42
2011/3/25,3.46
2011/3/26,3.46
2011/3/27,3.46
2011/3/28,3.47
2011/3/29,3.5
2011/3/30,3.47
2011/3/31,3.47
2011/4/1,3.46
2011/4/2,3.46
2011/4/3,3.46
2011/4/4,3.45
2011/4/5,3.5
2011/4/6,3.56
2011/4/7,3.58
2011/4/8,3.59
2011/4/9,3.59
2011/4/10,3.59
2011/4/11,3.59
2011/4/12,3.52
2011/4/13,3.49
2011/4/14,3.51
2011/4/15,3.43
2011/4/16,3.43
2011/4/17,3.43
2011/4/18,3.4
2011/4/19,3.39
2011/4/20,3.43
2011/4/21,3.42
2011/4/22,3.42
2011/4/23,3.42
2011/4/24,3.42
2011/4/25,3.39
2011/4/26,3.34
2011/4/27,3.39
2011/4/28,3.34
2011/4/29,3.32
2011/4/30,3.32
2011/5/1,3.32
2011/5/2,3.31
2011/5/3,3.28
2011/5/4,3.25
2011/5/5,3.18
2011/5/6,3.19
2011/5/7,3.19
2011/5/8,3.19
2011/5/9,3.17
2011/5/10,3.23
2011/5/11,3.19
2011/5/12,3.22
2011/5/13,3.18
2011/5/14,3.18
2011/5/15,3.18
2011/5/16,3.15
2011/5/17,3.12
2011/5/18,3.18
2011/5/19,3.17
2011/5/20,3.15
2011/5/21,3.15
2011/5/22,3.15
2011/5/23,3.13
2011/5/24,3.12
2011/5/25,3.13
2011/5/26,3.07
2011/5/27,3.07
2011/5/28,3.07
2011/5/29,3.07
2011/5/30,3.07
2011/5/31,3.05
2011/6/1,2.96
2011/6/2,3.04
2011/6/3,2.99
2011/6/4,2.99
2011/6/5,2.99
2011/6/6,3.01
2011/6/7,3.01
2011/6/8,2.98
2011/6/9,3.01
2011/6/10,2.99
2011/6/11,2.99
2011/6/12,2.99
2011/6/13,3
2011/6/14,3.11
2011/6/15,2.98
2011/6/16,2.93
2011/6/17,2.94
2011/6/18,2.94
2011/6/19,2.94
2011/6/20,2.97
2011/6/21,2.99
2011/6/22,3.01
2011/6/23,2.93
2011/6/24,2.88
2011/6/25,2.88
2011/6/26,2.88
2011/6/27,2.95
2011/6/28,3.05
2011/6/29,3.14
2011/6/30,3.18
2011/7/1,3.22
2011/7/2,3.22
2011/7/3,3.22
2011/7/4,3.22
2011/7/5,3.16
2011/7/6,3.12
2011/7/7,3.17
2011/7/8,3.03
2011/7/9,3.03
2011/7/10,3.03
2011/7/11,2.94
2011/7/12,2.92
2011/7/13,2.92
2011/7/14,2.98
2011/7/15,2.94
2011/7/16,2.94
2011/7/17,2.94
2011/7/18,2.94
2011/7/19,2.91
2011/7/20,2.96
2011/7/21,3.03
2011/7/22,2.99
2011/7/23,2.99
2011/7/24,2.99
2011/7/25,3.03
2011/7/26,2.99
2011/7/27,3.01
2011/7/28,2.98
2011/7/29,2.82
2011/7/30,2.82
2011/7/31,2.82
2011/8/1,2.77
2011/8/2,2.66
2011/8/3,2.64
2011/8/4,2.47
2011/8/5,2.58
2011/8/6,2.58
2011/8/7,2.58
2011/8/8,2.4
2011/8/9,2.2
2011/8/10,2.17
2011/8/11,2.34
2011/8/12,2.24
2011/8/13,2.24
2011/8/14,2.24
2011/8/15,2.29
2011/8/16,2.23
2011/8/17,2.17
2011/8/18,2.08
2011/8/19,2.07
2011/8/20,2.07
2011/8/21,2.07
2011/8/22,2.1
2011/8/23,2.15
2011/8/24,2.29
2011/8/25,2.23
2011/8/26,2.19
2011/8/27,2.19
2011/8/28,2.19
2011/8/29,2.28
2011/8/30,2.19
2011/8/31,2.23
2011/9/1,2.15
2011/9/2,2.02
2011/9/3,2.02
2011/9/4,2.02
2011/9/5,2.02
2011/9/6,1.98
2011/9/7,2.05
2011/9/8,2
2011/9/9,1.93
2011/9/10,1.93
2011/9/11,1.93
2011/9/12,1.94
2011/9/13,2
2011/9/14,2.03
2011/9/15,2.09
2011/9/16,2.08
2011/9/17,2.08
2011/9/18,2.08
2011/9/19,1.97
2011/9/20,1.95
2011/9/21,1.88
2011/9/22,1.72
2011/9/23,1.84
2011/9/24,1.84
2011/9/25,1.84
2011/9/26,1.91
2011/9/27,2
2011/9/28,2.03
2011/9/29,1.99
2011/9/30,1.92
2011/10/1,1.92
2011/10/2,1.92
2011/10/3,1.8
2011/10/4,1.81
2011/10/5,1.92
2011/10/6,2.01
2011/10/7,2.1
2011/10/8,2.1
2011/10/9,2.1
2011/10/10,2.1
2011/10/11,2.18
2011/10/12,2.24
2011/10/13,2.19
2011/10/14,2.26
2011/10/15,2.26
2011/10/16,2.26
2011/10/17,2.18
2011/10/18,2.19
2011/10/19,2.18
2011/10/20,2.2
2011/10/21,2.23
2011/10/22,2.23
2011/10/23,2.23
2011/10/24,2.25
2011/10/25,2.14
2011/10/26,2.23
2011/10/27,2.42
2011/10/28,2.34
2011/10/29,2.34
2011/10/30,2.34
2011/10/31,2.17
2011/11/1,2.01
2011/11/2,2.03
2011/11/3,2.09
2011/11/4,2.06
2011/11/5,2.06
2011/11/6,2.06
2011/11/7,2.04
2011/11/8,2.1
2011/11/9,2
2011/11/10,2.04
2011/11/11,2.04
2011/11/12,2.04
2011/11/13,2.04
2011/11/14,2.04
2011/11/15,2.06
2011/11/16,2.01
2011/11/17,1.96
2011/11/18,2.01
2011/11/19,2.01
2011/11/20,2.01
2011/11/21,1.97
2011/11/22,1.94
2011/11/23,1.89
2011/11/24,1.89
2011/11/25,1.97
2011/11/26,1.97
2011/11/27,1.97
2011/11/28,1.97
2011/11/29,2
2011/11/30,2.08
2011/12/1,2.11
2011/12/2,2.05
2011/12/3,2.05
2011/12/4,2.05
2011/12/5,2.04
2011/12/6,2.08
2011/12/7,2.02
2011/12/8,1.99
2011/12/9,2.07
2011/12/10,2.07
2011/12/11,2.07
2011/12/12,2.03
2011/12/13,1.96
2011/12/14,1.92
2011/12/15,1.92
2011/12/16,1.86
2011/12/17,1.86
2011/12/18,1.86
2011/12/19,1.82
2011/12/20,1.94
2011/12/21,1.98
2011/12/22,1.97
2011/12/23,2.03
2011/12/24,2.03
2011/12/25,2.03
2011/12/26,2.03
2011/12/27,2.02
2011/12/28,1.93
2011/12/29,1.91
2011/12/30,1.89
2011/12/31,1.89
2012/1/1,1.89
2012/1/2,1.89
2012/1/3,1.97
2012/1/4,2
2012/1/5,2.02
2012/1/6,1.98
2012/1/7,1.98
2012/1/8,1.98
2012/1/9,1.98
2012/1/10,2
2012/1/11,1.93
2012/1/12,1.94
2012/1/13,1.89
2012/1/14,1.89
2012/1/15,1.89
2012/1/16,1.89
2012/1/17,1.87
2012/1/18,1.92
2012/1/19,2.01
2012/1/20,2.05
2012/1/21,2.05
2012/1/22,2.05
2012/1/23,2.09
2012/1/24,2.08
2012/1/25,2.01
2012/1/26,1.96
2012/1/27,1.93
2012/1/28,1.93
2012/1/29,1.93
2012/1/30,1.87
2012/1/31,1.83
2012/2/1,1.87
2012/2/2,1.86
2012/2/3,1.97
2012/2/4,1.97
2012/2/5,1.97
2012/2/6,1.93
2012/2/7,2
2012/2/8,2.01
2012/2/9,2.04
2012/2/10,1.96
2012/2/11,1.96
2012/2/12,1.96
2012/2/13,1.99
2012/2/14,1.92
2012/2/15,1.93
2012/2/16,1.99
2012/2/17,2.01
2012/2/18,2.01
2012/2/19,2.01
2012/2/20,2.01
2012/2/21,2.05
2012/2/22,2.01
2012/2/23,1.99
2012/2/24,1.98
2012/2/25,1.98
2012/2/26,1.98
2012/2/27,1.92
2012/2/28,1.94
2012/2/29,1.98
2012/3/1,2.03
2012/3/2,1.99
2012/3/3,1.99
2012/3/4,1.99
2012/3/5,2
2012/3/6,1.96
2012/3/7,1.98
2012/3/8,2.03
2012/3/9,2.04
2012/3/10,2.04
2012/3/11,2.04
2012/3/12,2.04
2012/3/13,2.14
2012/3/14,2.29
2012/3/15,2.29
2012/3/16,2.31
2012/3/17,2.31
2012/3/18,2.31
2012/3/19,2.39
2012/3/20,2.38
2012/3/21,2.31
2012/3/22,2.29
2012/3/23,2.25
2012/3/24,2.25
2012/3/25,2.25
2012/3/26,2.26
2012/3/27,2.2
2012/3/28,2.21
2012/3/29,2.18
2012/3/30,2.23
2012/3/31,2.23
2012/4/1,2.23
2012/4/2,2.22
2012/4/3,2.3
2012/4/4,2.25
2012/4/5,2.19
2012/4/6,2.07
2012/4/7,2.07
2012/4/8,2.07
2012/4/9,2.06
2012/4/10,2.01
2012/4/11,2.05
2012/4/12,2.08
2012/4/13,2.02
2012/4/14,2.02
2012/4/15,2.02
2012/4/16,2
2012/4/17,2.03
2012/4/18,2
2012/4/19,1.98
2012/4/20,1.99
2012/4/21,1.99
2012/4/22,1.99
2012/4/23,1.96
2012/4/24,2
2012/4/25,2.01
2012/4/26,1.98
2012/4/27,1.96
2012/4/28,1.96
2012/4/29,1.96
2012/4/30,1.95
2012/5/1,1.98
2012/5/2,1.96
2012/5/3,1.96
2012/5/4,1.91
2012/5/5,1.91
2012/5/6,1.91
2012/5/7,1.92
2012/5/8,1.88
2012/5/9,1.87
2012/5/10,1.89
2012/5/11,1.84
2012/5/12,1.84
2012/5/13,1.84
2012/5/14,1.78
2012/5/15,1.76
2012/5/16,1.76
2012/5/17,1.7
2012/5/18,1.71
2012/5/19,1.71
2012/5/20,1.71
2012/5/21,1.75
2012/5/22,1.79
2012/5/23,1.73
2012/5/24,1.77
2012/5/25,1.75
2012/5/26,1.75
2012/5/27,1.75
2012/5/28,1.75
2012/5/29,1.74
2012/5/30,1.63
2012/5/31,1.59
2012/6/1,1.47
2012/6/2,1.47
2012/6/3,1.47
2012/6/4,1.53
2012/6/5,1.57
2012/6/6,1.66
2012/6/7,1.66
2012/6/8,1.65
2012/6/9,1.65
2012/6/10,1.65
2012/6/11,1.6
2012/6/12,1.67
2012/6/13,1.61
2012/6/14,1.64
2012/6/15,1.6
2012/6/16,1.6
2012/6/17,1.6
2012/6/18,1.59
2012/6/19,1.64
2012/6/20,1.65
2012/6/21,1.63
2012/6/22,1.69
2012/6/23,1.69
2012/6/24,1.69
2012/6/25,1.63
2012/6/26,1.66
2012/6/27,1.65
2012/6/28,1.6
2012/6/29,1.67
2012/6/30,1.67
2012/7/1,1.67
2012/7/2,1.61
2012/7/3,1.65
2012/7/4,1.65
2012/7/5,1.62
2012/7/6,1.57
2012/7/7,1.57
2012/7/8,1.57
2012/7/9,1.53
2012/7/10,1.53
2012/7/11,1.54
2012/7/12,1.5
2012/7/13,1.52
2012/7/14,1.52
2012/7/15,1.52
2012/7/16,1.5
2012/7/17,1.53
2012/7/18,1.52
2012/7/19,1.54
2012/7/20,1.49
2012/7/21,1.49
2012/7/22,1.49
2012/7/23,1.47
2012/7/24,1.44
2012/7/25,1.43
2012/7/26,1.45
2012/7/27,1.58
2012/7/28,1.58
2012/7/29,1.58
2012/7/30,1.53
2012/7/31,1.51
2012/8/1,1.56
2012/8/2,1.51
2012/8/3,1.6
2012/8/4,1.6
2012/8/5,1.6
2012/8/6,1.59
2012/8/7,1.66
2012/8/8,1.68
2012/8/9,1.69
2012/8/10,1.65
2012/8/11,1.65
2012/8/12,1.65
2012/8/13,1.65
2012/8/14,1.73
2012/8/15,1.8
2012/8/16,1.83
2012/8/17,1.81
2012/8/18,1.81
2012/8/19,1.81
2012/8/20,1.82
2012/8/21,1.8
2012/8/22,1.71
2012/8/23,1.68
2012/8/24,1.68
2012/8/25,1.68
2012/8/26,1.68
2012/8/27,1.65
2012/8/28,1.64
2012/8/29,1.66
2012/8/30,1.63
2012/8/31,1.57
2012/9/1,1.57
2012/9/2,1.57
2012/9/3,1.57
2012/9/4,1.59
2012/9/5,1.6
2012/9/6,1.68
2012/9/7,1.67
2012/9/8,1.67
2012/9/9,1.67
2012/9/10,1.68
2012/9/11,1.7
2012/9/12,1.77
2012/9/13,1.75
2012/9/14,1.88
2012/9/15,1.88
2012/9/16,1.88
2012/9/17,1.85
2012/9/18,1.82
2012/9/19,1.79
2012/9/20,1.8
2012/9/21,1.77
2012/9/22,1.77
2012/9/23,1.77
2012/9/24,1.74
2012/9/25,1.7
2012/9/26,1.64
2012/9/27,1.66
2012/9/28,1.65
2012/9/29,1.65
2012/9/30,1.65
2012/10/1,1.64
2012/10/2,1.64
2012/10/3,1.64
2012/10/4,1.7
2012/10/5,1.75
2012/10/6,1.75
2012/10/7,1.75
2012/10/8,1.75
2012/10/9,1.74
2012/10/10,1.72
2012/10/11,1.7
2012/10/12,1.69
2012/10/13,1.69
2012/10/14,1.69
2012/10/15,1.7
2012/10/16,1.75
2012/10/17,1.83
2012/10/18,1.86
2012/10/19,1.79
2012/10/20,1.79
2012/10/21,1.79
2012/10/22,1.83
2012/10/23,1.79
2012/10/24,1.8
2012/10/25,1.86
2012/10/26,1.78
2012/10/27,1.78
2012/10/28,1.78
2012/10/29,1.74
2012/10/30,1.74
2012/10/31,1.72
2012/11/1,1.75
2012/11/2,1.75
2012/11/3,1.75
2012/11/4,1.75
2012/11/5,1.72
2012/11/6,1.78
2012/11/7,1.68
2012/11/8,1.62
2012/11/9,1.61
2012/11/10,1.61
2012/11/11,1.61
2012/11/12,1.61
2012/11/13,1.59
2012/11/14,1.59
2012/11/15,1.58
2012/11/16,1.58
2012/11/17,1.58
2012/11/18,1.58
2012/11/19,1.61
2012/11/20,1.66
2012/11/21,1.69
2012/11/22,1.69
2012/11/23,1.7
2012/11/24,1.7
2012/11/25,1.7
2012/11/26,1.66
2012/11/27,1.64
2012/11/28,1.63
2012/11/29,1.62
2012/11/30,1.62
2012/12/1,1.62
2012/12/2,1.62
2012/12/3,1.63
2012/12/4,1.62
2012/12/5,1.6
2012/12/6,1.59
2012/12/7,1.64
2012/12/8,1.64
2012/12/9,1.64
2012/12/10,1.63
2012/12/11,1.66
2012/12/12,1.72
2012/12/13,1.74
2012/12/14,1.72
2012/12/15,1.72
2012/12/16,1.72
2012/12/17,1.78
2012/12/18,1.84
2012/12/19,1.82
2012/12/20,1.81
2012/12/21,1.77
2012/12/22,1.77
2012/12/23,1.77
2012/12/24,1.79
2012/12/25,1.79
2012/12/26,1.77
2012/12/27,1.74
2012/12/28,1.73
2012/12/29,1.73
2012/12/30,1.73
2012/12/31,1.78
2013/1/1,1.78
2013/1/2,1.86
2013/1/3,1.92
2013/1/4,1.93
2013/1/5,1.93
2013/1/6,1.93
2013/1/7,1.92
2013/1/8,1.89
2013/1/9,1.88
2013/1/10,1.91
2013/1/11,1.89
2013/1/12,1.89
2013/1/13,1.89
2013/1/14,1.89
2013/1/15,1.86
2013/1/16,1.84
2013/1/17,1.89
2013/1/18,1.87
2013/1/19,1.87
2013/1/20,1.87
2013/1/21,1.87
2013/1/22,1.86
2013/1/23,1.86
2013/1/24,1.88
2013/1/25,1.98
2013/1/26,1.98
2013/1/27,1.98
2013/1/28,2
2013/1/29,2.03
2013/1/30,2.03
2013/1/31,2.02
2013/2/1,2.04
2013/2/2,2.04
2013/2/3,2.04
2013/2/4,2
2013/2/5,2.04
2013/2/6,2
2013/2/7,1.99
2013/2/8,1.99
2013/2/9,1.99
2013/2/10,1.99
2013/2/11,1.99
2013/2/12,2.02
2013/2/13,2.05
2013/2/14,2
2013/2/15,2.01
2013/2/16,2.01
2013/2/17,2.01
2013/2/18,2.01
2013/2/19,2.03
2013/2/20,2.02
2013/2/21,1.99
2013/2/22,1.97
2013/2/23,1.97
2013/2/24,1.97
2013/2/25,1.88
2013/2/26,1.88
2013/2/27,1.91
2013/2/28,1.89
2013/3/1,1.86
2013/3/2,1.86
2013/3/3,1.86
2013/3/4,1.88
2013/3/5,1.9
2013/3/6,1.95
2013/3/7,2
2013/3/8,2.06
2013/3/9,2.06
2013/3/10,2.06
2013/3/11,2.07
2013/3/12,2.03
2013/3/13,2.04
2013/3/14,2.04
2013/3/15,2.01
2013/3/16,2.01
2013/3/17,2.01
2013/3/18,1.96
2013/3/19,1.92
2013/3/20,1.96
2013/3/21,1.95
2013/3/22,1.93
2013/3/23,1.93
2013/3/24,1.93
2013/3/25,1.93
2013/3/26,1.92
2013/3/27,1.87
2013/3/28,1.87
2013/3/29,1.87
2013/3/30,1.87
2013/3/31,1.87
2013/4/1,1.86
2013/4/2,1.88
2013/4/3,1.83
2013/4/4,1.78
2013/4/5,1.72
2013/4/6,1.72
2013/4/7,1.72
2013/4/8,1.76
2013/4/9,1.78
2013/4/10,1.84
2013/4/11,1.82
2013/4/12,1.75
2013/4/13,1.75
2013/4/14,1.75
2013/4/15,1.72
2013/4/16,1.75
2013/4/17,1.73
2013/4/18,1.72
2013/4/19,1.73
2013/4/20,1.73
2013/4/21,1.73
2013/4/22,1.72
2013/4/23,1.74
2013/4/24,1.73
2013/4/25,1.74
2013/4/26,1.7
2013/4/27,1.7
2013/4/28,1.7
2013/4/29,1.7
2013/4/30,1.7
2013/5/1,1.66
2013/5/2,1.66
2013/5/3,1.78
2013/5/4,1.78
2013/5/5,1.78
2013/5/6,1.8
2013/5/7,1.82
2013/5/8,1.81
2013/5/9,1.81
2013/5/10,1.9
2013/5/11,1.9
2013/5/12,1.9
2013/5/13,1.92
2013/5/14,1.96
2013/5/15,1.94
2013/5/16,1.87
2013/5/17,1.95
2013/5/18,1.95
2013/5/19,1.95
2013/5/20,1.97
2013/5/21,1.94
2013/5/22,2.03
2013/5/23,2.02
2013/5/24,2.01
2013/5/25,2.01
2013/5/26,2.01
2013/5/27,2.01
2013/5/28,2.15
2013/5/29,2.13
2013/5/30,2.13
2013/5/31,2.16
2013/6/1,2.16
2013/6/2,2.16
2013/6/3,2.13
2013/6/4,2.14
2013/6/5,2.1
2013/6/6,2.08
2013/6/7,2.17
2013/6/8,2.17
2013/6/9,2.17
2013/6/10,2.22
2013/6/11,2.2
2013/6/12,2.25
2013/6/13,2.19
2013/6/14,2.14
2013/6/15,2.14
2013/6/16,2.14
2013/6/17,2.19
2013/6/18,2.2
2013/6/19,2.33
2013/6/20,2.41
2013/6/21,2.52
2013/6/22,2.52
2013/6/23,2.52
2013/6/24,2.57
2013/6/25,2.6
2013/6/26,2.55
2013/6/27,2.49
2013/6/28,2.52
2013/6/29,2.52
2013/6/30,2.52
2013/7/1,2.5
2013/7/2,2.48
2013/7/3,2.52
2013/7/4,2.52
2013/7/5,2.73
2013/7/6,2.73
2013/7/7,2.73
2013/7/8,2.65
2013/7/9,2.65
2013/7/10,2.7
2013/7/11,2.6
2013/7/12,2.61
2013/7/13,2.61
2013/7/14,2.61
2013/7/15,2.57
2013/7/16,2.55
2013/7/17,2.52
2013/7/18,2.56
2013/7/19,2.5
2013/7/20,2.5
2013/7/21,2.5
2013/7/22,2.5
2013/7/23,2.53
2013/7/24,2.61
2013/7/25,2.61
2013/7/26,2.58
2013/7/27,2.58
2013/7/28,2.58
2013/7/29,2.61
2013/7/30,2.63
2013/7/31,2.6
2013/8/1,2.74
2013/8/2,2.63
2013/8/3,2.63
2013/8/4,2.63
2013/8/5,2.67
2013/8/6,2.67
2013/8/7,2.61
2013/8/8,2.58
2013/8/9,2.57
2013/8/10,2.57
2013/8/11,2.57
2013/8/12,2.61
2013/8/13,2.71
2013/8/14,2.71
2013/8/15,2.77
2013/8/16,2.84
2013/8/17,2.84
2013/8/18,2.84
2013/8/19,2.88
2013/8/20,2.82
2013/8/21,2.87
2013/8/22,2.9
2013/8/23,2.82
2013/8/24,2.82
2013/8/25,2.82
2013/8/26,2.79
2013/8/27,2.72
2013/8/28,2.78
2013/8/29,2.75
2013/8/30,2.78
2013/8/31,2.78
2013/9/1,2.78
2013/9/2,2.78
2013/9/3,2.86
2013/9/4,2.9
2013/9/5,2.98
2013/9/6,2.94
2013/9/7,2.94
2013/9/8,2.94
2013/9/9,2.9
2013/9/10,2.96
2013/9/11,2.93
2013/9/12,2.92
2013/9/13,2.9
2013/9/14,2.9
2013/9/15,2.9
2013/9/16,2.88
2013/9/17,2.86
2013/9/18,2.69
2013/9/19,2.76
2013/9/20,2.75
2013/9/21,2.75
2013/9/22,2.75
2013/9/23,2.72
2013/9/24,2.67
2013/9/25,2.63
2013/9/26,2.66
2013/9/27,2.64
2013/9/28,2.64
2013/9/29,2.64
2013/9/30,2.64
2013/10/1,2.66
2013/10/2,2.63
2013/10/3,2.62
2013/10/4,2.66
2013/10/5,2.66
2013/10/6,2.66
2013/10/7,2.65
2013/10/8,2.66
2013/10/9,2.68
2013/10/10,2.71
2013/10/11,2.7
2013/10/12,2.7
2013/10/13,2.7
2013/10/14,2.7
2013/10/15,2.75
2013/10/16,2.69
2013/10/17,2.61
2013/10/18,2.6
2013/10/19,2.6
2013/10/20,2.6
2013/10/21,2.63
2013/10/22,2.54
2013/10/23,2.51
2013/10/24,2.53
2013/10/25,2.53
2013/10/26,2.53
2013/10/27,2.53
2013/10/28,2.54
2013/10/29,2.53
2013/10/30,2.55
2013/10/31,2.57
2013/11/1,2.65
2013/11/2,2.65
2013/11/3,2.65
2013/11/4,2.63
2013/11/5,2.69
2013/11/6,2.67
2013/11/7,2.63
2013/11/8,2.77
2013/11/9,2.77
2013/11/10,2.77
2013/11/11,2.77
2013/11/12,2.8
2013/11/13,2.75
2013/11/14,2.69
2013/11/15,2.71
2013/11/16,2.71
2013/11/17,2.71
2013/11/18,2.67
2013/11/19,2.71
2013/11/20,2.8
2013/11/21,2.79
2013/11/22,2.75
2013/11/23,2.75
2013/11/24,2.75
2013/11/25,2.74
2013/11/26,2.71
2013/11/27,2.74
2013/11/28,2.74
2013/11/29,2.75
2013/11/30,2.75
2013/12/1,2.75
2013/12/2,2.81
2013/12/3,2.79
2013/12/4,2.84
2013/12/5,2.88
2013/12/6,2.88
2013/12/7,2.88
2013/12/8,2.88
2013/12/9,2.86
2013/12/10,2.81
2013/12/11,2.86
2013/12/12,2.89
2013/12/13,2.88
2013/12/14,2.88
2013/12/15,2.88
2013/12/16,2.89
2013/12/17,2.85
2013/12/18,2.89
2013/12/19,2.94
2013/12/20,2.89
2013/12/21,2.89
2013/12/22,2.89
2013/12/23,2.94
2013/12/24,2.99
2013/12/25,2.99
2013/12/26,3
2013/12/27,3.02
2013/12/28,3.02
2013/12/29,3.02
2013/12/30,2.99
2013/12/31,3.04
2014/1/1,3.04
2014/1/2,3
2014/1/3,3.01
2014/1/4,3.01
2014/1/5,3.01
2014/1/6,2.98
2014/1/7,2.96
2014/1/8,3.01
2014/1/9,2.97
2014/1/10,2.88
2014/1/11,2.88
2014/1/12,2.88
2014/1/13,2.84
2014/1/14,2.88
2014/1/15,2.9
2014/1/16,2.86
2014/1/17,2.84
2014/1/18,2.84
2014/1/19,2.84
2014/1/20,2.84
2014/1/21,2.85
2014/1/22,2.87
2014/1/23,2.79
2014/1/24,2.75
2014/1/25,2.75
2014/1/26,2.75
2014/1/27,2.78
2014/1/28,2.77
2014/1/29,2.69
2014/1/30,2.72
2014/1/31,2.67
2014/2/1,2.67
2014/2/2,2.67
2014/2/3,2.61
2014/2/4,2.64
2014/2/5,2.7
2014/2/6,2.73
2014/2/7,2.71
2014/2/8,2.71
2014/2/9,2.71
2014/2/10,2.7
2014/2/11,2.75
2014/2/12,2.8
2014/2/13,2.73
2014/2/14,2.75
2014/2/15,2.75
2014/2/16,2.75
2014/2/17,2.75
2014/2/18,2.71
2014/2/19,2.73
2014/2/20,2.76
2014/2/21,2.73
2014/2/22,2.73
2014/2/23,2.73
2014/2/24,2.75
2014/2/25,2.7
2014/2/26,2.67
2014/2/27,2.65
2014/2/28,2.66
2014/3/1,2.66
2014/3/2,2.66
2014/3/3,2.6
2014/3/4,2.7
2014/3/5,2.7
2014/3/6,2.74
2014/3/7,2.8
2014/3/8,2.8
2014/3/9,2.8
2014/3/10,2.79
2014/3/11,2.77
2014/3/12,2.73
2014/3/13,2.66
2014/3/14,2.65
2014/3/15,2.65
2014/3/16,2.65
2014/3/17,2.7
2014/3/18,2.68
2014/3/19,2.78
2014/3/20,2.79
2014/3/21,2.75
2014/3/22,2.75
2014/3/23,2.75
2014/3/24,2.74
2014/3/25,2.75
2014/3/26,2.71
2014/3/27,2.69
2014/3/28,2.73
2014/3/29,2.73
2014/3/30,2.73
2014/3/31,2.73
2014/4/1,2.77
2014/4/2,2.82
2014/4/3,2.8
2014/4/4,2.74
2014/4/5,2.74
2014/4/6,2.74
2014/4/7,2.71
2014/4/8,2.69
2014/4/9,2.71
2014/4/10,2.65
2014/4/11,2.63
2014/4/12,2.63
2014/4/13,2.63
2014/4/14,2.65
2014/4/15,2.64
2014/4/16,2.65
2014/4/17,2.73
2014/4/18,2.73
2014/4/19,2.73
2014/4/20,2.73
2014/4/21,2.73
2014/4/22,2.73
2014/4/23,2.7
2014/4/24,2.7
2014/4/25,2.68
2014/4/26,2.68
2014/4/27,2.68
2014/4/28,2.7
2014/4/29,2.71
2014/4/30,2.67
2014/5/1,2.63
2014/5/2,2.6
2014/5/3,2.6
2014/5/4,2.6
2014/5/5,2.63
2014/5/6,2.61
2014/5/7,2.62
2014/5/8,2.61
2014/5/9,2.62
2014/5/10,2.62
2014/5/11,2.62
2014/5/12,2.66
2014/5/13,2.61
2014/5/14,2.54
2014/5/15,2.5
2014/5/16,2.52
2014/5/17,2.52
2014/5/18,2.52
2014/5/19,2.54
2014/5/20,2.52
2014/5/21,2.54
2014/5/22,2.56
2014/5/23,2.54
2014/5/24,2.54
2014/5/25,2.54
2014/5/26,2.54
2014/5/27,2.52
2014/5/28,2.44
2014/5/29,2.45
2014/5/30,2.48
2014/5/31,2.48
2014/6/1,2.48
2014/6/2,2.54
2014/6/3,2.6
2014/6/4,2.61
2014/6/5,2.59
2014/6/6,2.6
2014/6/7,2.6
2014/6/8,2.6
2014/6/9,2.62
2014/6/10,2.64
2014/6/11,2.65
2014/6/12,2.58
2014/6/13,2.6
2014/6/14,2.6
2014/6/15,2.6
2014/6/16,2.61
2014/6/17,2.66
2014/6/18,2.61
2014/6/19,2.64
2014/6/20,2.63
2014/6/21,2.63
2014/6/22,2.63
2014/6/23,2.63
2014/6/24,2.59
2014/6/25,2.57
2014/6/26,2.53
2014/6/27,2.54
2014/6/28,2.54
2014/6/29,2.54
2014/6/30,2.53
2014/7/1,2.58
2014/7/2,2.64
2014/7/3,2.65
2014/7/4,2.65
2014/7/5,2.65
2014/7/6,2.65
2014/7/7,2.63
2014/7/8,2.58
2014/7/9,2.57
2014/7/10,2.55
2014/7/11,2.53
2014/7/12,2.53
2014/7/13,2.53
2014/7/14,2.55
2014/7/15,2.56
2014/7/16,2.55
2014/7/17,2.47
2014/7/18,2.5
2014/7/19,2.5
2014/7/20,2.5
2014/7/21,2.49
2014/7/22,2.48
2014/7/23,2.48
2014/7/24,2.52
2014/7/25,2.48
2014/7/26,2.48
2014/7/27,2.48
2014/7/28,2.5
2014/7/29,2.47
2014/7/30,2.57
2014/7/31,2.58
2014/8/1,2.52
2014/8/2,2.52
2014/8/3,2.52
2014/8/4,2.51
2014/8/5,2.49
2014/8/6,2.49
2014/8/7,2.43
2014/8/8,2.44
2014/8/9,2.44
2014/8/10,2.44
2014/8/11,2.44
2014/8/12,2.46
2014/8/13,2.43
2014/8/14,2.4
2014/8/15,2.34
2014/8/16,2.34
2014/8/17,2.34
2014/8/18,2.39
2014/8/19,2.4
2014/8/20,2.43
2014/8/21,2.41
2014/8/22,2.4
2014/8/23,2.4
2014/8/24,2.4
2014/8/25,2.39
2014/8/26,2.39
2014/8/27,2.37
2014/8/28,2.34
2014/8/29,2.35
2014/8/30,2.35
2014/8/31,2.35
2014/9/1,2.35
2014/9/2,2.42
2014/9/3,2.41
2014/9/4,2.45
2014/9/5,2.46
2014/9/6,2.46
2014/9/7,2.46
2014/9/8,2.48
2014/9/9,2.5
2014/9/10,2.54
2014/9/11,2.54
2014/9/12,2.62
2014/9/13,2.62
2014/9/14,2.62
2014/9/15,2.6
2014/9/16,2.6
2014/9/17,2.62
2014/9/18,2.63
2014/9/19,2.59
2014/9/20,2.59
2014/9/21,2.59
2014/9/22,2.57
2014/9/23,2.54
2014/9/24,2.57
2014/9/25,2.52
2014/9/26,2.54
2014/9/27,2.54
2014/9/28,2.54
2014/9/29,2.5
2014/9/30,2.52
2014/10/1,2.42
2014/10/2,2.44
2014/10/3,2.45
2014/10/4,2.45
2014/10/5,2.45
2014/10/6,2.43
2014/10/7,2.36
2014/10/8,2.35
2014/10/9,2.34
2014/10/10,2.31
2014/10/11,2.31
2014/10/12,2.31
2014/10/13,2.31
2014/10/14,2.21
2014/10/15,2.15
2014/10/16,2.17
2014/10/17,2.22
2014/10/18,2.22
2014/10/19,2.22
2014/10/20,2.2
2014/10/21,2.23
2014/10/22,2.25
2014/10/23,2.29
2014/10/24,2.29
2014/10/25,2.29
2014/10/26,2.29
2014/10/27,2.27
2014/10/28,2.3
2014/10/29,2.34
2014/10/30,2.32
2014/10/31,2.35
2014/11/1,2.35
2014/11/2,2.35
2014/11/3,2.36
2014/11/4,2.35
2014/11/5,2.36
2014/11/6,2.39
2014/11/7,2.32
2014/11/8,2.32
2014/11/9,2.32
2014/11/10,2.38
2014/11/11,2.38
2014/11/12,2.37
2014/11/13,2.35
2014/11/14,2.32
2014/11/15,2.32
2014/11/16,2.32
2014/11/17,2.34
2014/11/18,2.32
2014/11/19,2.36
2014/11/20,2.34
2014/11/21,2.31
2014/11/22,2.31
2014/11/23,2.31
2014/11/24,2.3
2014/11/25,2.27
2014/11/26,2.24
2014/11/27,2.24
2014/11/28,2.18
2014/11/29,2.18
2014/11/30,2.18
2014/12/1,2.22
2014/12/2,2.28
2014/12/3,2.29
2014/12/4,2.25
2014/12/5,2.31
2014/12/6,2.31
2014/12/7,2.31
2014/12/8,2.26
2014/12/9,2.22
2014/12/10,2.18
2014/12/11,2.19
2014/12/12,2.1
2014/12/13,2.1
2014/12/14,2.1
2014/12/15,2.12
2014/12/16,2.07
2014/12/17,2.14
2014/12/18,2.22
2014/12/19,2.17
2014/12/20,2.17
2014/12/21,2.17
2014/12/22,2.17
2014/12/23,2.26
2014/12/24,2.27
2014/12/25,2.27
2014/12/26,2.25
2014/12/27,2.25
2014/12/28,2.25
2014/12/29,2.22
2014/12/30,2.2
2014/12/31,2.17
2015/1/1,2.17
2015/1/2,2.12
2015/1/3,2.12
2015/1/4,2.12
2015/1/5,2.04
2015/1/6,1.97
2015/1/7,1.96
2015/1/8,2.03
2015/1/9,1.98
2015/1/10,1.98
2015/1/11,1.98
2015/1/12,1.92
2015/1/13,1.91
2015/1/14,1.86
2015/1/15,1.77
2015/1/16,1.83
2015/1/17,1.83
2015/1/18,1.83
2015/1/19,1.83
2015/1/20,1.82
2015/1/21,1.87
2015/1/22,1.9
2015/1/23,1.81
2015/1/24,1.81
2015/1/25,1.81
2015/1/26,1.83
2015/1/27,1.83
2015/1/28,1.73
2015/1/29,1.77
2015/1/30,1.68
2015/1/31,1.68
2015/2/1,1.68
2015/2/2,1.68
2015/2/3,1.79
2015/2/4,1.81
2015/2/5,1.83
2015/2/6,1.95
2015/2/7,1.95
2015/2/8,1.95
2015/2/9,1.96
2015/2/10,2.01
2015/2/11,2
2015/2/12,1.99
2015/2/13,2.02
2015/2/14,2.02
2015/2/15,2.02
2015/2/16,2.02
2015/2/17,2.14
2015/2/18,2.07
2015/2/19,2.11
2015/2/20,2.13
2015/2/21,2.13
2015/2/22,2.13
2015/2/23,2.06
2015/2/24,1.99
2015/2/25,1.96
2015/2/26,2.03
2015/2/27,2
2015/2/28,2
2015/3/1,2
2015/3/2,2.08
2015/3/3,2.12
2015/3/4,2.12
2015/3/5,2.11
2015/3/6,2.24
2015/3/7,2.24
2015/3/8,2.24
2015/3/9,2.2
2015/3/10,2.14
2015/3/11,2.11
2015/3/12,2.1
2015/3/13,2.13
2015/3/14,2.13
2015/3/15,2.13
2015/3/16,2.1
2015/3/17,2.06
2015/3/18,1.93
2015/3/19,1.98
2015/3/20,1.93
2015/3/21,1.93
2015/3/22,1.93
2015/3/23,1.92
2015/3/24,1.88
2015/3/25,1.93
2015/3/26,2.01
2015/3/27,1.95
2015/3/28,1.95
2015/3/29,1.95
2015/3/30,1.96
2015/3/31,1.94
2015/4/1,1.87
2015/4/2,1.92
2015/4/3,1.85
2015/4/4,1.85
2015/4/5,1.85
2015/4/6,1.92
2015/4/7,1.89
2015/4/8,1.92
2015/4/9,1.97
2015/4/10,1.96
2015/4/11,1.96
2015/4/12,1.96
2015/4/13,1.94
2015/4/14,1.9
2015/4/15,1.91
2015/4/16,1.9
2015/4/17,1.87
2015/4/18,1.87
2015/4/19,1.87
2015/4/20,1.9
2015/4/21,1.92
2015/4/22,1.99
2015/4/23,1.96
2015/4/24,1.93
2015/4/25,1.93
2015/4/26,1.93
2015/4/27,1.94
2015/4/28,2
2015/4/29,2.06
2015/4/30,2.05
2015/5/1,2.12
2015/5/2,2.12
2015/5/3,2.12
2015/5/4,2.16
2015/5/5,2.19
2015/5/6,2.25
2015/5/7,2.18
2015/5/8,2.16
2015/5/9,2.16
2015/5/10,2.16
2015/5/11,2.28
2015/5/12,2.28
2015/5/13,2.27
2015/5/14,2.23
2015/5/15,2.14
2015/5/16,2.14
2015/5/17,2.14
2015/5/18,2.23
2015/5/19,2.27
2015/5/20,2.26
2015/5/21,2.19
2015/5/22,2.21
2015/5/23,2.21
2015/5/24,2.21
2015/5/25,2.21
2015/5/26,2.14
2015/5/27,2.14
2015/5/28,2.13
2015/5/29,2.12
2015/5/30,2.12
2015/5/31,2.12
2015/6/1,2.19
2015/6/2,2.27
2015/6/3,2.38
2015/6/4,2.31
2015/6/5,2.41
2015/6/6,2.41
2015/6/7,2.41
2015/6/8,2.39
2015/6/9,2.42
2015/6/10,2.5
2015/6/11,2.39
2015/6/12,2.39
2015/6/13,2.39
2015/6/14,2.39
2015/6/15,2.36
2015/6/16,2.32
2015/6/17,2.32
2015/6/18,2.35
2015/6/19,2.26
2015/6/20,2.26
2015/6/21,2.26
2015/6/22,2.37
2015/6/23,2.42
2015/6/24,2.38
2015/6/25,2.4
2015/6/26,2.49
2015/6/27,2.49
2015/6/28,2.49
2015/6/29,2.33
2015/6/30,2.35
2015/7/1,2.43
2015/7/2,2.4
2015/7/3,2.4
2015/7/4,2.4
2015/7/5,2.4
2015/7/6,2.3
2015/7/7,2.27
2015/7/8,2.22
2015/7/9,2.32
2015/7/10,2.42
2015/7/11,2.42
2015/7/12,2.42
2015/7/13,2.44
2015/7/14,2.41
2015/7/15,2.36
2015/7/16,2.36
2015/7/17,2.34
2015/7/18,2.34
2015/7/19,2.34
2015/7/20,2.38
2015/7/21,2.35
2015/7/22,2.33
2015/7/23,2.28
2015/7/24,2.27
2015/7/25,2.27
2015/7/26,2.27
2015/7/27,2.23
2015/7/28,2.26
2015/7/29,2.29
2015/7/30,2.28
2015/7/31,2.2
2015/8/1,2.2
2015/8/2,2.2
2015/8/3,2.16
2015/8/4,2.23
2015/8/5,2.28
2015/8/6,2.23
2015/8/7,2.18
2015/8/8,2.18
2015/8/9,2.18
2015/8/10,2.24
2015/8/11,2.15
2015/8/12,2.14
2015/8/13,2.19
2015/8/14,2.2
2015/8/15,2.2
2015/8/16,2.2
2015/8/17,2.16
2015/8/18,2.2
2015/8/19,2.12
2015/8/20,2.09
2015/8/21,2.05
2015/8/22,2.05
2015/8/23,2.05
2015/8/24,2.01
2015/8/25,2.12
2015/8/26,2.18
2015/8/27,2.18
2015/8/28,2.19
2015/8/29,2.19
2015/8/30,2.19
2015/8/31,2.21
2015/9/1,2.17
2015/9/2,2.2
2015/9/3,2.18
2015/9/4,2.13
2015/9/5,2.13
2015/9/6,2.13
2015/9/7,2.13
2015/9/8,2.2
2015/9/9,2.21
2015/9/10,2.23
2015/9/11,2.2
2015/9/12,2.2
2015/9/13,2.2
2015/9/14,2.18
2015/9/15,2.28
2015/9/16,2.3
2015/9/17,2.21
2015/9/18,2.13
2015/9/19,2.13
2015/9/20,2.13
2015/9/21,2.2
2015/9/22,2.14
2015/9/23,2.16
2015/9/24,2.13
2015/9/25,2.17
2015/9/26,2.17
2015/9/27,2.17
2015/9/28,2.1
2015/9/29,2.05
2015/9/30,2.06
2015/10/1,2.05
2015/10/2,1.99
2015/10/3,1.99
2015/10/4,1.99
2015/10/5,2.07
2015/10/6,2.05
2015/10/7,2.08
2015/10/8,2.12
2015/10/9,2.12
2015/10/10,2.12
2015/10/11,2.12
2015/10/12,2.12
2015/10/13,2.06
2015/10/14,1.99
2015/10/15,2.04
2015/10/16,2.04
2015/10/17,2.04
2015/10/18,2.04
2015/10/19,2.04
2015/10/20,2.08
2015/10/21,2.04
2015/10/22,2.04
2015/10/23,2.09
2015/10/24,2.09
2015/10/25,2.09
2015/10/26,2.07
2015/10/27,2.05
2015/10/28,2.1
2015/10/29,2.19
2015/10/30,2.16
2015/10/31,2.16
2015/11/1,2.16
2015/11/2,2.2
2015/11/3,2.23
2015/11/4,2.25
2015/11/5,2.26
2015/11/6,2.34
2015/11/7,2.34
2015/11/8,2.34
2015/11/9,2.36
2015/11/10,2.32
2015/11/11,2.32
2015/11/12,2.32
2015/11/13,2.28
2015/11/14,2.28
2015/11/15,2.28
2015/11/16,2.27
2015/11/17,2.25
2015/11/18,2.27
2015/11/19,2.24
2015/11/20,2.26
2015/11/21,2.26
2015/11/22,2.26
2015/11/23,2.25
2015/11/24,2.24
2015/11/25,2.23
2015/11/26,2.23
2015/11/27,2.22
2015/11/28,2.22
2015/11/29,2.22
2015/11/30,2.21
2015/12/1,2.15
2015/12/2,2.18
2015/12/3,2.33
2015/12/4,2.28
2015/12/5,2.28
2015/12/6,2.28
2015/12/7,2.23
2015/12/8,2.24
2015/12/9,2.22
2015/12/10,2.24
2015/12/11,2.13
2015/12/12,2.13
2015/12/13,2.13
2015/12/14,2.23
2015/12/15,2.28
2015/12/16,2.3
2015/12/17,2.24
2015/12/18,2.19
2015/12/19,2.19
2015/12/20,2.19
2015/12/21,2.2
2015/12/22,2.24
2015/12/23,2.27
2015/12/24,2.25
2015/12/25,2.25
2015/12/26,2.25
2015/12/27,2.25
2015/12/28,2.24
2015/12/29,2.32
2015/12/30,2.31
2015/12/31,2.27
2016/1/1,2.27
2016/1/2,2.27
2016/1/3,2.27
2016/1/4,2.24
2016/1/5,2.25
2016/1/6,2.18
2016/1/7,2.16
2016/1/8,2.13
2016/1/9,2.13
2016/1/10,2.13
2016/1/11,2.17
2016/1/12,2.12
2016/1/13,2.08
2016/1/14,2.1
2016/1/15,2.03
2016/1/16,2.03
2016/1/17,2.03
2016/1/18,2.03
2016/1/19,2.06
2016/1/20,2.01
2016/1/21,2.02
2016/1/22,2.07
2016/1/23,2.07
2016/1/24,2.07
2016/1/25,2.03
2016/1/26,2.01
2016/1/27,2.02
2016/1/28,2
2016/1/29,1.94
2016/1/30,1.94
2016/1/31,1.94
2016/2/1,1.97
2016/2/2,1.87
2016/2/3,1.88
2016/2/4,1.87
2016/2/5,1.86
2016/2/6,1.86
2016/2/7,1.86
2016/2/8,1.75
2016/2/9,1.74
2016/2/10,1.71
2016/2/11,1.63
2016/2/12,1.74
2016/2/13,1.74
2016/2/14,1.74
2016/2/15,1.74
2016/2/16,1.78
2016/2/17,1.81
2016/2/18,1.75
2016/2/19,1.76
2016/2/20,1.76
2016/2/21,1.76
2016/2/22,1.77
2016/2/23,1.74
2016/2/24,1.75
2016/2/25,1.71
2016/2/26,1.76
2016/2/27,1.76
2016/2/28,1.76
2016/2/29,1.74
2016/3/1,1.83
2016/3/2,1.84
2016/3/3,1.83
2016/3/4,1.88
2016/3/5,1.88
2016/3/6,1.88
2016/3/7,1.91
2016/3/8,1.83
2016/3/9,1.9
2016/3/10,1.93
2016/3/11,1.98
2016/3/12,1.98
2016/3/13,1.98
2016/3/14,1.97
2016/3/15,1.97
2016/3/16,1.94
2016/3/17,1.91
2016/3/18,1.88
2016/3/19,1.88
2016/3/20,1.88
2016/3/21,1.92
2016/3/22,1.94
2016/3/23,1.88
2016/3/24,1.91
2016/3/25,1.91
2016/3/26,1.91
2016/3/27,1.91
2016/3/28,1.89
2016/3/29,1.81
2016/3/30,1.83
2016/3/31,1.78
2016/4/1,1.79
2016/4/2,1.79
2016/4/3,1.79
2016/4/4,1.78
2016/4/5,1.73
2016/4/6,1.76
2016/4/7,1.7
2016/4/8,1.72
2016/4/9,1.72
2016/4/10,1.72
2016/4/11,1.73
2016/4/12,1.79
2016/4/13,1.77
2016/4/14,1.8
2016/4/15,1.76
2016/4/16,1.76
2016/4/17,1.76
2016/4/18,1.78
2016/4/19,1.79
2016/4/20,1.85
2016/4/21,1.88
2016/4/22,1.89
2016/4/23,1.89
2016/4/24,1.89
2016/4/25,1.91
2016/4/26,1.94
2016/4/27,1.87
2016/4/28,1.84
2016/4/29,1.83
2016/4/30,1.83
2016/5/1,1.83
2016/5/2,1.88
2016/5/3,1.81
2016/5/4,1.79
2016/5/5,1.76
2016/5/6,1.79
2016/5/7,1.79
2016/5/8,1.79
2016/5/9,1.77
2016/5/10,1.77
2016/5/11,1.73
2016/5/12,1.75
2016/5/13,1.71
2016/5/14,1.71
2016/5/15,1.71
2016/5/16,1.75
2016/5/17,1.76
2016/5/18,1.87
2016/5/19,1.85
2016/5/20,1.85
2016/5/21,1.85
2016/5/22,1.85
2016/5/23,1.84
2016/5/24,1.86
2016/5/25,1.87
2016/5/26,1.83
2016/5/27,1.85
2016/5/28,1.85
2016/5/29,1.85
2016/5/30,1.85
2016/5/31,1.84
2016/6/1,1.85
2016/6/2,1.81
2016/6/3,1.71
2016/6/4,1.71
2016/6/5,1.71
2016/6/6,1.73
2016/6/7,1.72
2016/6/8,1.71
2016/6/9,1.68
2016/6/10,1.64
2016/6/11,1.64
2016/6/12,1.64
2016/6/13,1.62
2016/6/14,1.62
2016/6/15,1.6
2016/6/16,1.57
2016/6/17,1.62
2016/6/18,1.62
2016/6/19,1.62
2016/6/20,1.67
2016/6/21,1.71
2016/6/22,1.69
2016/6/23,1.74
2016/6/24,1.57
2016/6/25,1.57
2016/6/26,1.57
2016/6/27,1.46
2016/6/28,1.46
2016/6/29,1.5
2016/6/30,1.49
2016/7/1,1.46
2016/7/2,1.46
2016/7/3,1.46
2016/7/4,1.46
2016/7/5,1.37
2016/7/6,1.38
2016/7/7,1.4
2016/7/8,1.37
2016/7/9,1.37
2016/7/10,1.37
2016/7/11,1.43
2016/7/12,1.53
2016/7/13,1.48
2016/7/14,1.53
2016/7/15,1.6
2016/7/16,1.6
2016/7/17,1.6
2016/7/18,1.59
2016/7/19,1.56
2016/7/20,1.59
2016/7/21,1.57
2016/7/22,1.57
2016/7/23,1.57
2016/7/24,1.57
2016/7/25,1.58
2016/7/26,1.57
2016/7/27,1.52
2016/7/28,1.52
2016/7/29,1.46
2016/7/30,1.46
2016/7/31,1.46
2016/8/1,1.51
2016/8/2,1.55
2016/8/3,1.55
2016/8/4,1.51
2016/8/5,1.59
2016/8/6,1.59
2016/8/7,1.59
2016/8/8,1.59
2016/8/9,1.55
2016/8/10,1.5
2016/8/11,1.57
2016/8/12,1.51
2016/8/13,1.51
2016/8/14,1.51
2016/8/15,1.55
2016/8/16,1.57
2016/8/17,1.56
2016/8/18,1.53
2016/8/19,1.58
2016/8/20,1.58
2016/8/21,1.58
2016/8/22,1.55
2016/8/23,1.55
2016/8/24,1.56
2016/8/25,1.58
2016/8/26,1.62
2016/8/27,1.62
2016/8/28,1.62
2016/8/29,1.57
2016/8/30,1.57
2016/8/31,1.58
2016/9/1,1.57
2016/9/2,1.6
2016/9/3,1.6
2016/9/4,1.6
2016/9/5,1.6
2016/9/6,1.55
2016/9/7,1.54
2016/9/8,1.61
2016/9/9,1.67
2016/9/10,1.67
2016/9/11,1.67
2016/9/12,1.68
2016/9/13,1.73
2016/9/14,1.7
2016/9/15,1.71
2016/9/16,1.7
2016/9/17,1.7
2016/9/18,1.7
2016/9/19,1.7
2016/9/20,1.69
2016/9/21,1.66
2016/9/22,1.63
2016/9/23,1.62
2016/9/24,1.62
2016/9/25,1.62
2016/9/26,1.59
2016/9/27,1.56
2016/9/28,1.57
2016/9/29,1.56
2016/9/30,1.6
2016/10/1,1.6
2016/10/2,1.6
2016/10/3,1.63
2016/10/4,1.69
2016/10/5,1.72
2016/10/6,1.75
2016/10/7,1.73
2016/10/8,1.73
2016/10/9,1.73
2016/10/10,1.73
2016/10/11,1.77
2016/10/12,1.79
2016/10/13,1.75
2016/10/14,1.8
2016/10/15,1.8
2016/10/16,1.8
2016/10/17,1.77
2016/10/18,1.75
2016/10/19,1.76
2016/10/20,1.76
2016/10/21,1.74
2016/10/22,1.74
2016/10/23,1.74
2016/10/24,1.77
2016/10/25,1.77
2016/10/26,1.79
2016/10/27,1.85
2016/10/28,1.86
2016/10/29,1.86
2016/10/30,1.86
2016/10/31,1.84
2016/11/1,1.83
2016/11/2,1.81
2016/11/3,1.82
2016/11/4,1.79
2016/11/5,1.79
2016/11/6,1.79
2016/11/7,1.83
2016/11/8,1.88
2016/11/9,2.07
2016/11/10,2.15
2016/11/11,2.15
2016/11/12,2.15
2016/11/13,2.15
2016/11/14,2.23
2016/11/15,2.23
2016/11/16,2.22
2016/11/17,2.29
2016/11/18,2.34
2016/11/19,2.34
2016/11/20,2.34
2016/11/21,2.33
2016/11/22,2.31
2016/11/23,2.36
2016/11/24,2.36
2016/11/25,2.36
2016/11/26,2.36
2016/11/27,2.36
2016/11/28,2.32
2016/11/29,2.3
2016/11/30,2.37
2016/12/1,2.45
2016/12/2,2.4
2016/12/3,2.4
2016/12/4,2.4
2016/12/5,2.39
2016/12/6,2.39
2016/12/7,2.34
2016/12/8,2.4
2016/12/9,2.47
2016/12/10,2.47
2016/12/11,2.47
2016/12/12,2.49
2016/12/13,2.48
2016/12/14,2.54
2016/12/15,2.6
2016/12/16,2.6
2016/12/17,2.6
2016/12/18,2.6
2016/12/19,2.54
2016/12/20,2.57
2016/12/21,2.55
2016/12/22,2.55
2016/12/23,2.55
2016/12/24,2.55
2016/12/25,2.55
2016/12/26,2.55
2016/12/27,2.57
2016/12/28,2.51
2016/12/29,2.49
2016/12/30,2.45
2016/12/31,2.45
2017/1/1,2.45
2017/1/2,2.45
2017/1/3,2.45
2017/1/4,2.46
2017/1/5,2.37
2017/1/6,2.42
2017/1/7,2.42
2017/1/8,2.42
2017/1/9,2.38
2017/1/10,2.38
2017/1/11,2.38
2017/1/12,2.36
2017/1/13,2.4
2017/1/14,2.4
2017/1/15,2.4
2017/1/16,2.4
2017/1/17,2.33
2017/1/18,2.42
2017/1/19,2.47
2017/1/20,2.48
2017/1/21,2.48
2017/1/22,2.48
2017/1/23,2.41
2017/1/24,2.47
2017/1/25,2.53
2017/1/26,2.51
2017/1/27,2.49
2017/1/28,2.49
2017/1/29,2.49
2017/1/30,2.49
2017/1/31,2.45
2017/2/1,2.48
2017/2/2,2.48
2017/2/3,2.49
2017/2/4,2.49
2017/2/5,2.49
2017/2/6,2.42
2017/2/7,2.4
2017/2/8,2.34
2017/2/9,2.4
2017/2/10,2.41
2017/2/11,2.41
2017/2/12,2.41
2017/2/13,2.43
2017/2/14,2.47
2017/2/15,2.51
2017/2/16,2.45
2017/2/17,2.42
2017/2/18,2.42
2017/2/19,2.42
2017/2/20,2.42
2017/2/21,2.43
2017/2/22,2.42
2017/2/23,2.38
2017/2/24,2.31
2017/2/25,2.31
2017/2/26,2.31
2017/2/27,2.36
2017/2/28,2.36
2017/3/1,2.46
2017/3/2,2.49
2017/3/3,2.49
2017/3/4,2.49
2017/3/5,2.49
2017/3/6,2.49
2017/3/7,2.52
2017/3/8,2.57
2017/3/9,2.6
2017/3/10,2.58
2017/3/11,2.58
2017/3/12,2.58
2017/3/13,2.62
2017/3/14,2.6
2017/3/15,2.51
2017/3/16,2.53
2017/3/17,2.5
2017/3/18,2.5
2017/3/19,2.5
2017/3/20,2.47
2017/3/21,2.43
2017/3/22,2.4
2017/3/23,2.41
2017/3/24,2.4
2017/3/25,2.4
2017/3/26,2.4
2017/3/27,2.38
2017/3/28,2.42
2017/3/29,2.39
2017/3/30,2.42
2017/3/31,2.4
2017/4/1,2.4
2017/4/2,2.4
2017/4/3,2.35
2017/4/4,2.36
2017/4/5,2.34
2017/4/6,2.34
2017/4/7,2.38
2017/4/8,2.38
2017/4/9,2.38
2017/4/10,2.37
2017/4/11,2.32
2017/4/12,2.28
2017/4/13,2.24
2017/4/14,2.24
2017/4/15,2.24
2017/4/16,2.24
2017/4/17,2.26
2017/4/18,2.18
2017/4/19,2.21
2017/4/20,2.24
2017/4/21,2.24
2017/4/22,2.24
2017/4/23,2.24
2017/4/24,2.28
2017/4/25,2.35
2017/4/26,2.32
2017/4/27,2.3
2017/4/28,2.29
2017/4/29,2.29
2017/4/30,2.29
2017/5/1,2.33
2017/5/2,2.29
2017/5/3,2.33
2017/5/4,2.36
2017/5/5,2.36
2017/5/6,2.36
2017/5/7,2.36
2017/5/8,2.39
2017/5/9,2.42
2017/5/10,2.41
2017/5/11,2.39
2017/5/12,2.33
2017/5/13,2.33
2017/5/14,2.33
2017/5/15,2.34
2017/5/16,2.33
2017/5/17,2.22
2017/5/18,2.23
2017/5/19,2.23
2017/5/20,2.23
2017/5/21,2.23
2017/5/22,2.25
2017/5/23,2.29
2017/5/24,2.26
2017/5/25,2.25
2017/5/26,2.25
2017/5/27,2.25
2017/5/28,2.25
2017/5/29,2.25
2017/5/30,2.21
2017/5/31,2.21
2017/6/1,2.21
2017/6/2,2.15
2017/6/3,2.15
2017/6/4,2.15
2017/6/5,2.18
2017/6/6,2.14
2017/6/7,2.18
2017/6/8,2.19
2017/6/9,2.21
2017/6/10,2.21
2017/6/11,2.21
2017/6/12,2.21
2017/6/13,2.21
2017/6/14,2.15
2017/6/15,2.16
2017/6/16,2.16
2017/6/17,2.16
2017/6/18,2.16
2017/6/19,2.19
2017/6/20,2.16
2017/6/21,2.16
2017/6/22,2.15
2017/6/23,2.15
2017/6/24,2.15
2017/6/25,2.15
2017/6/26,2.14
2017/6/27,2.21
2017/6/28,2.22
2017/6/29,2.27
2017/6/30,2.31
2017/7/1,2.31
2017/7/2,2.31
2017/7/3,2.35
2017/7/4,2.35
2017/7/5,2.33
2017/7/6,2.37
2017/7/7,2.39
2017/7/8,2.39
2017/7/9,2.39
2017/7/10,2.38
2017/7/11,2.37
2017/7/12,2.33
2017/7/13,2.35
2017/7/14,2.33
2017/7/15,2.33
2017/7/16,2.33
2017/7/17,2.31
2017/7/18,2.27
2017/7/19,2.27
2017/7/20,2.27
2017/7/21,2.24
2017/7/22,2.24
2017/7/23,2.24
2017/7/24,2.26
2017/7/25,2.33
2017/7/26,2.29
2017/7/27,2.32
2017/7/28,2.3
2017/7/29,2.3
2017/7/30,2.3
2017/7/31,2.3
2017/8/1,2.26
2017/8/2,2.27
2017/8/3,2.24
2017/8/4,2.27
2017/8/5,2.27
2017/8/6,2.27
2017/8/7,2.26
2017/8/8,2.29
2017/8/9,2.24
2017/8/10,2.2
2017/8/11,2.19
2017/8/12,2.19
2017/8/13,2.19
2017/8/14,2.22
2017/8/15,2.27
2017/8/16,2.23
2017/8/17,2.19
2017/8/18,2.19
2017/8/19,2.19
2017/8/20,2.19
2017/8/21,2.18
2017/8/22,2.22
2017/8/23,2.17
2017/8/24,2.19
2017/8/25,2.17
2017/8/26,2.17
2017/8/27,2.17
2017/8/28,2.16
2017/8/29,2.13
2017/8/30,2.15
2017/8/31,2.12
2017/9/1,2.16
2017/9/2,2.16
2017/9/3,2.16
2017/9/4,2.16
2017/9/5,2.07
2017/9/6,2.1
2017/9/7,2.05
2017/9/8,2.06
2017/9/9,2.06
2017/9/10,2.06
2017/9/11,2.14
2017/9/12,2.17
2017/9/13,2.2
2017/9/14,2.2
2017/9/15,2.2
2017/9/16,2.2
2017/9/17,2.2
2017/9/18,2.23
2017/9/19,2.24
2017/9/20,2.28
2017/9/21,2.27
2017/9/22,2.26
2017/9/23,2.26
2017/9/24,2.26
2017/9/25,2.22
2017/9/26,2.24
2017/9/27,2.31
2017/9/28,2.31
2017/9/29,2.33
2017/9/30,2.33
2017/10/1,2.33
2017/10/2,2.34
2017/10/3,2.33
2017/10/4,2.33
2017/10/5,2.35
2017/10/6,2.37
2017/10/7,2.37
2017/10/8,2.37
2017/10/9,2.37
2017/10/10,2.35
2017/10/11,2.35
2017/10/12,2.33
2017/10/13,2.28
2017/10/14,2.28
2017/10/15,2.28
2017/10/16,2.3
2017/10/17,2.3
2017/10/18,2.34
2017/10/19,2.33
2017/10/20,2.39
2017/10/21,2.39
2017/10/22,2.39
2017/10/23,2.38
2017/10/24,2.42
2017/10/25,2.44
2017/10/26,2.46
2017/10/27,2.42
2017/10/28,2.42
2017/10/29,2.42
2017/10/30,2.37
2017/10/31,2.38
2017/11/1,2.37
2017/11/2,2.35
2017/11/3,2.34
2017/11/4,2.34
2017/11/5,2.34
2017/11/6,2.32
2017/11/7,2.32
2017/11/8,2.32
2017/11/9,2.33
2017/11/10,2.4
2017/11/11,2.4
2017/11/12,2.4
2017/11/13,2.4
2017/11/14,2.38
2017/11/15,2.33
2017/11/16,2.37
2017/11/17,2.35
2017/11/18,2.35
2017/11/19,2.35
2017/11/20,2.37
2017/11/21,2.36
2017/11/22,2.32
2017/11/23,2.32
2017/11/24,2.34
2017/11/25,2.34
2017/11/26,2.34
2017/11/27,2.32
2017/11/28,2.34
2017/11/29,2.37
2017/11/30,2.42
2017/12/1,2.37
2017/12/2,2.37
2017/12/3,2.37
2017/12/4,2.37
2017/12/5,2.36
2017/12/6,2.33
2017/12/7,2.37
2017/12/8,2.38
2017/12/9,2.38
2017/12/10,2.38
2017/12/11,2.39
2017/12/12,2.4
2017/12/13,2.36
2017/12/14,2.35
2017/12/15,2.35
2017/12/16,2.35
2017/12/17,2.35
2017/12/18,2.39
2017/12/19,2.46
2017/12/20,2.49
2017/12/21,2.48
2017/12/22,2.48
2017/12/23,2.48
2017/12/24,2.48
2017/12/25,2.48
2017/12/26,2.47
2017/12/27,2.42
2017/12/28,2.43
2017/12/29,2.4
2017/12/30,2.4
2017/12/31,2.4
2018/1/1,2.4
2018/1/2,2.46
2018/1/3,2.44
2018/1/4,2.46
2018/1/5,2.47
2018/1/6,2.47
2018/1/7,2.47
2018/1/8,2.49
2018/1/9,2.55
2018/1/10,2.55
2018/1/11,2.54
2018/1/12,2.55
2018/1/13,2.55
2018/1/14,2.55
2018/1/15,2.55
2018/1/16,2.54
2018/1/17,2.57
2018/1/18,2.62
2018/1/19,2.64
2018/1/20,2.64
2018/1/21,2.64
2018/1/22,2.66
2018/1/23,2.63
2018/1/24,2.65
2018/1/25,2.63
2018/1/26,2.66
2018/1/27,2.66
2018/1/28,2.66
2018/1/29,2.7
2018/1/30,2.73
2018/1/31,2.72
2018/2/1,2.78
2018/2/2,2.84
2018/2/3,2.84
2018/2/4,2.84
2018/2/5,2.77
2018/2/6,2.79
2018/2/7,2.84
2018/2/8,2.85
2018/2/9,2.83
2018/2/10,2.83
2018/2/11,2.83
2018/2/12,2.86
2018/2/13,2.83
2018/2/14,2.91
2018/2/15,2.9
2018/2/16,2.87
2018/2/17,2.87
2018/2/18,2.87
2018/2/19,2.87
2018/2/20,2.88
2018/2/21,2.94
2018/2/22,2.92
2018/2/23,2.88
2018/2/24,2.88
2018/2/25,2.88
2018/2/26,2.86
2018/2/27,2.9
2018/2/28,2.87
2018/3/1,2.81
2018/3/2,2.86
2018/3/3,2.86
2018/3/4,2.86
2018/3/5,2.88
2018/3/6,2.88
2018/3/7,2.89
2018/3/8,2.86
2018/3/9,2.9
2018/3/10,2.9
2018/3/11,2.9
2018/3/12,2.87
2018/3/13,2.84
2018/3/14,2.81
2018/3/15,2.82
2018/3/16,2.85
2018/3/17,2.85
2018/3/18,2.85
2018/3/19,2.85
2018/3/20,2.89
2018/3/21,2.89
2018/3/22,2.83
2018/3/23,2.82
2018/3/24,2.82
2018/3/25,2.82
2018/3/26,2.85
2018/3/27,2.78
2018/3/28,2.77
2018/3/29,2.74
2018/3/30,2.74
2018/3/31,2.74
2018/4/1,2.74
2018/4/2,2.73
2018/4/3,2.79
2018/4/4,2.79
2018/4/5,2.83
2018/4/6,2.77
2018/4/7,2.77
2018/4/8,2.77
2018/4/9,2.78
2018/4/10,2.8
2018/4/11,2.79
2018/4/12,2.83
2018/4/13,2.82
2018/4/14,2.82
2018/4/15,2.82
2018/4/16,2.83
2018/4/17,2.82
2018/4/18,2.87
2018/4/19,2.92
2018/4/20,2.96
2018/4/21,2.96
2018/4/22,2.96
2018/4/23,2.98
2018/4/24,3
2018/4/25,3.03
2018/4/26,3
2018/4/27,2.96
2018/4/28,2.96
2018/4/29,2.96
2018/4/30,2.95
2018/5/1,2.97
2018/5/2,2.97
2018/5/3,2.94
2018/5/4,2.95
2018/5/5,2.95
2018/5/6,2.95
2018/5/7,2.95
2018/5/8,2.97
2018/5/9,3
2018/5/10,2.97
2018/5/11,2.97
2018/5/12,2.97
2018/5/13,2.97
2018/5/14,3
2018/5/15,3.08
2018/5/16,3.09
2018/5/17,3.11
2018/5/18,3.06
2018/5/19,3.06
2018/5/20,3.06
2018/5/21,3.06
2018/5/22,3.06
2018/5/23,3.01
2018/5/24,2.98
2018/5/25,2.93
2018/5/26,2.93
2018/5/27,2.93
2018/5/28,2.93
2018/5/29,2.77
2018/5/30,2.84
2018/5/31,2.83
2018/6/1,2.89
2018/6/2,2.89
2018/6/3,2.89
2018/6/4,2.94
2018/6/5,2.92
2018/6/6,2.97
2018/6/7,2.93
2018/6/8,2.93
2018/6/9,2.93
2018/6/10,2.93
2018/6/11,2.96
2018/6/12,2.96
2018/6/13,2.98
2018/6/14,2.94
2018/6/15,2.93
2018/6/16,2.93
2018/6/17,2.93
2018/6/18,2.92
2018/6/19,2.89
2018/6/20,2.93
2018/6/21,2.9
2018/6/22,2.9
2018/6/23,2.9
2018/6/24,2.9
2018/6/25,2.87
2018/6/26,2.88
2018/6/27,2.83
2018/6/28,2.84
2018/6/29,2.85
2018/6/30,2.85
2018/7/1,2.85
2018/7/2,2.87
2018/7/3,2.83
2018/7/4,2.83
2018/7/5,2.84
2018/7/6,2.82
2018/7/7,2.82
2018/7/8,2.82
2018/7/9,2.86
2018/7/10,2.87
2018/7/11,2.85
2018/7/12,2.85
2018/7/13,2.83
2018/7/14,2.83
2018/7/15,2.83
2018/7/16,2.85
2018/7/17,2.86
2018/7/18,2.88
2018/7/19,2.84
2018/7/20,2.89
2018/7/21,2.89
2018/7/22,2.89
2018/7/23,2.96
2018/7/24,2.95
2018/7/25,2.94
2018/7/26,2.98
2018/7/27,2.96
2018/7/28,2.96
2018/7/29,2.96
2018/7/30,2.98
2018/7/31,2.96
2018/8/1,3
2018/8/2,2.98
2018/8/3,2.95
2018/8/4,2.95
2018/8/5,2.95
2018/8/6,2.94
2018/8/7,2.98
2018/8/8,2.96
2018/8/9,2.93
2018/8/10,2.87
2018/8/11,2.87
2018/8/12,2.87
2018/8/13,2.88
2018/8/14,2.89
2018/8/15,2.86
2018/8/16,2.87
2018/8/17,2.87
2018/8/18,2.87
2018/8/19,2.87
2018/8/20,2.82
2018/8/21,2.85
2018/8/22,2.82
2018/8/23,2.82
2018/8/24,2.82
2018/8/25,2.82
2018/8/26,2.82
2018/8/27,2.85
2018/8/28,2.88
2018/8/29,2.89
2018/8/30,2.86
2018/8/31,2.86
2018/9/1,2.86
2018/9/2,2.86
2018/9/3,2.86
2018/9/4,2.9
2018/9/5,2.9
2018/9/6,2.88
2018/9/7,2.94
2018/9/8,2.94
2018/9/9,2.94
2018/9/10,2.94
2018/9/11,2.98
2018/9/12,2.97
2018/9/13,2.97
2018/9/14,2.99
2018/9/15,2.99
2018/9/16,2.99
2018/9/17,2.99
2018/9/18,3.05
2018/9/19,3.08
2018/9/20,3.07
2018/9/21,3.07
2018/9/22,3.07
2018/9/23,3.07
2018/9/24,3.08
2018/9/25,3.1
2018/9/26,3.06
2018/9/27,3.06
2018/9/28,3.05
2018/9/29,3.05
2018/9/30,3.05
2018/10/1,3.09
2018/10/2,3.05
2018/10/3,3.15
2018/10/4,3.19
2018/10/5,3.23
2018/10/6,3.23
2018/10/7,3.23
2018/10/8,3.23
2018/10/9,3.21
2018/10/10,3.22
2018/10/11,3.14
2018/10/12,3.15
2018/10/13,3.15
2018/10/14,3.15
2018/10/15,3.16
2018/10/16,3.16
2018/10/17,3.19
2018/10/18,3.17
2018/10/19,3.2
2018/10/20,3.2
2018/10/21,3.2
2018/10/22,3.2
2018/10/23,3.17
2018/10/24,3.1
2018/10/25,3.14
2018/10/26,3.08
2018/10/27,3.08
2018/10/28,3.08
2018/10/29,3.08
2018/10/30,3.12
2018/10/31,3.15
2018/11/1,3.14
2018/11/2,3.22
2018/11/3,3.22
2018/11/4,3.22
2018/11/5,3.2
2018/11/6,3.22
2018/11/7,3.22
2018/11/8,3.24
2018/11/9,3.19
2018/11/10,3.19
2018/11/11,3.19
2018/11/12,3.19
2018/11/13,3.14
2018/11/14,3.12
2018/11/15,3.11
2018/11/16,3.08
2018/11/17,3.08
2018/11/18,3.08
2018/11/19,3.06
2018/11/20,3.06
2018/11/21,3.06
2018/11/22,3.06
2018/11/23,3.05
2018/11/24,3.05
2018/11/25,3.05
2018/11/26,3.07
2018/11/27,3.06
2018/11/28,3.06
2018/11/29,3.03
2018/11/30,3.01
2018/12/1,3.01
2018/12/2,3.01
2018/12/3,2.98
2018/12/4,2.91
2018/12/5,2.91
2018/12/6,2.87
2018/12/7,2.85
2018/12/8,2.85
2018/12/9,2.85
2018/12/10,2.85
2018/12/11,2.89
2018/12/12,2.91
2018/12/13,2.91
2018/12/14,2.89
2018/12/15,2.89
2018/12/16,2.89
2018/12/17,2.86
2018/12/18,2.82
2018/12/19,2.77
2018/12/20,2.79
2018/12/21,2.79
2018/12/22,2.79
2018/12/23,2.79
2018/12/24,2.74
2018/12/25,2.74
2018/12/26,2.81
2018/12/27,2.77
2018/12/28,2.72
2018/12/29,2.72
2018/12/30,2.72
2018/12/31,2.69
2019/1/1,2.69
2019/1/2,2.66
2019/1/3,2.56
2019/1/4,2.67
2019/1/5,2.67
2019/1/6,2.67
2019/1/7,2.7
2019/1/8,2.73
2019/1/9,2.74
2019/1/10,2.74
2019/1/11,2.71
2019/1/12,2.71
2019/1/13,2.71
2019/1/14,2.71
2019/1/15,2.72
2019/1/16,2.73
2019/1/17,2.75
2019/1/18,2.79
2019/1/19,2.79
2019/1/20,2.79
2019/1/21,2.79
2019/1/22,2.74
2019/1/23,2.76
2019/1/24,2.72
2019/1/25,2.76
2019/1/26,2.76
2019/1/27,2.76
2019/1/28,2.75
2019/1/29,2.72
2019/1/30,2.7
2019/1/31,2.63
2019/2/1,2.7
2019/2/2,2.7
2019/2/3,2.7
2019/2/4,2.73
2019/2/5,2.71
2019/2/6,2.7
2019/2/7,2.65
2019/2/8,2.63
2019/2/9,2.63
2019/2/10,2.63
2019/2/11,2.65
2019/2/12,2.68
2019/2/13,2.71
2019/2/14,2.66
2019/2/15,2.66
2019/2/16,2.66
2019/2/17,2.66
2019/2/18,2.66
2019/2/19,2.65
2019/2/20,2.65
2019/2/21,2.69
2019/2/22,2.65
2019/2/23,2.65
2019/2/24,2.65
2019/2/25,2.67
2019/2/26,2.64
2019/2/27,2.69
2019/2/28,2.73
2019/3/1,2.76
2019/3/2,2.76
2019/3/3,2.76
2019/3/4,2.72
2019/3/5,2.72
2019/3/6,2.69
2019/3/7,2.64
2019/3/8,2.62
2019/3/9,2.62
2019/3/10,2.62
2019/3/11,2.64
2019/3/12,2.61
2019/3/13,2.61
2019/3/14,2.63
2019/3/15,2.59
2019/3/16,2.59
2019/3/17,2.59
2019/3/18,2.6
2019/3/19,2.61
2019/3/20,2.54
2019/3/21,2.54
2019/3/22,2.44
2019/3/23,2.44
2019/3/24,2.44
2019/3/25,2.43
2019/3/26,2.41
2019/3/27,2.39
2019/3/28,2.39
2019/3/29,2.41
2019/3/30,2.41
2019/3/31,2.41
2019/4/1,2.49
2019/4/2,2.48
2019/4/3,2.52
2019/4/4,2.51
2019/4/5,2.5
2019/4/6,2.5
2019/4/7,2.5
2019/4/8,2.52
2019/4/9,2.51
2019/4/10,2.48
2019/4/11,2.51
2019/4/12,2.56
2019/4/13,2.56
2019/4/14,2.56
2019/4/15,2.55
2019/4/16,2.6
2019/4/17,2.59
2019/4/18,2.57
2019/4/19,2.57
2019/4/20,2.57
2019/4/21,2.57
2019/4/22,2.59
2019/4/23,2.57
2019/4/24,2.53
2019/4/25,2.54
2019/4/26,2.51
2019/4/27,2.51
2019/4/28,2.51
2019/4/29,2.54
2019/4/30,2.51
2019/5/1,2.52
2019/5/2,2.55
2019/5/3,2.54
2019/5/4,2.54
2019/5/5,2.54
2019/5/6,2.51
2019/5/7,2.45
2019/5/8,2.49
2019/5/9,2.45
2019/5/10,2.47
2019/5/11,2.47
2019/5/12,2.47
2019/5/13,2.4
2019/5/14,2.42
2019/5/15,2.37
2019/5/16,2.4
2019/5/17,2.39
2019/5/18,2.39
2019/5/19,2.39
2019/5/20,2.41
2019/5/21,2.43
2019/5/22,2.39
2019/5/23,2.31
2019/5/24,2.32
2019/5/25,2.32
2019/5/26,2.32
2019/5/27,2.32
2019/5/28,2.26
2019/5/29,2.25
2019/5/30,2.22
2019/5/31,2.14
2019/6/1,2.14
2019/6/2,2.14
2019/6/3,2.07
2019/6/4,2.12
2019/6/5,2.12
2019/6/6,2.12
2019/6/7,2.09
2019/6/8,2.09
2019/6/9,2.09
2019/6/10,2.15
2019/6/11,2.15
2019/6/12,2.13
2019/6/13,2.1
2019/6/14,2.09
2019/6/15,2.09
2019/6/16,2.09
2019/6/17,2.09
2019/6/18,2.06
2019/6/19,2.03
2019/6/20,2.01
2019/6/21,2.07
2019/6/22,2.07
2019/6/23,2.07
2019/6/24,2.02
2019/6/25,2
2019/6/26,2.05
2019/6/27,2.01
2019/6/28,2
2019/6/29,2
2019/6/30,2
2019/7/1,2.03
2019/7/2,1.98
2019/7/3,1.96
2019/7/4,1.96
2019/7/5,2.04
2019/7/6,2.04
2019/7/7,2.04
2019/7/8,2.05
2019/7/9,2.07
2019/7/10,2.07
2019/7/11,2.13
2019/7/12,2.12
2019/7/13,2.12
2019/7/14,2.12
2019/7/15,2.09
2019/7/16,2.13
2019/7/17,2.06
2019/7/18,2.04
2019/7/19,2.05
2019/7/20,2.05
2019/7/21,2.05
2019/7/22,2.05
2019/7/23,2.08
2019/7/24,2.05
2019/7/25,2.08
2019/7/26,2.08
2019/7/27,2.08
2019/7/28,2.08
2019/7/29,2.06
2019/7/30,2.06
2019/7/31,2.02
2019/8/1,1.9
2019/8/2,1.86
2019/8/3,1.86
2019/8/4,1.86
2019/8/5,1.75
2019/8/6,1.73
2019/8/7,1.71
2019/8/8,1.72
2019/8/9,1.74
2019/8/10,1.74
2019/8/11,1.74
2019/8/12,1.65
2019/8/13,1.68
2019/8/14,1.59
2019/8/15,1.52
2019/8/16,1.55
2019/8/17,1.55
2019/8/18,1.55
2019/8/19,1.6
2019/8/20,1.55
2019/8/21,1.59
2019/8/22,1.62
2019/8/23,1.52
2019/8/24,1.52
2019/8/25,1.52
2019/8/26,1.54
2019/8/27,1.49
2019/8/28,1.47
2019/8/29,1.5
2019/8/30,1.5
2019/8/31,1.5
2019/9/1,1.5
2019/9/2,1.5
2019/9/3,1.47
2019/9/4,1.47
2019/9/5,1.57
2019/9/6,1.55
2019/9/7,1.55
2019/9/8,1.55
2019/9/9,1.63
2019/9/10,1.72
2019/9/11,1.75
2019/9/12,1.79
2019/9/13,1.9
2019/9/14,1.9
2019/9/15,1.9
2019/9/16,1.84
2019/9/17,1.81
2019/9/18,1.8
2019/9/19,1.79
2019/9/20,1.74
2019/9/21,1.74
2019/9/22,1.74
2019/9/23,1.72
2019/9/24,1.64
2019/9/25,1.73
2019/9/26,1.7
2019/9/27,1.69
2019/9/28,1.69
2019/9/29,1.69
2019/9/30,1.68
2019/10/1,1.65
2019/10/2,1.6
2019/10/3,1.54
2019/10/4,1.52
2019/10/5,1.52
2019/10/6,1.52
2019/10/7,1.56
2019/10/8,1.54
2019/10/9,1.59
2019/10/10,1.67
2019/10/11,1.76
2019/10/12,1.76
2019/10/13,1.76
2019/10/14,1.76
2019/10/15,1.77
2019/10/16,1.75
2019/10/17,1.76
2019/10/18,1.76
2019/10/19,1.76
2019/10/20,1.76
2019/10/21,1.8
2019/10/22,1.78
2019/10/23,1.77
2019/10/24,1.77
2019/10/25,1.8
2019/10/26,1.8
2019/10/27,1.8
2019/10/28,1.85
2019/10/29,1.84
2019/10/30,1.78
2019/10/31,1.69
2019/11/1,1.73
2019/11/2,1.73
2019/11/3,1.73
2019/11/4,1.79
2019/11/5,1.86
2019/11/6,1.81
2019/11/7,1.92
2019/11/8,1.94
2019/11/9,1.94
2019/11/10,1.94
2019/11/11,1.94
2019/11/12,1.92
2019/11/13,1.88
2019/11/14,1.82
2019/11/15,1.84
2019/11/16,1.84
2019/11/17,1.84
2019/11/18,1.81
2019/11/19,1.79
2019/11/20,1.73
2019/11/21,1.77
2019/11/22,1.77
2019/11/23,1.77
2019/11/24,1.77
2019/11/25,1.76
2019/11/26,1.74
2019/11/27,1.77
2019/11/28,1.77
2019/11/29,1.78
2019/11/30,1.78
2019/12/1,1.78
2019/12/2,1.83
2019/12/3,1.72
2019/12/4,1.77
2019/12/5,1.8
2019/12/6,1.84
2019/12/7,1.84
2019/12/8,1.84
2019/12/9,1.83
2019/12/10,1.85
2019/12/11,1.79
2019/12/12,1.9
2019/12/13,1.82
2019/12/14,1.82
2019/12/15,1.82
2019/12/16,1.89
2019/12/17,1.89
2019/12/18,1.92
2019/12/19,1.92
2019/12/20,1.92
2019/12/21,1.92
2019/12/22,1.92
2019/12/23,1.93
2019/12/24,1.9
2019/12/25,1.9
2019/12/26,1.9
2019/12/27,1.88
2019/12/28,1.88
2019/12/29,1.88
2019/12/30,1.9
2019/12/31,1.92
2020/1/1,1.92
2020/1/2,1.88
2020/1/3,1.8
2020/1/4,1.8
2020/1/5,1.8
2020/1/6,1.81
2020/1/7,1.83
2020/1/8,1.87
2020/1/9,1.85
2020/1/10,1.83
2020/1/11,1.83
2020/1/12,1.83
2020/1/13,1.85
2020/1/14,1.82
2020/1/15,1.79
2020/1/16,1.81
2020/1/17,1.84
2020/1/18,1.84
2020/1/19,1.84
2020/1/20,1.84
2020/1/21,1.78
2020/1/22,1.77
2020/1/23,1.74
2020/1/24,1.7
2020/1/25,1.7
2020/1/26,1.7
2020/1/27,1.61
2020/1/28,1.65
2020/1/29,1.6
2020/1/30,1.57
2020/1/31,1.51
2020/2/1,1.51
2020/2/2,1.51
2020/2/3,1.54
2020/2/4,1.61
2020/2/5,1.66
2020/2/6,1.65
2020/2/7,1.59
2020/2/8,1.59
2020/2/9,1.59
2020/2/10,1.56
2020/2/11,1.59
2020/2/12,1.62
2020/2/13,1.61
2020/2/14,1.59
2020/2/15,1.59
2020/2/16,1.59
2020/2/17,1.59
2020/2/18,1.55
2020/2/19,1.56
2020/2/20,1.52
2020/2/21,1.46
2020/2/22,1.46
2020/2/23,1.46
2020/2/24,1.38
2020/2/25,1.33
2020/2/26,1.33
2020/2/27,1.3
2020/2/28,1.13
2020/2/29,1.13
2020/3/1,1.13
2020/3/2,1.1
2020/3/3,1.02
2020/3/4,1.02
2020/3/5,0.92
2020/3/6,0.74
2020/3/7,0.74
2020/3/8,0.74
2020/3/9,0.54
2020/3/10,0.76
2020/3/11,0.82
2020/3/12,0.88
2020/3/13,0.94
2020/3/14,0.94
2020/3/15,0.94
2020/3/16,0.73
2020/3/17,1.02
2020/3/18,1.18
2020/3/19,1.12
2020/3/20,0.92
2020/3/21,0.92
2020/3/22,0.92
2020/3/23,0.76
2020/3/24,0.84
2020/3/25,0.88
2020/3/26,0.83
2020/3/27,0.72
2020/3/28,0.72
2020/3/29,0.72
2020/3/30,0.7
2020/3/31,0.7
2020/4/1,0.62
2020/4/2,0.63
2020/4/3,0.62
2020/4/4,0.62
2020/4/5,0.62
2020/4/6,0.67
2020/4/7,0.75
2020/4/8,0.77
2020/4/9,0.73
2020/4/10,0.73
2020/4/11,0.73
2020/4/12,0.73
2020/4/13,0.76
2020/4/14,0.76
2020/4/15,0.63
2020/4/16,0.61
2020/4/17,0.65
2020/4/18,0.65
2020/4/19,0.65
2020/4/20,0.63
2020/4/21,0.58
2020/4/22,0.63
2020/4/23,0.61
2020/4/24,0.6
2020/4/25,0.6
2020/4/26,0.6
2020/4/27,0.67
2020/4/28,0.62
2020/4/29,0.63
2020/4/30,0.64
2020/5/1,0.64
2020/5/2,0.64
2020/5/3,0.64
2020/5/4,0.64
2020/5/5,0.66
2020/5/6,0.72
2020/5/7,0.63
2020/5/8,0.69
2020/5/9,0.69
2020/5/10,0.69
2020/5/11,0.73
2020/5/12,0.69
2020/5/13,0.64
2020/5/14,0.63
2020/5/15,0.64
2020/5/16,0.64
2020/5/17,0.64
2020/5/18,0.73
2020/5/19,0.7
2020/5/20,0.68
2020/5/21,0.68
2020/5/22,0.66
2020/5/23,0.66
2020/5/24,0.66
2020/5/25,0.66
2020/5/26,0.69
2020/5/27,0.68
2020/5/28,0.7
2020/5/29,0.65
2020/5/30,0.65
2020/5/31,0.65
2020/6/1,0.66
2020/6/2,0.68
2020/6/3,0.77
2020/6/4,0.82
2020/6/5,0.91
2020/6/6,0.91
2020/6/7,0.91
2020/6/8,0.88
2020/6/9,0.84
2020/6/10,0.75
2020/6/11,0.66
2020/6/12,0.71
2020/6/13,0.71
2020/6/14,0.71
2020/6/15,0.71
2020/6/16,0.75
2020/6/17,0.74
2020/6/18,0.71
2020/6/19,0.7
2020/6/20,0.7
2020/6/21,0.7
2020/6/22,0.71
2020/6/23,0.72
2020/6/24,0.69
2020/6/25,0.68
2020/6/26,0.64
2020/6/27,0.64
2020/6/28,0.64
2020/6/29,0.64
2020/6/30,0.66
2020/7/1,0.69
2020/7/2,0.68
2020/7/3,0.68
2020/7/4,0.68
2020/7/5,0.68
2020/7/6,0.69
2020/7/7,0.65
2020/7/8,0.67
2020/7/9,0.62
2020/7/10,0.65
2020/7/11,0.65
2020/7/12,0.65
2020/7/13,0.64
2020/7/14,0.63
2020/7/15,0.64
2020/7/16,0.62
2020/7/17,0.64
2020/7/18,0.64
2020/7/19,0.64
2020/7/20,0.62
2020/7/21,0.61
2020/7/22,0.6
2020/7/23,0.59
2020/7/24,0.59
2020/7/25,0.59
2020/7/26,0.59
2020/7/27,0.62
2020/7/28,0.59
2020/7/29,0.58
2020/7/30,0.55
2020/7/31,0.55
2020/8/1,0.55
2020/8/2,0.55
2020/8/3,0.56
2020/8/4,0.52
2020/8/5,0.55
2020/8/6,0.55
2020/8/7,0.57
2020/8/8,0.57
2020/8/9,0.57
2020/8/10,0.59
2020/8/11,0.64
2020/8/12,0.69
2020/8/13,0.71
2020/8/14,0.71
2020/8/15,0.71
2020/8/16,0.71
2020/8/17,0.69
2020/8/18,0.67
2020/8/19,0.68
2020/8/20,0.65
2020/8/21,0.64
2020/8/22,0.64
2020/8/23,0.64
2020/8/24,0.65
2020/8/25,0.69
2020/8/26,0.69
2020/8/27,0.74
2020/8/28,0.74
2020/8/29,0.74
2020/8/30,0.74
2020/8/31,0.72
2020/9/1,0.68
2020/9/2,0.66
2020/9/3,0.63
2020/9/4,0.72
2020/9/5,0.72
2020/9/6,0.72
2020/9/7,0.72
2020/9/8,0.69
2020/9/9,0.71
2020/9/10,0.71
2020/9/11,0.67
2020/9/12,0.67
2020/9/13,0.67
2020/9/14,0.68
2020/9/15,0.68
2020/9/16,0.69
2020/9/17,0.69
2020/9/18,0.7
2020/9/19,0.7
2020/9/20,0.7
2020/9/21,0.68
2020/9/22,0.68
2020/9/23,0.68
2020/9/24,0.67
2020/9/25,0.66
2020/9/26,0.66
2020/9/27,0.66
2020/9/28,0.67
2020/9/29,0.66
2020/9/30,0.69
2020/10/1,0.68
2020/10/2,0.7
2020/10/3,0.7
2020/10/4,0.7
2020/10/5,0.78
2020/10/6,0.76
2020/10/7,0.81
2020/10/8,0.78
2020/10/9,0.79
2020/10/10,0.79
2020/10/11,0.79
2020/10/12,0.79
2020/10/13,0.74
2020/10/14,0.73
2020/10/15,0.74
2020/10/16,0.76
2020/10/17,0.76
2020/10/18,0.76
2020/10/19,0.78
2020/10/20,0.81
2020/10/21,0.83
2020/10/22,0.87
2020/10/23,0.85
2020/10/24,0.85
2020/10/25,0.85
2020/10/26,0.81
2020/10/27,0.79
2020/10/28,0.79
2020/10/29,0.85
2020/10/30,0.88
2020/10/31,0.88
2020/11/1,0.88
2020/11/2,0.87
2020/11/3,0.9
2020/11/4,0.78
2020/11/5,0.79
2020/11/6,0.83
2020/11/7,0.83
2020/11/8,0.83
2020/11/9,0.96
2020/11/10,0.98
2020/11/11,0.98
2020/11/12,0.88
2020/11/13,0.89
2020/11/14,0.89
2020/11/15,0.89
2020/11/16,0.91
2020/11/17,0.87
2020/11/18,0.88
2020/11/19,0.86
2020/11/20,0.83
2020/11/21,0.83
2020/11/22,0.83
2020/11/23,0.86
2020/11/24,0.88
2020/11/25,0.88
2020/11/26,0.88
2020/11/27,0.84
2020/11/28,0.84
2020/11/29,0.84
2020/11/30,0.84
2020/12/1,0.92
2020/12/2,0.95
2020/12/3,0.92
2020/12/4,0.97
2020/12/5,0.97
2020/12/6,0.97
2020/12/7,0.94
2020/12/8,0.92
2020/12/9,0.95
2020/12/10,0.92
2020/12/11,0.9
2020/12/12,0.9
2020/12/13,0.9
2020/12/14,0.9
2020/12/15,0.92
2020/12/16,0.92
2020/12/17,0.94
2020/12/18,0.95
2020/12/19,0.95
2020/12/20,0.95
2020/12/21,0.95
2020/12/22,0.93
2020/12/23,0.96
2020/12/24,0.94
2020/12/25,0.94
2020/12/26,0.94
2020/12/27,0.94
2020/12/28,0.94
2020/12/29,0.94
2020/12/30,0.93
2020/12/31,0.93
2021/1/1,0.93
2021/1/2,0.93
2021/1/3,0.93
2021/1/4,0.93
2021/1/5,0.96
2021/1/6,1.04
2021/1/7,1.08
2021/1/8,1.13
2021/1/9,1.13
2021/1/10,1.13
2021/1/11,1.15
2021/1/12,1.15
2021/1/13,1.1
2021/1/14,1.15
2021/1/15,1.11
2021/1/16,1.11
2021/1/17,1.11
2021/1/18,1.11
2021/1/19,1.1
2021/1/20,1.1
2021/1/21,1.12
2021/1/22,1.1
2021/1/23,1.1
2021/1/24,1.1
2021/1/25,1.05
2021/1/26,1.05
2021/1/27,1.04
2021/1/28,1.07
2021/1/29,1.11
2021/1/30,1.11
2021/1/31,1.11
2021/2/1,1.09
2021/2/2,1.12
2021/2/3,1.15
2021/2/4,1.15
2021/2/5,1.19
2021/2/6,1.19
2021/2/7,1.19
2021/2/8,1.19
2021/2/9,1.18
2021/2/10,1.15
2021/2/11,1.16
2021/2/12,1.2
2021/2/13,1.2
2021/2/14,1.2
2021/2/15,1.2
2021/2/16,1.3
2021/2/17,1.29
2021/2/18,1.29
2021/2/19,1.34
2021/2/20,1.34
2021/2/21,1.34
2021/2/22,1.37
2021/2/23,1.37
2021/2/24,1.38
2021/2/25,1.54
2021/2/26,1.44
2021/2/27,1.44
2021/2/28,1.44
2021/3/1,1.45
2021/3/2,1.42
2021/3/3,1.47
2021/3/4,1.54
2021/3/5,1.56
2021/3/6,1.56
2021/3/7,1.56
2021/3/8,1.59
2021/3/9,1.55
2021/3/10,1.53
2021/3/11,1.54
2021/3/12,1.64
2021/3/13,1.64
2021/3/14,1.64
2021/3/15,1.62
2021/3/16,1.62
2021/3/17,1.63
2021/3/18,1.71
2021/3/19,1.74
2021/3/20,1.74
2021/3/21,1.74
2021/3/22,1.69
2021/3/23,1.63
2021/3/24,1.62
2021/3/25,1.63
2021/3/26,1.67
2021/3/27,1.67
2021/3/28,1.67
2021/3/29,1.73
2021/3/30,1.73
2021/3/31,1.74
2021/4/1,1.69
2021/4/2,1.72
2021/4/3,1.72
2021/4/4,1.72
2021/4/5,1.73
2021/4/6,1.67
2021/4/7,1.68
2021/4/8,1.64
2021/4/9,1.67
2021/4/10,1.67
2021/4/11,1.67
2021/4/12,1.69
2021/4/13,1.64
2021/4/14,1.64
2021/4/15,1.56
2021/4/16,1.59
2021/4/17,1.59
2021/4/18,1.59
2021/4/19,1.61
2021/4/20,1.58
2021/4/21,1.57
2021/4/22,1.57
2021/4/23,1.58
2021/4/24,1.58
2021/4/25,1.58
2021/4/26,1.58
2021/4/27,1.63
2021/4/28,1.63
2021/4/29,1.65
2021/4/30,1.65
2021/5/1,1.65
2021/5/2,1.65
2021/5/3,1.63
2021/5/4,1.61
2021/5/5,1.59
2021/5/6,1.58
2021/5/7,1.6
2021/5/8,1.6
2021/5/9,1.6
2021/5/10,1.63
2021/5/11,1.64
2021/5/12,1.69
2021/5/13,1.66
2021/5/14,1.63
2021/5/15,1.63
2021/5/16,1.63
2021/5/17,1.64
2021/5/18,1.64
2021/5/19,1.68
2021/5/20,1.63
2021/5/21,1.63
2021/5/22,1.63
2021/5/23,1.63
2021/5/24,1.61
2021/5/25,1.56
2021/5/26,1.58
2021/5/27,1.61
2021/5/28,1.58
2021/5/29,1.58
2021/5/30,1.58
2021/5/31,1.58
2021/6/1,1.62
2021/6/2,1.59
2021/6/3,1.63
2021/6/4,1.56
2021/6/5,1.56
2021/6/6,1.56
2021/6/7,1.57
2021/6/8,1.53
2021/6/9,1.5
2021/6/10,1.45
2021/6/11,1.47
2021/6/12,1.47
2021/6/13,1.47
2021/6/14,1.51
2021/6/15,1.51
2021/6/16,1.57
2021/6/17,1.52
2021/6/18,1.45
2021/6/19,1.45
2021/6/20,1.45
2021/6/21,1.5
2021/6/22,1.48
2021/6/23,1.5
2021/6/24,1.49
2021/6/25,1.54
2021/6/26,1.54
2021/6/27,1.54
2021/6/28,1.49
2021/6/29,1.49
2021/6/30,1.45
2021/7/1,1.48
2021/7/2,1.44
2021/7/3,1.44
2021/7/4,1.44
2021/7/5,1.44
2021/7/6,1.37
2021/7/7,1.33
2021/7/8,1.3
2021/7/9,1.37
2021/7/10,1.37
2021/7/11,1.37
2021/7/12,1.38
2021/7/13,1.42
2021/7/14,1.37
2021/7/15,1.31
2021/7/16,1.31
2021/7/17,1.31
2021/7/18,1.31
2021/7/19,1.19
2021/7/20,1.23
2021/7/21,1.3
2021/7/22,1.27
2021/7/23,1.3
2021/7/24,1.3
2021/7/25,1.3
2021/7/26,1.29
2021/7/27,1.25
2021/7/28,1.26
2021/7/29,1.28
2021/7/30,1.24
2021/7/31,1.24
2021/8/1,1.24
2021/8/2,1.2
2021/8/3,1.19
2021/8/4,1.19
2021/8/5,1.23
2021/8/6,1.31
2021/8/7,1.31
2021/8/8,1.31
2021/8/9,1.33
2021/8/10,1.36
2021/8/11,1.35
2021/8/12,1.36
2021/8/13,1.29
2021/8/14,1.29
2021/8/15,1.29
2021/8/16,1.26
2021/8/17,1.26
2021/8/18,1.27
2021/8/19,1.24
2021/8/20,1.26
2021/8/21,1.26
2021/8/22,1.26
2021/8/23,1.25
2021/8/24,1.29
2021/8/25,1.35
2021/8/26,1.34
2021/8/27,1.31
2021/8/28,1.31
2021/8/29,1.31
2021/8/30,1.29
2021/8/31,1.3
2021/9/1,1.31
2021/9/2,1.29
2021/9/3,1.33
2021/9/4,1.33
2021/9/5,1.33
2021/9/6,1.33
2021/9/7,1.38
2021/9/8,1.35
2021/9/9,1.3
2021/9/10,1.35
2021/9/11,1.35
2021/9/12,1.35
2021/9/13,1.33
2021/9/14,1.28
2021/9/15,1.31
2021/9/16,1.34
2021/9/17,1.37
2021/9/18,1.37
2021/9/19,1.37
2021/9/20,1.31
2021/9/21,1.33
2021/9/22,1.32
2021/9/23,1.41
2021/9/24,1.47
2021/9/25,1.47
2021/9/26,1.47
2021/9/27,1.48
2021/9/28,1.54
2021/9/29,1.55
2021/9/30,1.52
2021/10/1,1.48
2021/10/2,1.48
2021/10/3,1.48
2021/10/4,1.49
2021/10/5,1.54
2021/10/6,1.53
2021/10/7,1.58
2021/10/8,1.61
2021/10/9,1.61
2021/10/10,1.61
2021/10/11,1.61
2021/10/12,1.59
2021/10/13,1.56
2021/10/14,1.52
2021/10/15,1.59
2021/10/16,1.59
2021/10/17,1.59
2021/10/18,1.59
2021/10/19,1.65
2021/10/20,1.65
2021/10/21,1.68
2021/10/22,1.66
2021/10/23,1.66
2021/10/24,1.66
2021/10/25,1.64
2021/10/26,1.63
2021/10/27,1.54
2021/10/28,1.57
2021/10/29,1.55
2021/10/30,1.55
2021/10/31,1.55
2021/11/1,1.58
2021/11/2,1.56
2021/11/3,1.6
2021/11/4,1.53
2021/11/5,1.45
2021/11/6,1.45
2021/11/7,1.45
2021/11/8,1.51
2021/11/9,1.46
2021/11/10,1.56
2021/11/11,1.56
2021/11/12,1.58
2021/11/13,1.58
2021/11/14,1.58
2021/11/15,1.63
2021/11/16,1.63
2021/11/17,1.6
2021/11/18,1.59
2021/11/19,1.54
2021/11/20,1.54
2021/11/21,1.54
2021/11/22,1.63
2021/11/23,1.67
2021/11/24,1.64
2021/11/25,1.64
2021/11/26,1.48
2021/11/27,1.48
2021/11/28,1.48
2021/11/29,1.52
2021/11/30,1.43
2021/12/1,1.43
2021/12/2,1.44
2021/12/3,1.35
2021/12/4,1.35
2021/12/5,1.35
2021/12/6,1.43
2021/12/7,1.48
2021/12/8,1.52
2021/12/9,1.49
2021/12/10,1.48
2021/12/11,1.48
2021/12/12,1.48
2021/12/13,1.42
2021/12/14,1.44
2021/12/15,1.47
2021/12/16,1.44
2021/12/17,1.41
2021/12/18,1.41
2021/12/19,1.41
2021/12/20,1.43
2021/12/21,1.48
2021/12/22,1.46
2021/12/23,1.5
2021/12/24,1.5
2021/12/25,1.5
2021/12/26,1.5
2021/12/27,1.48
2021/12/28,1.49
2021/12/29,1.55
2021/12/30,1.52
2021/12/31,1.52
2022/1/1,1.52
2022/1/2,1.52
2022/1/3,1.63
2022/1/4,1.66
2022/1/5,1.71
2022/1/6,1.73
2022/1/7,1.76
2022/1/8,1.76
2022/1/9,1.76
2022/1/10,1.78
2022/1/11,1.75
2022/1/12,1.74
2022/1/13,1.7
2022/1/14,1.78
2022/1/15,1.78
2022/1/16,1.78
2022/1/17,1.78
2022/1/18,1.87
2022/1/19,1.83
2022/1/20,1.83
2022/1/21,1.75
2022/1/22,1.75
2022/1/23,1.75
2022/1/24,1.75
2022/1/25,1.78
2022/1/26,1.85
2022/1/27,1.81
2022/1/28,1.78
2022/1/29,1.78
2022/1/30,1.78
2022/1/31,1.79
2022/2/1,1.81
2022/2/2,1.78
2022/2/3,1.82
2022/2/4,1.93
2022/2/5,1.93
2022/2/6,1.93
2022/2/7,1.92
2022/2/8,1.96
2022/2/9,1.94
2022/2/10,2.03
2022/2/11,1.92
2022/2/12,1.92
2022/2/13,1.92
2022/2/14,1.98
2022/2/15,2.05
2022/2/16,2.03
2022/2/17,1.97
2022/2/18,1.92
2022/2/19,1.92
2022/2/20,1.92
2022/2/21,1.92
2022/2/22,1.94
2022/2/23,1.99
2022/2/24,1.96
2022/2/25,1.97
2022/2/26,1.97
2022/2/27,1.97
2022/2/28,1.83
2022/3/1,1.72
2022/3/2,1.86
2022/3/3,1.86
2022/3/4,1.74
2022/3/5,1.74
2022/3/6,1.74
2022/3/7,1.78
2022/3/8,1.86
2022/3/9,1.94
2022/3/10,1.98
2022/3/11,2
2022/3/12,2
2022/3/13,2
2022/3/14,2.14
2022/3/15,2.15
2022/3/16,2.19
2022/3/17,2.2
2022/3/18,2.14
2022/3/19,2.14
2022/3/20,2.14
2022/3/21,2.32
2022/3/22,2.38
2022/3/23,2.32
2022/3/24,2.34
2022/3/25,2.48
2022/3/26,2.48
2022/3/27,2.48
2022/3/28,2.46
2022/3/29,2.41
2022/3/30,2.35
2022/3/31,2.32
2022/4/1,2.39
2022/4/2,2.39
2022/4/3,2.39
2022/4/4,2.42
2022/4/5,2.54
2022/4/6,2.61
2022/4/7,2.66
2022/4/8,2.72
2022/4/9,2.72
2022/4/10,2.72
2022/4/11,2.79
2022/4/12,2.72
2022/4/13,2.7
2022/4/14,2.83
2022/4/15,2.83
2022/4/16,2.83
2022/4/17,2.83
2022/4/18,2.85
2022/4/19,2.93
2022/4/20,2.85
2022/4/21,2.9
2022/4/22,2.9
2022/4/23,2.9
2022/4/24,2.9
2022/4/25,2.81
2022/4/26,2.77
2022/4/27,2.82
2022/4/28,2.85
2022/4/29,2.89
2022/4/30,2.89
2022/5/1,2.89
2022/5/2,2.99
2022/5/3,2.97
2022/5/4,2.93
2022/5/5,3.05
2022/5/6,3.12
2022/5/7,3.12
2022/5/8,3.12
2022/5/9,3.05
2022/5/10,2.99
2022/5/11,2.91
2022/5/12,2.84
2022/5/13,2.93
2022/5/14,2.93
2022/5/15,2.93
2022/5/16,2.88
2022/5/17,2.98
2022/5/18,2.89
2022/5/19,2.84
2022/5/20,2.78
2022/5/21,2.78
2022/5/22,2.78
2022/5/23,2.86
2022/5/24,2.76
2022/5/25,2.75
2022/5/26,2.75
2022/5/27,2.74
2022/5/28,2.74
2022/5/29,2.74
2022/5/30,2.74
2022/5/31,2.85
2022/6/1,2.94
2022/6/2,2.92
2022/6/3,2.96
2022/6/4,2.96
2022/6/5,2.96
2022/6/6,3.04
2022/6/7,2.98
2022/6/8,3.03
2022/6/9,3.04
2022/6/10,3.15
2022/6/11,3.15
2022/6/12,3.15
2022/6/13,3.43
2022/6/14,3.49
2022/6/15,3.33
2022/6/16,3.28
2022/6/17,3.25
2022/6/18,3.25
2022/6/19,3.25
2022/6/20,3.25
2022/6/21,3.31
2022/6/22,3.16
2022/6/23,3.09
2022/6/24,3.13
2022/6/25,3.13
2022/6/26,3.13
2022/6/27,3.2
2022/6/28,3.2
2022/6/29,3.1
2022/6/30,2.98
2022/7/1,2.88
2022/7/2,2.88
2022/7/3,2.88
2022/7/4,2.88
2022/7/5,2.82
2022/7/6,2.93
2022/7/7,3.01
2022/7/8,3.09
2022/7/9,3.09
2022/7/10,3.09
2022/7/11,2.99
2022/7/12,2.96
2022/7/13,2.91
2022/7/14,2.96
2022/7/15,2.93
2022/7/16,2.93
2022/7/17,2.93
2022/7/18,2.96
2022/7/19,3.01
2022/7/20,3.04
2022/7/21,2.91
2022/7/22,2.77
2022/7/23,2.77
2022/7/24,2.77
2022/7/25,2.81
2022/7/26,2.81
2022/7/27,2.78
2022/7/28,2.68
2022/7/29,2.67
2022/7/30,2.67
2022/7/31,2.67
2022/8/1,2.6
2022/8/2,2.75
2022/8/3,2.73
2022/8/4,2.68
2022/8/5,2.83
2022/8/6,2.83
2022/8/7,2.83
2022/8/8,2.77
2022/8/9,2.8
2022/8/10,2.78
2022/8/11,2.87
2022/8/12,2.84
2022/8/13,2.84
2022/8/14,2.84
2022/8/15,2.79
2022/8/16,2.82
2022/8/17,2.89
2022/8/18,2.88
2022/8/19,2.98
2022/8/20,2.98
2022/8/21,2.98
2022/8/22,3.03
2022/8/23,3.05
2022/8/24,3.11
2022/8/25,3.03
2022/8/26,3.04
2022/8/27,3.04
2022/8/28,3.04
2022/8/29,3.12
2022/8/30,3.11
2022/8/31,3.15
2022/9/1,3.26
2022/9/2,3.2
2022/9/3,3.2
2022/9/4,3.2
2022/9/5,3.2
2022/9/6,3.33
2022/9/7,3.27
2022/9/8,3.29
2022/9/9,3.33
2022/9/10,3.33
2022/9/11,3.33
2022/9/12,3.37
2022/9/13,3.42
2022/9/14,3.41
2022/9/15,3.45
2022/9/16,3.45
2022/9/17,3.45
2022/9/18,3.45
2022/9/19,3.49
2022/9/20,3.57
2022/9/21,3.51
2022/9/22,3.7
2022/9/23,3.69
2022/9/24,3.69
2022/9/25,3.69
2022/9/26,3.88
2022/9/27,3.97
2022/9/28,3.72
2022/9/29,3.76
2022/9/30,3.83
2022/10/1,3.83
2022/10/2,3.83
2022/10/3,3.67
2022/10/4,3.62
2022/10/5,3.76
2022/10/6,3.83
2022/10/7,3.89
2022/10/8,3.89
2022/10/9,3.89
2022/10/10,3.89
2022/10/11,3.93
2022/10/12,3.91
2022/10/13,3.97
2022/10/14,4
2022/10/15,4
2022/10/16,4
2022/10/17,4.02
2022/10/18,4.01
2022/10/19,4.14
2022/10/20,4.24
2022/10/21,4.21
2022/10/22,4.21
2022/10/23,4.21
2022/10/24,4.25
2022/10/25,4.1
2022/10/26,4.04
2022/10/27,3.96
2022/10/28,4.02
2022/10/29,4.02
2022/10/30,4.02
2022/10/31,4.1
2022/11/1,4.07
2022/11/2,4.1
2022/11/3,4.14
2022/11/4,4.17
2022/11/5,4.17
2022/11/6,4.17
2022/11/7,4.22
2022/11/8,4.14
2022/11/9,4.12
2022/11/10,3.82
2022/11/11,3.82
2022/11/12,3.82
2022/11/13,3.82
2022/11/14,3.88
2022/11/15,3.8
2022/11/16,3.67
2022/11/17,3.77
2022/11/18,3.82
2022/11/19,3.82
2022/11/20,3.82
2022/11/21,3.83
2022/11/22,3.76
2022/11/23,3.71
2022/11/24,3.71
2022/11/25,3.68
2022/11/26,3.68
2022/11/27,3.68
2022/11/28,3.69
2022/11/29,3.75
2022/11/30,3.68
2022/12/1,3.53
2022/12/2,3.51
2022/12/3,3.51
2022/12/4,3.51
2022/12/5,3.6
2022/12/6,3.51
2022/12/7,3.42
2022/12/8,3.48
2022/12/9,3.57
2022/12/10,3.57
2022/12/11,3.57
2022/12/12,3.61
2022/12/13,3.51
2022/12/14,3.49
2022/12/15,3.44
2022/12/16,3.48
2022/12/17,3.48
2022/12/18,3.48
2022/12/19,3.57
2022/12/20,3.69
2022/12/21,3.68
2022/12/22,3.67
2022/12/23,3.75
2022/12/24,3.75
2022/12/25,3.75
2022/12/26,3.75
2022/12/27,3.84
2022/12/28,3.88
2022/12/29,3.83
2022/12/30,3.88
2022/12/31,3.88
2023/1/1,3.88
2023/1/2,3.88
2023/1/3,3.79
2023/1/4,3.69
2023/1/5,3.71
2023/1/6,3.55
2023/1/7,3.55
2023/1/8,3.55
2023/1/9,3.53
2023/1/10,3.61
2023/1/11,3.54
2023/1/12,3.43
2023/1/13,3.49
2023/1/14,3.49
2023/1/15,3.49
2023/1/16,3.49
2023/1/17,3.53
2023/1/18,3.37
2023/1/19,3.39
2023/1/20,3.48
2023/1/21,3.48
2023/1/22,3.48
2023/1/23,3.52
2023/1/24,3.46
2023/1/25,3.46
2023/1/26,3.49
2023/1/27,3.52
2023/1/28,3.52
2023/1/29,3.52
2023/1/30,3.55
2023/1/31,3.52
2023/2/1,3.39
2023/2/2,3.4
2023/2/3,3.53
2023/2/4,3.53
2023/2/5,3.53
2023/2/6,3.63
2023/2/7,3.67
2023/2/8,3.63
2023/2/9,3.67
2023/2/10,3.74
2023/2/11,3.74
2023/2/12,3.74
2023/2/13,3.72
2023/2/14,3.77
2023/2/15,3.81
2023/2/16,3.86
2023/2/17,3.82
2023/2/18,3.82
2023/2/19,3.82
2023/2/20,3.82
2023/2/21,3.95
2023/2/22,3.93
2023/2/23,3.88
2023/2/24,3.95
2023/2/25,3.95
2023/2/26,3.95
2023/2/27,3.92
2023/2/28,3.92
2023/3/1,4.01
2023/3/2,4.08
2023/3/3,3.97
2023/3/4,3.97
2023/3/5,3.97
2023/3/6,3.98
2023/3/7,3.97
2023/3/8,3.98
2023/3/9,3.93
2023/3/10,3.7
2023/3/11,3.7
2023/3/12,3.7
2023/3/13,3.55
2023/3/14,3.64
2023/3/15,3.51
2023/3/16,3.56
2023/3/17,3.39
2023/3/18,3.39
2023/3/19,3.39
2023/3/20,3.47
2023/3/21,3.59
2023/3/22,3.48
2023/3/23,3.38
2023/3/24,3.38
2023/3/25,3.38
2023/3/26,3.38
2023/3/27,3.53
2023/3/28,3.55
2023/3/29,3.57
2023/3/30,3.55
2023/3/31,3.48
2023/4/1,3.48
2023/4/2,3.48
2023/4/3,3.43
2023/4/4,3.35
2023/4/5,3.3
2023/4/6,3.3
2023/4/7,3.39
2023/4/8,3.39
2023/4/9,3.39
2023/4/10,3.41
2023/4/11,3.43
2023/4/12,3.41
2023/4/13,3.45
2023/4/14,3.52
2023/4/15,3.52
2023/4/16,3.52
2023/4/17,3.6
2023/4/18,3.58
2023/4/19,3.6
2023/4/20,3.54
2023/4/21,3.57
2023/4/22,3.57
2023/4/23,3.57
2023/4/24,3.52
2023/4/25,3.4
2023/4/26,3.43
2023/4/27,3.53
2023/4/28,3.44
2023/4/29,3.44
2023/4/30,3.44
2023/5/1,3.59
2023/5/2,3.44
2023/5/3,3.38
2023/5/4,3.37
2023/5/5,3.44
2023/5/6,3.44
2023/5/7,3.44
2023/5/8,3.52
2023/5/9,3.53
2023/5/10,3.43
2023/5/11,3.39
2023/5/12,3.46
2023/5/13,3.46
2023/5/14,3.46
2023/5/15,3.5
2023/5/16,3.54
2023/5/17,3.57
2023/5/18,3.65
2023/5/19,3.7
2023/5/20,3.7
2023/5/21,3.7
2023/5/22,3.72
2023/5/23,3.7
2023/5/24,3.73
2023/5/25,3.83
2023/5/26,3.8
2023/5/27,3.8
2023/5/28,3.8
2023/5/29,3.8
2023/5/30,3.69
2023/5/31,3.64
2023/6/1,3.61
2023/6/2,3.69
2023/6/3,3.69
2023/6/4,3.69
2023/6/5,3.69
2023/6/6,3.7
2023/6/7,3.79
2023/6/8,3.73
2023/6/9,3.75
2023/6/10,3.75
2023/6/11,3.75
2023/6/12,3.73
2023/6/13,3.84
2023/6/14,3.83
2023/6/15,3.72
2023/6/16,3.77
2023/6/17,3.77
2023/6/18,3.77
2023/6/19,3.77
2023/6/20,3.74
2023/6/21,3.72
2023/6/22,3.8
2023/6/23,3.74
2023/6/24,3.74
2023/6/25,3.74
2023/6/26,3.72
2023/6/27,3.77
2023/6/28,3.71
2023/6/29,3.85
2023/6/30,3.81
2023/7/1,3.81
2023/7/2,3.81
2023/7/3,3.86
2023/7/4,3.86
2023/7/5,3.95
2023/7/6,4.05
2023/7/7,4.06
2023/7/8,4.06
2023/7/9,4.06
2023/7/10,4.01
2023/7/11,3.99
2023/7/12,3.86
2023/7/13,3.76
2023/7/14,3.83
2023/7/15,3.83
2023/7/16,3.83
2023/7/17,3.81
2023/7/18,3.8
2023/7/19,3.75
2023/7/20,3.85
2023/7/21,3.84
2023/7/22,3.84
2023/7/23,3.84
2023/7/24,3.86
2023/7/25,3.91
2023/7/26,3.86
2023/7/27,4.01
2023/7/28,3.96
2023/7/29,3.96
2023/7/30,3.96
2023/7/31,3.97
2023/8/1,4.05
2023/8/2,4.08
2023/8/3,4.2
2023/8/4,4.05
2023/8/5,4.05
2023/8/6,4.05
2023/8/7,4.09
2023/8/8,4.02
2023/8/9,4
2023/8/10,4.09
2023/8/11,4.16
2023/8/12,4.16
2023/8/13,4.16
2023/8/14,4.19
2023/8/15,4.21
2023/8/16,4.28
2023/8/17,4.3
2023/8/18,4.26
2023/8/19,4.26
2023/8/20,4.26
2023/8/21,4.34
2023/8/22,4.34
2023/8/23,4.19
2023/8/24,4.23
2023/8/25,4.25
2023/8/26,4.25
2023/8/27,4.25
2023/8/28,4.2
2023/8/29,4.12
2023/8/30,4.12
2023/8/31,4.09
2023/9/1,4.18
2023/9/2,4.18
2023/9/3,4.18
2023/9/4,4.18
2023/9/5,4.27
2023/9/6,4.3
2023/9/7,4.27
2023/9/8,4.26
2023/9/9,4.26
2023/9/10,4.26
2023/9/11,4.29
2023/9/12,4.27
2023/9/13,4.25
2023/9/14,4.29
2023/9/15,4.33
2023/9/16,4.33
2023/9/17,4.33
2023/9/18,4.32
2023/9/19,4.37
2023/9/20,4.35
2023/9/21,4.49
2023/9/22,4.44
2023/9/23,4.44
2023/9/24,4.44
2023/9/25,4.55
2023/9/26,4.56
2023/9/27,4.61
2023/9/28,4.59
2023/9/29,4.59
2023/9/30,4.59
2023/10/1,4.59
2023/10/2,4.69
2023/10/3,4.81
2023/10/4,4.73
2023/10/5,4.72
2023/10/6,4.78
2023/10/7,4.78
2023/10/8,4.78
2023/10/9,4.78
2023/10/10,4.66
2023/10/11,4.58
2023/10/12,4.7
2023/10/13,4.63
2023/10/14,4.63
2023/10/15,4.63
2023/10/16,4.71
2023/10/17,4.83
2023/10/18,4.91
2023/10/19,4.98
2023/10/20,4.93
2023/10/21,4.93
2023/10/22,4.93
2023/10/23,4.86
2023/10/24,4.83
2023/10/25,4.95
2023/10/26,4.86
2023/10/27,4.84
2023/10/28,4.84
2023/10/29,4.84
2023/10/30,4.88
2023/10/31,4.88
2023/11/1,4.77
2023/11/2,4.67
2023/11/3,4.57
2023/11/4,4.57
2023/11/5,4.57
2023/11/6,4.67
2023/11/7,4.58
2023/11/8,4.49
2023/11/9,4.62
2023/11/10,4.61
2023/11/11,4.61
2023/11/12,4.61
2023/11/13,4.63
2023/11/14,4.44
2023/11/15,4.53
2023/11/16,4.45
2023/11/17,4.44
2023/11/18,4.44
2023/11/19,4.44
2023/11/20,4.42
2023/11/21,4.41
2023/11/22,4.42
2023/11/23,4.42
2023/11/24,4.47
2023/11/25,4.47
2023/11/26,4.47
2023/11/27,4.39
2023/11/28,4.34
2023/11/29,4.27
2023/11/30,4.37
2023/12/1,4.22
2023/12/2,4.22
2023/12/3,4.22
2023/12/4,4.28
2023/12/5,4.18
2023/12/6,4.12
2023/12/7,4.14
2023/12/8,4.23
2023/12/9,4.23
2023/12/10,4.23
2023/12/11,4.23
2023/12/12,4.2
2023/12/13,4.04
2023/12/14,3.92
2023/12/15,3.91
2023/12/16,3.91
2023/12/17,3.91
2023/12/18,3.95
2023/12/19,3.93
2023/12/20,3.86
2023/12/21,3.89
2023/12/22,3.9
2023/12/23,3.9
2023/12/24,3.9
2023/12/25,3.9
2023/12/26,3.89
2023/12/27,3.79
2023/12/28,3.84
2023/12/29,3.88
2023/12/30,3.88
2023/12/31,3.88
2024/1/1,3.88
2024/1/2,3.95
2024/1/3,3.91
2024/1/4,3.99
2024/1/5,4.05
2024/1/6,4.05
2024/1/7,4.05
2024/1/8,4.01
2024/1/9,4.02
2024/1/10,4.04
2024/1/11,3.98
2024/1/12,3.96
2024/1/13,3.96
2024/1/14,3.96
2024/1/15,3.96
2024/1/16,4.07
2024/1/17,4.1
2024/1/18,4.14
2024/1/19,4.15
2024/1/20,4.15
2024/1/21,4.15
2024/1/22,4.11
2024/1/23,4.14
2024/1/24,4.18
2024/1/25,4.14
2024/1/26,4.15
2024/1/27,4.15
2024/1/28,4.15
2024/1/29,4.08
2024/1/30,4.06
2024/1/31,3.99
2024/2/1,3.87
2024/2/2,4.03
2024/2/3,4.03
2024/2/4,4.03
2024/2/5,4.17
2024/2/6,4.09
2024/2/7,4.09
2024/2/8,4.15
2024/2/9,4.17
2024/2/10,4.17
2024/2/11,4.17
2024/2/12,4.17
2024/2/13,4.31
2024/2/14,4.27
2024/2/15,4.24
2024/2/16,4.3
2024/2/17,4.3
2024/2/18,4.3
2024/2/19,4.3
2024/2/20,4.27
2024/2/21,4.32
2024/2/22,4.33
2024/2/23,4.26
2024/2/24,4.26
2024/2/25,4.26
2024/2/26,4.28
2024/2/27,4.31
2024/2/28,4.27
2024/2/29,4.25
2024/3/1,4.19
2024/3/2,4.19
2024/3/3,4.19
2024/3/4,4.22
2024/3/5,4.13
2024/3/6,4.11
2024/3/7,4.09
2024/3/8,4.09
2024/3/9,4.09
2024/3/10,4.09
2024/3/11,4.1
2024/3/12,4.16
2024/3/13,4.19
2024/3/14,4.29
2024/3/15,4.31
2024/3/16,4.31
2024/3/17,4.31
2024/3/18,4.34
2024/3/19,4.3
2024/3/20,4.27
2024/3/21,4.27
2024/3/22,4.22
2024/3/23,4.22
2024/3/24,4.22
2024/3/25,4.25
2024/3/26,4.24
2024/3/27,4.2
2024/3/28,4.2
2024/3/29,4.2
2024/3/30,4.2
2024/3/31,4.2
2024/4/1,4.33
2024/4/2,4.36
2024/4/3,4.36
2024/4/4,4.31
2024/4/5,4.39
2024/4/6,4.39
2024/4/7,4.39
2024/4/8,4.42
2024/4/9,4.36
2024/4/10,4.55
2024/4/11,4.56
2024/4/12,4.5
2024/4/13,4.5
2024/4/14,4.5
2024/4/15,4.63
2024/4/16,4.67
2024/4/17,4.59
2024/4/18,4.64
2024/4/19,4.62
2024/4/20,4.62
2024/4/21,4.62
2024/4/22,4.62
2024/4/23,4.61
2024/4/24,4.65
2024/4/25,4.7
2024/4/26,4.67
2024/4/27,4.67
2024/4/28,4.67
2024/4/29,4.63
2024/4/30,4.69
2024/5/1,4.63
2024/5/2,4.58
2024/5/3,4.5
2024/5/4,4.5
2024/5/5,4.5
2024/5/6,4.49
2024/5/7,4.47
2024/5/8,4.48
2024/5/9,4.45
2024/5/10,4.5
2024/5/11,4.5
2024/5/12,4.5
2024/5/13,4.48
2024/5/14,4.45
2024/5/15,4.36
2024/5/16,4.38
2024/5/17,4.42
2024/5/18,4.42
2024/5/19,4.42
2024/5/20,4.44
2024/5/21,4.41
2024/5/22,4.43
2024/5/23,4.47
2024/5/24,4.46
2024/5/25,4.46
2024/5/26,4.46
2024/5/27,4.46
2024/5/28,4.54
2024/5/29,4.61
2024/5/30,4.55
2024/5/31,4.51
2024/6/1,4.51
2024/6/2,4.51
2024/6/3,4.41
2024/6/4,4.33
2024/6/5,4.29
2024/6/6,4.28
2024/6/7,4.43
2024/6/8,4.43
2024/6/9,4.43
2024/6/10,4.47
2024/6/11,4.39
2024/6/12,4.31
2024/6/13,4.24
2024/6/14,4.2
2024/6/15,4.2
2024/6/16,4.2
2024/6/17,4.28
2024/6/18,4.22
2024/6/19,4.22
2024/6/20,4.25
2024/6/21,4.25
2024/6/22,4.25
2024/6/23,4.25
2024/6/24,4.25
2024/6/25,4.23
2024/6/26,4.32
2024/6/27,4.29
2024/6/28,4.36
2024/6/29,4.36
2024/6/30,4.36
2024/7/1,4.48
2024/7/2,4.43
2024/7/3,4.36
2024/7/4,4.36
2024/7/5,4.28
2024/7/6,4.28
2024/7/7,4.28
2024/7/8,4.28
2024/7/9,4.3
2024/7/10,4.28
2024/7/11,4.2
2024/7/12,4.18
2024/7/13,4.18
2024/7/14,4.18
2024/7/15,4.23
2024/7/16,4.17
2024/7/17,4.16
2024/7/18,4.2
2024/7/19,4.25
2024/7/20,4.25
2024/7/21,4.25
2024/7/22,4.26
2024/7/23,4.25
2024/7/24,4.28
2024/7/25,4.27
2024/7/26,4.2
2024/7/27,4.2
2024/7/28,4.2
2024/7/29,4.17
2024/7/30,4.15
2024/7/31,4.09
2024/8/1,3.99
2024/8/2,3.8
2024/8/3,3.8
2024/8/4,3.8
2024/8/5,3.78
2024/8/6,3.9
2024/8/7,3.96
2024/8/8,3.99
2024/8/9,3.94
2024/8/10,3.94
2024/8/11,3.94
2024/8/12,3.9
2024/8/13,3.85
2024/8/14,3.83
2024/8/15,3.92
2024/8/16,3.89
2024/8/17,3.89
2024/8/18,3.89
2024/8/19,3.86
2024/8/20,3.82
2024/8/21,3.79
2024/8/22,3.86
2024/8/23,3.81
2024/8/24,3.81
2024/8/25,3.81
2024/8/26,3.82
2024/8/27,3.83
2024/8/28,3.84
2024/8/29,3.87
2024/8/30,3.91
2024/8/31,3.91
2024/9/1,3.91
2024/9/2,3.91
2024/9/3,3.84
2024/9/4,3.77
2024/9/5,3.73
2024/9/6,3.72
2024/9/7,3.72
2024/9/8,3.72
2024/9/9,3.7
2024/9/10,3.65
2024/9/11,3.65
2024/9/12,3.68
2024/9/13,3.66
2024/9/14,3.66
2024/9/15,3.66
2024/9/16,3.63
2024/9/17,3.65
2024/9/18,3.7
2024/9/19,3.73
2024/9/20,3.73
2024/9/21,3.73
2024/9/22,3.73
2024/9/23,3.75
2024/9/24,3.74
2024/9/25,3.79
2024/9/26,3.79
2024/9/27,3.75
2024/9/28,3.75
2024/9/29,3.75
2024/9/30,3.81
2024/10/1,3.74
2024/10/2,3.79
2024/10/3,3.85
2024/10/4,3.98
2024/10/5,3.98
2024/10/6,3.98
2024/10/7,4.03
2024/10/8,4.04
2024/10/9,4.06
2024/10/10,4.09
2024/10/11,4.08
2024/10/12,4.08
2024/10/13,4.08
2024/10/14,4.08
2024/10/15,4.03
2024/10/16,4.02
2024/10/17,4.09
2024/10/18,4.08
2024/10/19,4.08
2024/10/20,4.08
2024/10/21,4.19
2024/10/22,4.2
2024/10/23,4.24
2024/10/24,4.21
2024/10/25,4.25
2024/10/26,4.25
2024/10/27,4.25
2024/10/28,4.28
2024/10/29,4.28
2024/10/30,4.29
2024/10/31,4.28
2024/11/1,4.37
2024/11/2,4.37
2024/11/3,4.37
2024/11/4,4.31
2024/11/5,4.26
2024/11/6,4.42
2024/11/7,4.31
2024/11/8,4.3
2024/11/9,4.3
2024/11/10,4.3
2024/11/11,4.3
2024/11/12,4.43
2024/11/13,4.44
2024/11/14,4.43
2024/11/15,4.43
2024/11/16,4.43
2024/11/17,4.43
2024/11/18,4.42
2024/11/19,4.39
2024/11/20,4.41
2024/11/21,4.43
2024/11/22,4.41
2024/11/23,4.41
2024/11/24,4.41
2024/11/25,4.27
2024/11/26,4.3
2024/11/27,4.25
2024/11/28,4.25
2024/11/29,4.18
2024/11/30,4.18
2024/12/1,4.18
2024/12/2,4.19
2024/12/3,4.23
2024/12/4,4.19
2024/12/5,4.17
2024/12/6,4.15
2024/12/7,4.15
2024/12/8,4.15
2024/12/9,4.2
2024/12/10,4.22
2024/12/11,4.26
2024/12/12,4.32
2024/12/13,4.4
2024/12/14,4.4
2024/12/15,4.4
2024/12/16,4.39
2024/12/17,4.4
2024/12/18,4.5
2024/12/19,4.57
2024/12/20,4.52
2024/12/21,4.52
2024/12/22,4.52
2024/12/23,4.59
2024/12/24,4.59
2024/12/25,4.59
2024/12/26,4.58
2024/12/27,4.62
2024/12/28,4.62
2024/12/29,4.62
2024/12/30,4.55
2024/12/31,4.58
2025/1/1,4.58
2025/1/2,4.57
2025/1/3,4.6
2025/1/4,4.6
2025/1/5,4.6
2025/1/6,4.62
2025/1/7,4.67
2025/1/8,4.67
2025/1/9,4.68
2025/1/10,4.77
2025/1/11,4.77
2025/1/12,4.77
2025/1/13,4.79
2025/1/14,4.78
2025/1/15,4.66
2025/1/16,4.61
2025/1/17,4.61
2025/1/18,4.61
2025/1/19,4.61
2025/1/20,4.61
2025/1/21,4.57
2025/1/22,4.6
2025/1/23,4.65
2025/1/24,4.63
2025/1/25,4.63
2025/1/26,4.63
2025/1/27,4.53
2025/1/28,4.55
2025/1/29,4.55
2025/1/30,4.52
2025/1/31,4.58
2025/2/1,4.58
2025/2/2,4.58
2025/2/3,4.54
2025/2/4,4.52
2025/2/5,4.43
2025/2/6,4.45
2025/2/7,4.49
2025/2/8,4.49
2025/2/9,4.49
2025/2/10,4.51
2025/2/11,4.54
2025/2/12,4.62
2025/2/13,4.52
2025/2/14,4.47
2025/2/15,4.47
2025/2/16,4.47
2025/2/17,4.47
2025/2/18,4.55
2025/2/19,4.53
2025/2/20,4.5
2025/2/21,4.42
2025/2/22,4.42
2025/2/23,4.42
2025/2/24,4.4
2025/2/25,4.3
2025/2/26,4.25
2025/2/27,4.29
2025/2/28,4.24
2025/3/1,4.24
2025/3/2,4.24
2025/3/3,4.16
2025/3/4,4.22
2025/3/5,4.28
2025/3/6,4.29
2025/3/7,4.32
2025/3/8,4.32
2025/3/9,4.32
2025/3/10,4.22
2025/3/11,4.28
2025/3/12,4.32
2025/3/13,4.27
2025/3/14,4.31
2025/3/15,4.31
2025/3/16,4.31
2025/3/17,4.31
2025/3/18,4.29
2025/3/19,4.25
2025/3/20,4.24
2025/3/21,4.25
2025/3/22,4.25
2025/3/23,4.25
2025/3/24,4.34
2025/3/25,4.31
2025/3/26,4.35
2025/3/27,4.38
2025/3/28,4.27
2025/3/29,4.27
2025/3/30,4.27
2025/3/31,4.23
2025/4/1,4.17
2025/4/2,4.2
2025/4/3,4.06
2025/4/4,4.01
2025/4/5,4.01
2025/4/6,4.01
2025/4/7,4.15
2025/4/8,4.26
2025/4/9,4.34
2025/4/10,4.4
2025/4/11,4.48
2025/4/12,4.48
2025/4/13,4.48
2025/4/14,4.38
2025/4/15,4.35
2025/4/16,4.29
2025/4/17,4.34
2025/4/18,4.34
2025/4/19,4.34
2025/4/20,4.34
2025/4/21,4.42
2025/4/22,4.41
2025/4/23,4.4
2025/4/24,4.32
2025/4/25,4.29
2025/4/26,4.29
2025/4/27,4.29
2025/4/28,4.23
2025/4/29,4.19
2025/4/30,4.17
2025/5/1,4.25
2025/5/2,4.33
2025/5/3,4.33
2025/5/4,4.33
2025/5/5,4.36
2025/5/6,4.3
2025/5/7,4.26
2025/5/8,4.37
2025/5/9,4.37
2025/5/10,4.37
2025/5/11,4.37
2025/5/12,4.45
2025/5/13,4.49
2025/5/14,4.53
2025/5/15,4.45
2025/5/16,4.43
2025/5/17,4.43
2025/5/18,4.43
2025/5/19,4.46
2025/5/20,4.48
2025/5/21,4.58
2025/5/22,4.54
2025/5/23,4.51
2025/5/24,4.51
2025/5/25,4.51
2025/5/26,4.51
2025/5/27,4.43
2025/5/28,4.47
2025/5/29,4.43
2025/5/30,4.41
2025/5/31,4.41
2025/6/1,4.41
2025/6/2,4.46
2025/6/3,4.46
2025/6/4,4.37
2025/6/5,4.4
2025/6/6,4.51
2025/6/7,4.51
2025/6/8,4.51
2025/6/9,4.49
2025/6/10,4.47
2025/6/11,4.41
2025/6/12,4.36
2025/6/13,4.41
2025/6/14,4.41
2025/6/15,4.41
2025/6/16,4.46
2025/6/17,4.39
2025/6/18,4.38
2025/6/19,4.38
2025/6/20,4.38
2025/6/21,4.38
2025/6/22,4.38
2025/6/23,4.34
2025/6/24,4.3
2025/6/25,4.29
2025/6/26,4.26
2025/6/27,4.29
2025/6/28,4.29
2025/6/29,4.29
2025/6/30,4.24
2025/7/1,4.26
2025/7/2,4.3
2025/7/3,4.35
2025/7/4,4.35
2025/7/5,4.35
2025/7/6,4.35
2025/7/7,4.4
2025/7/8,4.42
2025/7/9,4.34
2025/7/10,4.35
2025/7/11,4.43
2025/7/12,4.43
2025/7/13,4.43
2025/7/14,4.43
2025/7/15,4.5
2025/7/16,4.46
2025/7/17,4.47
2025/7/18,4.44
2025/7/19,4.44
2025/7/20,4.44
2025/7/21,4.38
2025/7/22,4.35
2025/7/23,4.4
2025/7/24,4.43
2025/7/25,4.4
2025/7/26,4.4
2025/7/27,4.4
2025/7/28,4.42
2025/7/29,4.34
2025/7/30,4.38
2025/7/31,4.37
2025/8/1,4.23
2025/8/2,4.23
2025/8/3,4.23
2025/8/4,4.22
2025/8/5,4.22
2025/8/6,4.22
2025/8/7,4.23
2025/8/8,4.27
2025/8/9,4.27
2025/8/10,4.27
2025/8/11,4.27
2025/8/12,4.29
2025/8/13,4.24
2025/8/14,4.29
2025/8/15,4.33
2025/8/16,4.33
2025/8/17,4.33
2025/8/18,4.34
2025/8/19,4.3
2025/8/20,4.29
2025/8/21,4.33
2025/8/22,4.26
2025/8/23,4.26
2025/8/24,4.26
2025/8/25,4.28
2025/8/26,4.26
2025/8/27,4.24
2025/8/28,4.22
2025/8/29,4.23
2025/8/30,4.23
2025/8/31,4.23
2025/9/1,4.23
2025/9/2,4.28
2025/9/3,4.22
2025/9/4,4.17
2025/9/5,4.1
2025/9/6,4.1
2025/9/7,4.1
2025/9/8,4.05
2025/9/9,4.08
2025/9/10,4.04
2025/9/11,4.01
2025/9/12,4.06
2025/9/13,4.06
2025/9/14,4.06
2025/9/15,4.05
2025/9/16,4.04
2025/9/17,4.06
2025/9/18,4.11
2025/9/19,4.14
2025/9/20,4.14
2025/9/21,4.14
2025/9/22,4.15
2025/9/23,4.12
2025/9/24,4.16
2025/9/25,4.18
2025/9/26,4.2
2025/9/27,4.2
2025/9/28,4.2
2025/9/29,4.15
2025/9/30,4.16
2025/10/1,4.12
2025/10/2,4.1
2025/10/3,4.13
2025/10/4,4.13
2025/10/5,4.13
2025/10/6,4.18
2025/10/7,4.14
2025/10/8,4.13
2025/10/9,4.14
2025/10/10,4.05
2025/10/11,4.05
2025/10/12,4.05
2025/10/13,4.05
2025/10/14,4.03
2025/10/15,4.05
2025/10/16,3.99
2025/10/17,4.02
2025/10/18,4.02
2025/10/19,4.02
2025/10/20,4
2025/10/21,3.98
2025/10/22,3.97
2025/10/23,4.01
2025/10/24,4.02
2025/10/25,4.02
2025/10/26,4.02
2025/10/27,4.01
2025/10/28,3.99
2025/10/29,4.08
2025/10/30,4.11
2025/10/31,4.11
2025/11/1,4.11
2025/11/2,4.11
2025/11/3,4.13
2025/11/4,4.1
2025/11/5,4.17
2025/11/6,4.11
2025/11/7,4.11
2025/11/8,4.11
2025/11/9,4.11
2025/11/10,4.13
2025/11/11,4.13
2025/11/12,4.08
2025/11/13,4.11
2025/11/14,4.14
2025/11/15,4.14
2025/11/16,4.14
2025/11/17,4.13
2025/11/18,4.12
2025/11/19,4.13
2025/11/20,4.1
2025/11/21,4.06
2025/11/22,4.06
2025/11/23,4.06
2025/11/24,4.04
2025/11/25,4.01
2025/11/26,4
2025/11/27,4
2025/11/28,4.02
2025/11/29,4.02
2025/11/30,4.02
2025/12/1,4.09
2025/12/2,4.09
2025/12/3,4.06
2025/12/4,4.11
2025/12/5,4.14
2025/12/6,4.14
2025/12/7,4.14
2025/12/8,4.17
2025/12/9,4.18
2025/12/10,4.13
2025/12/11,4.14
2025/12/12,4.19
2025/12/13,4.19
2025/12/14,4.19
2025/12/15,4.18
2025/12/16,4.15
2025/12/17,4.16
2025/12/18,4.12
2025/12/19,4.16
2025/12/20,4.16
2025/12/21,4.16
2025/12/22,4.17
2025/12/23,4.18
2025/12/24,4.15
2025/12/25,4.15
2025/12/26,4.14
2025/12/27,4.14
2025/12/28,4.14
2025/12/29,4.12
2025/12/30,4.14
2025/12/31,4.18
